CREATE DATABASE  IF NOT EXISTS `police` /*!40100 DEFAULT CHARACTER SET utf8mb4 COLLATE utf8mb4_0900_ai_ci */ /*!80016 DEFAULT ENCRYPTION='N' */;
USE `police`;
-- MySQL dump 10.13  Distrib 8.0.27, for macos11 (x86_64)
--
-- Host: 127.0.0.1    Database: police
-- ------------------------------------------------------
-- Server version	8.0.27

/*!40101 SET @OLD_CHARACTER_SET_CLIENT=@@CHARACTER_SET_CLIENT */;
/*!40101 SET @OLD_CHARACTER_SET_RESULTS=@@CHARACTER_SET_RESULTS */;
/*!40101 SET @OLD_COLLATION_CONNECTION=@@COLLATION_CONNECTION */;
/*!50503 SET NAMES utf8 */;
/*!40103 SET @OLD_TIME_ZONE=@@TIME_ZONE */;
/*!40103 SET TIME_ZONE='+00:00' */;
/*!40014 SET @OLD_UNIQUE_CHECKS=@@UNIQUE_CHECKS, UNIQUE_CHECKS=0 */;
/*!40014 SET @OLD_FOREIGN_KEY_CHECKS=@@FOREIGN_KEY_CHECKS, FOREIGN_KEY_CHECKS=0 */;
/*!40101 SET @OLD_SQL_MODE=@@SQL_MODE, SQL_MODE='NO_AUTO_VALUE_ON_ZERO' */;
/*!40111 SET @OLD_SQL_NOTES=@@SQL_NOTES, SQL_NOTES=0 */;

--
-- Table structure for table `area`
--

DROP TABLE IF EXISTS `area`;
/*!40101 SET @saved_cs_client     = @@character_set_client */;
/*!50503 SET character_set_client = utf8mb4 */;
CREATE TABLE `area` (
  `city` varchar(50) NOT NULL,
  `populationSize` int NOT NULL,
  PRIMARY KEY (`city`),
  KEY `idx_area_city` (`city`)
) ENGINE=InnoDB DEFAULT CHARSET=utf8mb4 COLLATE=utf8mb4_0900_ai_ci;
/*!40101 SET character_set_client = @saved_cs_client */;

--
-- Dumping data for table `area`
--

LOCK TABLES `area` WRITE;
/*!40000 ALTER TABLE `area` DISABLE KEYS */;
INSERT INTO `area` VALUES ('AJAX',523466),('AURORA',961780),('BARRIE',2684446),('BRAMPTON',1213215),('BURLINGTON',1884064),('CALEDON',2000813),('KLEINBURG',1946867),('LONDON',2304249),('MARKHAM',2258301),('MILTON',881311),('MISSISSAUGA',2209585),('NEWMARKET',2575722),('NORTH YORK',832700),('OAKVILLE',1093222),('ORANGEVILLE',1635432),('OSHAWA',1439020),('PARKDALE',921647),('PICKERING',2363996),('RICHMOND HILL',2627821),('SARNIA',812416),('SCARBOROUGH',2199215),('TORONTO',1394659),('VAUGHN',658192),('WHITBY',1522507),('WINDSOR',328795);
/*!40000 ALTER TABLE `area` ENABLE KEYS */;
UNLOCK TABLES;

--
-- Table structure for table `car`
--

DROP TABLE IF EXISTS `car`;
/*!40101 SET @saved_cs_client     = @@character_set_client */;
/*!50503 SET character_set_client = utf8mb4 */;
CREATE TABLE `car` (
  `licensePlate` varchar(20) NOT NULL,
  `model` varchar(150) NOT NULL,
  `storageNo` int NOT NULL,
  PRIMARY KEY (`licensePlate`),
  UNIQUE KEY `licensePlate_UNIQUE` (`licensePlate`),
  KEY `storageNomber_idx` (`storageNo`),
  CONSTRAINT `storageNomber` FOREIGN KEY (`storageNo`) REFERENCES `car_storage` (`storageNo`)
) ENGINE=InnoDB DEFAULT CHARSET=utf8mb4 COLLATE=utf8mb4_0900_ai_ci;
/*!40101 SET character_set_client = @saved_cs_client */;

--
-- Dumping data for table `car`
--

LOCK TABLES `car` WRITE;
/*!40000 ALTER TABLE `car` DISABLE KEYS */;
INSERT INTO `car` VALUES ('19UUA66214A223479','Ford Taurus',69),('19UUA66234A701384','Ford F-150 4X4',54),('19UUA66234A803963','Chevy Silverado ',54),('19UUA66278A353921','Dodge Durango',27),('19UUA76587A779311','Dodge Charger',12),('19UUA9F29CA396778','Dodge Durango',12),('19VDE1F38DE442475','Dodge Ram 2500 ',51),('19XFA1E60BE395964','Ford Explorers',63),('19XFB4F25DE064519','Ford Taurus',45),('19XFB4F26EE637834','Ford Explorers',75),('1C3BC2EB5BN048982','Dodge Charger',69),('1C3BC5ED4AN750485','Ford Taurus',15),('1C3CDZAB8EN515722','Ford F-150 4X4',66),('1C4RDHDG0FC274064','Dodge Ram 2500 ',54),('1C4RDHDG9FC027111','Chevrolet Tahoe ',51),('1C4RDHEG7FC540713','Ford Taurus',69),('1C4RDJAG1DC171096','Ford F-150 4X4',21),('1C6RD7GP5CS707344','Ford Explorers',36),('1D4PT4GK0BW230161','Dodge Charger',54),('1D4PU6GX4BW737195','Ford F-150 4X4',42),('1D7CE2BK5AS116007','Ford Explorers',42),('1D7CE3GK3AS841720','Dodge Durango',15),('1D7CW7GPXAS319425','Dodge Ram 2500 ',30),('1D7RE2BK3BS378796','Chevy Silverado ',39),('1D7RE2GK4BS896361','Ford Taurus',45),('1FAHP2D86FG999501','Dodge Charger',33),('1FAHP2DW1AG259927','Dodge Ram 2500 ',33),('1FBNE3BL9ED524264','Ford Taurus',27),('1FMCU4K31AK925708','Ford F-150 4X4',51),('1FMEU2DE5AU305900','Dodge Charger',69),('1FMJK1G54DE896407','Chevrolet Tahoe ',21),('1FMJK1H58CE864363','Dodge Charger',12),('1FMJK1JTXFE960329','Dodge Durango',48),('1FTEW1CW7AF930144','Dodge Durango',42),('1FTEX1CM0BK080961','Ford F-150 4X4',72),('1FTEX1E80AK347644','Ford Explorers',48),('1FTMF1CW2AF941404','Ford F-150 4X4',15),('1FTNF2B51AE700717','Ford Taurus',75),('1FTSX2A52AE953899','Chevrolet Tahoe ',18),('1FTSX2B50AE844789','Ford Explorers',45),('1FTWF3A53AE215992','Dodge Charger',60),('1G4CU541354035435','Ford Explorers',12),('1G4GD5G37FF433378','Chevrolet Tahoe ',9),('1G4GE5EV0AF658817','Ford Taurus',42),('1G4GF5E37DF102455','Ford Explorers',45),('1G4GF5G30CF892581','Dodge Durango',24),('1G4HJ5EM4AU053895','Ford Explorers',60),('1G4HR54K35U083419','Ford Taurus',12),('1G4PP5SK8C4447366','Chevy Silverado ',6),('1G4PS5SK0D4637064','Ford Taurus',39),('1G6AA5RA9E0048469','Ford F-150 4X4',48),('1G6AZ5SX8E0009623','Chevy Silverado ',6),('1G6D25ED3B0830840','Chevrolet Tahoe ',51),('1G6DB8E58E0193300','Ford Taurus',21),('1G6DC8EGXA0019785','Chevy Silverado ',48),('1G6DE8EG9A0660520','Chevy Silverado ',54),('1G6DG577090564552','Ford Explorers',51),('1G6DH5E57D0021738','Chevy Silverado ',33),('1G6DK5EV9A0020975','Ford F-150 4X4',6),('1G6DL5ED0B0193645','Ford F-150 4X4',66),('1G6DL5ED2B0287316','Ford Explorers',21),('1G6DL8ED0B0504718','Ford Taurus',57),('1G6DR57V680885633','Ford F-150 4X4',72),('1G6DS1E38C0441452','Chevrolet Tahoe ',72),('1G6DU6EA3A0175003','Ford F-150 4X4',30),('1G6DV1EP7E0630901','Dodge Ram 2500 ',12),('1G6DW6ED7B0232826','Dodge Ram 2500 ',36),('1G6DW6ED8B0357978','Dodge Charger',48),('1G6KD57Y06U572700','Chevy Silverado ',69),('1G6KD57Y38U085249','Ford Explorers',51),('1G6KE54YX1U228172','Ford Explorers',42),('1G6YX36D985239543','Dodge Durango',15),('1GD02ZCGXCF459945','Ford Explorers',30),('1GD11XEG7FF101425','Dodge Durango',3),('1GD21ZCG0CZ171636','Dodge Durango',27),('1GD312CG6CF736131','Dodge Ram 2500 ',30),('1GKS1EEF4BR566102','Chevy Silverado ',30),('1GKS1FEJXCR112190','Ford F-150 4X4',45),('1GKS1HE00BR496045','Dodge Charger',36),('1GKS1KE08DR217683','Ford Taurus',66),('1GKUCEEF5AR650978','Ford Explorers',24),('1GYFC53239R022945','Ford F-150 4X4',69),('1GYFC53249R121760','Ford F-150 4X4',45),('1GYFC66888R363259','Dodge Charger',30),('1GYFK23219R668356','Ford Explorers',15),('1GYS3BEF2CR660219','Dodge Charger',51),('1GYS3CEF2ER997966','Dodge Charger',18),('1GYS3DEF1CR107055','Chevrolet Tahoe ',51),('1GYS3FEJ7CR985864','Ford F-150 4X4',69),('1GYS4BEF0DR591674','Chevy Silverado ',6),('1GYS4CEF2CR145305','Ford Explorers',69),('1GYS4CEFXER222795','Ford F-150 4X4',72),('1GYS4CKJ9FR536805','Dodge Ram 2500 ',36),('1HGCP2E70CA271375','Dodge Ram 2500 ',60),('1HGCP2F34AA008492','Dodge Ram 2500 ',30),('1HGCR2E3XDA646617','Dodge Durango',9),('1HGCR2E74DA838182','Dodge Charger',33),('1J4NF1GB9BD770124','Chevy Silverado ',3),('1N4AA5AP6CC046547','Ford Explorers',57),('1N4AB7AP7EN351409','Dodge Ram 2500 ',51),('1N4AL2AP2AC754848','Dodge Charger',72),('1N4AL2APXCN936983','Ford F-150 4X4',9),('1N6AA0CA7CN480886','Dodge Ram 2500 ',12),('1N6AA0CC3CN825445','Ford F-150 4X4',39),('1N6AA0EC7EN863552','Chevrolet Tahoe ',24),('1N6AA0ED9FN826366','Dodge Durango',36),('1N6AA0EDXFN444315','Chevrolet Tahoe ',15),('1N6AD0CU3DN917172','Ford Taurus',18),('1N6AF0KX5EN251133','Dodge Durango',57),('1N6AF0KY1FN704321','Chevrolet Tahoe ',12),('1NXBE4EE9AZ600673','Dodge Durango',24),('1VWAH7A35DC243027','Dodge Charger',42),('1YVHZ8BH1A5418625','Dodge Ram 2500 ',54),('1YVHZ8BH9A5257683','Ford Explorers',72),('1ZVBP8AM8B5397030','Dodge Charger',3),('1ZVBP8AN6A5344690','Dodge Ram 2500 ',72),('2B3CJ7DJXBH068117','Dodge Ram 2500 ',30),('2B3CK5CT5AH538377','Ford Explorers',36),('2C3CCAAG7FH600903','Ford F-150 4X4',51),('2C3CCABG4FH354858','Ford Taurus',69),('2C3CCABG6CH033707','Chevrolet Tahoe ',69),('2C3CCAJT6CH420045','Dodge Charger',27),('2C3CCASGXFH917475','Dodge Durango',36),('2C3CDXCTXCH570608','Ford Explorers',60),('2D4RN5D16AR789919','Chevrolet Tahoe ',27),('2FMDK3AC9AB691351','Chevrolet Tahoe ',48),('2HNYB1H40CH237804','Dodge Ram 2500 ',48),('2HNYD28397H403931','Dodge Ram 2500 ',30),('2HNYD2H6XDH463822','Dodge Charger',24),('2T1BPRHE0FC844370','Dodge Ram 2500 ',39),('2T1BU4EE4CC170588','Ford F-150 4X4',75),('2T1BU4EE8BC960541','Chevy Silverado ',57),('2T1BURHE6FC645008','Dodge Charger',21),('2T2BK1BA3BC905156','Dodge Durango',12),('3C3CFFBR4DT692450','Dodge Charger',39),('3C3CFFFH6ET523291','Ford F-150 4X4',63),('3C63DRGL0CG490873','Dodge Charger',18),('3C63DRJL8CG981149','Chevy Silverado ',57),('3D4PG1FG4BT310200','Chevrolet Tahoe ',18),('3D4PH3FG0BT371424','Ford Explorers',63),('3D4PH3FG4BT654487','Ford Taurus',6),('3D73M3CL9AG000283','Ford Taurus',6),('3D73Y4HL1BG682063','Ford Explorers',18),('3D7JV1EP2AG955922','Dodge Durango',66),('3D7TT2CT8BG000449','Chevrolet Tahoe ',27),('3G5DA03E54S831859','Ford Explorers',57),('3GYFNAE35FS582614','Chevrolet Tahoe ',36),('3GYFNBEY4BS988220','Dodge Charger',39),('3GYFNDE31DS373983','Ford Taurus',6),('3GYFNFE3XCS547284','Dodge Ram 2500 ',69),('3GYFNGE31FS080363','Ford Taurus',60),('3GYFNJE45AS963512','Ford Taurus',21),('3N1AB6AP1CL749462','Chevy Silverado ',48),('3N1AB6AP7CL297324','Chevrolet Tahoe ',57),('3N1AB7AP5FL019578','Ford Taurus',30),('3N1BC1AP8AL460676','Ford Explorers',63),('3N1BC1AP9AL792237','Chevrolet Tahoe ',15),('3N1CE2CP1FL851774','Dodge Charger',12),('3N1CE2CPXFL729446','Ford F-150 4X4',57),('3N1CN7AP8EK558345','Chevrolet Tahoe ',69),('3N6CM0KN5DK856738','Dodge Durango',69),('3VW1K7AJ5CM966115','Ford Taurus',9),('3VW467AT3DM722483','Dodge Durango',33),('3VW4A7AT1DM745324','Dodge Ram 2500 ',63),('3VW4A7ATXCM254801','Ford F-150 4X4',69),('3VWF17AT7FM586885','Ford Explorers',21),('3VWKX7AJXBM610425','Dodge Durango',57),('3VWPG3AG7AM834883','Ford Taurus',36),('4T1BD1EB3FU490492','Ford Taurus',57),('4T1BD1FK8FU819038','Dodge Ram 2500 ',42),('4T1BF3EKXBU106692','Ford Taurus',60),('4T1BK3DB5BU930080','Ford Taurus',36),('4T3BA3BB0FU217297','Chevrolet Tahoe ',9),('5BZAF0AA1FN210337','Ford Taurus',39),('5FPYK1F57EB131786','Chevy Silverado ',57),('5FRYD4H29GB225127','Dodge Ram 2500 ',66),('5GAER13768J399594','Chevrolet Tahoe ',9),('5GAKRCED1BJ891751','Dodge Ram 2500 ',69),('5GAKRCKD8FJ226663','Dodge Ram 2500 ',60),('5GAKVBKD5EJ838789','Dodge Ram 2500 ',30),('5GALVBED4AJ529664','Ford Taurus',72),('5GALVBED7AJ247275','Chevy Silverado ',63),('5J6TF1H39FL137844','Dodge Charger',57),('5J6TF1H50DL930089','Dodge Durango',72),('5J8TB4H57FL739082','Chevrolet Tahoe ',60),('5N1AL0MM1FC289448','Ford Explorers',33),('5N1AN0NW7DN071428','Dodge Ram 2500 ',36),('5N1AN0NW9FN578169','Ford Taurus',39),('5N1AT2ML6EC044274','Ford Taurus',30),('5N1BA0ND7FN241921','Chevy Silverado ',24),('5N1BA0NEXFN124648','Dodge Durango',6),('5NPDH4AE0DH437775','Dodge Ram 2500 ',15),('5NPE24AF6FH878859','Dodge Charger',63),('5TDBK3EH5BS878378','Dodge Ram 2500 ',33),('5TDBKRFH7ES790258','Ford Explorers',6),('5TDBM5G15BS449702','Chevy Silverado ',54),('5TDDCRFH9FS830332','Dodge Charger',24),('5TFAW5F11FX521017','Dodge Durango',36),('5TFCW5F17BX273469','Ford Explorers',54),('5UMBT93548L560587','Ford Taurus',3),('5UXFG83509L969190','Ford Explorers',72),('5UXKR2C53E0230980','Ford F-150 4X4',3),('5UXZV4C59DL368462','Dodge Durango',30),('5XXGM4A70CG454810','Dodge Charger',12),('5YMGY0C55BL431862','Dodge Charger',24),('JA32U2FU5DU457807','Ford Taurus',42),('JH4CL95904C910427','Ford Explorers',33),('JH4CL95937C743226','Chevrolet Tahoe ',66),('JH4KC1F57FC739039','Dodge Durango',48),('JHMFA3F20AS097934','Chevy Silverado ',36),('JHMZE2H7XES660742','Chevrolet Tahoe ',45),('JHMZF1D4XFS690800','Chevy Silverado ',51),('JM1DE1KY4D0238855','Dodge Ram 2500 ',63),('JM3ER2W39A0056472','Chevy Silverado ',60),('JM3KE2BE9F0256216','Chevy Silverado ',60),('JN1AY1AP0DM453096','Dodge Durango',36),('JN1AZ4EH4FM319549','Chevy Silverado ',63),('JN8AS1MU4CM544987','Chevy Silverado ',15),('JN8AZ1MU4DW206622','Dodge Charger',33),('JN8AZ1MU6CW995984','Dodge Charger',27),('JN8AZ2KR7AT099535','Ford Taurus',9),('JN8AZ2KR7CT519961','Ford F-150 4X4',21),('JN8CS1MW0FM007418','Dodge Ram 2500 ',54),('JTDKDTB3XF1416887','Chevrolet Tahoe ',12),('JTDZN3EU4FJ447911','Ford Explorers',6),('JTEBU5JR1F5466910','Dodge Ram 2500 ',15),('JTEBU5JR9D5417841','Dodge Ram 2500 ',9),('JTHBE5C24A5259839','Chevy Silverado ',42),('JTHBK1EG3B2941608','Ford Taurus',66),('JTHBW1GG1F2941176','Ford Taurus',18),('JTMHY7AJ5F4838120','Dodge Durango',24),('KL4CJCSB3EB127938','Dodge Durango',45),('KM8JT3AF2FU040612','Dodge Durango',15),('KMHCT4AE8CU140439','Chevrolet Tahoe ',6),('KMHDB8AE2AU509307','Dodge Charger',51),('KMHFH4JG8FA669427','Ford Explorers',51),('KMHHT6KD0CU513271','Dodge Durango',18),('KMHHU6KJ4FU684113','Dodge Charger',18),('KMHHU6KJ9FU293717','Ford Explorers',48),('KNADH4A31B6472683','Ford Taurus',27),('KNAFK4A62E5730661','Dodge Ram 2500 ',57),('KNAGM4A75B5437162','Dodge Durango',33),('KNAGM4A76B5264140','Dodge Durango',15),('KNDJT2A52D7415190','Dodge Durango',54),('ML32A3HJ7FH590036','Dodge Durango',27),('ML32A3HJ8EH269038','Chevrolet Tahoe ',18),('NM0AE8F70E1252533','Ford Explorers',33),('SAJWA2GT8EM237663','Ford Explorers',3),('SAJWA4DC9CM531859','Chevrolet Tahoe ',9),('SAJWA4EC7BM231461','Ford Taurus',72),('SAJWA8JH1EM987493','Dodge Ram 2500 ',63),('SALAC2D46AA017801','Chevrolet Tahoe ',54),('SALAG2V69FA016475','Ford Explorers',6),('SALAK2V67FA782669','Dodge Durango',72),('SALFP2BNXBH083198','Dodge Charger',72),('SALFP2BNXBH834185','Ford F-150 4X4',60),('SALGS2DF1DA373737','Chevrolet Tahoe ',66),('SALVN2BG3DH748061','Ford Taurus',42),('SCBCP73W48C841902','Ford Explorers',57),('SCBCU7ZA5AC930243','Chevrolet Tahoe ',27),('SCBDC47L29C497101','Dodge Ram 2500 ',63),('SCBDC47L97C989637','Dodge Ram 2500 ',51),('SCBET9ZA2FC278678','Ford Explorers',6),('SCBLF34F84C626690','Ford F-150 4X4',36),('SCFAB01A97G267114','Dodge Ram 2500 ',18),('SCFBB04B78G508744','Ford F-150 4X4',60),('SCFEBBAK9EG628957','Ford Explorers',75),('SCFEBBBK0DG304146','Dodge Ram 2500 ',48),('SCFEBBCF5BG547546','Dodge Ram 2500 ',75),('SCFFDEDN7CG146569','Ford Explorers',45),('WA1AY74L38D056006','Chevrolet Tahoe ',27),('WA1CGAFE7BD540548','Dodge Durango',15),('WA1CKBFP9AA764491','Ford F-150 4X4',15),('WA1DGAFP1EA202171','Ford Explorers',21),('WA1LMAFE5FD546542','Dodge Durango',15),('WA1TFAFL4EA368065','Ford F-150 4X4',24),('WA1VMAFPXFA639763','Ford F-150 4X4',60),('WA1WMBFE8BD862983','Chevy Silverado ',60),('WA1WMBFE9CD935540','Dodge Durango',39),('WAU3MAFD5FN234757','Ford Taurus',45),('WAU4GBFB7BN425459','Dodge Charger',9),('WAUAC48H43K375232','Chevrolet Tahoe ',66),('WAUAF48H08K993128','Dodge Ram 2500 ',66),('WAUAFAFL0EN263798','Ford Explorers',15),('WAUAFAFL8EA795811','Ford Taurus',42),('WAUAG78EX6A607144','Dodge Durango',21),('WAUAVAFA1AN435560','Dodge Ram 2500 ',21),('WAUBFAFL3DN081807','Chevy Silverado ',75),('WAUBG78E36A834745','Ford F-150 4X4',57),('WAUBGAFC1CN705728','Dodge Charger',48),('WAUBNBFB2BN301452','Dodge Durango',75),('WAUBVAFB4BN257898','Ford Explorers',72),('WAUCFAFR3BA366908','Ford Taurus',66),('WAUDFAFC9EN021248','Dodge Ram 2500 ',12),('WAUDGAFL0CA322749','Chevy Silverado ',75),('WAUDH48H39K314929','Chevrolet Tahoe ',39),('WAUDH48H39K575218','Chevrolet Tahoe ',51),('WAUEF98E68A756959','Dodge Durango',27),('WAUEFAFL9EN336961','Ford Explorers',63),('WAUEH48H47K301768','Chevy Silverado ',66),('WAUEH74F96N827834','Dodge Charger',54),('WAUEH74FX8N398903','Chevrolet Tahoe ',15),('WAUGFAFR8BA886247','Chevrolet Tahoe ',33),('WAUGFBFC4EN317846','Chevy Silverado ',33),('WAUGVAFR2BA979333','Chevy Silverado ',39),('WAUHF98P38A078704','Dodge Charger',24),('WAUHFAFL1AA965452','Chevrolet Tahoe ',27),('WAUJC68E35A892094','Dodge Ram 2500 ',9),('WAUJC68E54A111929','Dodge Durango',42),('WAUJT54BX3N592404','Dodge Durango',72),('WAUJT68E25A592417','Chevrolet Tahoe ',27),('WAUJT68E75A784044','Chevy Silverado ',33),('WAUKF98E46A922444','Dodge Durango',45),('WAUKFBFL2EN281679','Dodge Durango',63),('WAUKH78E66A457079','Chevy Silverado ',63),('WAULC58E04A170969','Chevrolet Tahoe ',15),('WAULC68E84A860569','Dodge Durango',60),('WAULF78K69N689436','Dodge Durango',21),('WAULFAFH0DN020785','Ford F-150 4X4',12),('WAULFAFH0DN172033','Dodge Ram 2500 ',48),('WAULT54B62N484756','Ford F-150 4X4',12),('WAULV44E57N741315','Ford F-150 4X4',54),('WAUMFAFR9FA908815','Dodge Ram 2500 ',9),('WAUMGBFL8CA730762','Ford Explorers',39),('WAUUL58E75A590850','Dodge Durango',18),('WAUUL68E05A386719','Dodge Charger',21),('WAUVC58E05A716499','Ford Explorers',24),('WAUVVAFR4AA111517','Ford F-150 4X4',21),('WAUWKAFR8AA657458','Chevrolet Tahoe ',39),('WBA1M1C51FV286214','Chevy Silverado ',42),('WBA3B9C55EJ873907','Dodge Charger',42),('WBA3B9C55FJ939065','Chevy Silverado ',45),('WBA3C3C57FK612722','Chevrolet Tahoe ',66),('WBA3D5C50EK977251','Ford F-150 4X4',69),('WBA3D5C54FK893886','Ford Taurus',18),('WBA3N9C54EK224925','Ford Explorers',66),('WBA3R5C58FF849576','Dodge Durango',72),('WBA5A7C52FG366199','Chevy Silverado ',30),('WBA5M4C52ED731549','Dodge Durango',24),('WBA8Z5C50FG006973','Dodge Charger',33),('WBAAV53401F544706','Chevy Silverado ',66),('WBABS53402E261629','Dodge Ram 2500 ',6),('WBABS534X1J001650','Ford Taurus',24),('WBACN53441L096433','Ford Explorers',18),('WBADN63482G365912','Ford F-150 4X4',6),('WBADT43413G299263','Ford F-150 4X4',45),('WBADW3C5XBE450072','Dodge Durango',42),('WBAEV334X4K308114','Ford Taurus',30),('WBAFZ9C5XDC579088','Ford Taurus',60),('WBAGN83545D664031','Dodge Durango',30),('WBAKA4C50CC009902','Ford F-150 4X4',51),('WBAKB0C50CC171194','Chevrolet Tahoe ',42),('WBAKB83519C447907','Dodge Charger',9),('WBAKG7C54DJ088651','Ford F-150 4X4',21),('WBALW7C5XCD436781','Chevy Silverado ',27),('WBALX5C57CC227800','Ford F-150 4X4',48),('WBANN73537C837855','Dodge Ram 2500 ',39),('WBANU53508C477761','Dodge Durango',42),('WBANU5C59AC149616','Dodge Durango',24),('WBAPH575X9N311647','Chevy Silverado ',48),('WBAPL33589A046520','Chevrolet Tahoe ',60),('WBAUN1C52AV511016','Chevrolet Tahoe ',57),('WBAUT93579A643857','Dodge Ram 2500 ',39),('WBAVB73557K106777','Dodge Charger',9),('WBAVL1C5XDV083680','Chevrolet Tahoe ',54),('WBAVT13566A787210','Dodge Charger',54),('WBAWL13587P303010','Dodge Durango',33),('WBAWL73528P544243','Ford F-150 4X4',6),('WBAYB6C50ED951237','Dodge Durango',33),('WBAYE4C53DD364718','Ford F-150 4X4',72),('WBAYP1C54ED276870','Ford Explorers',75),('WBS3R9C56FK297621','Chevrolet Tahoe ',63),('WBSDX9C55DE162605','Dodge Charger',27),('WBSPM9C54BE965201','Chevy Silverado ',72),('WDCYC3HF0EX206450','Ford F-150 4X4',63),('WDCYC3HF2EX784257','Chevrolet Tahoe ',48),('WDDGF4HB0DA705400','Ford F-150 4X4',3),('WDDGF4HB6CR404744','Chevrolet Tahoe ',24),('WDDHF0EB6EB936914','Ford Taurus',33),('WDDLJ7DB6CA315338','Dodge Charger',42),('WP0AB2A86CS539505','Ford Taurus',33),('WP0AB2A98FS663336','Ford Taurus',21),('WP0CB2A8XFK559205','Dodge Durango',33),('WP1AE2A25FL491282','Chevy Silverado ',45),('WUADU78E88N945648','Ford Taurus',6),('WUARL48H59K043785','Chevy Silverado ',24),('WVWAP7AN3EE188879','Dodge Ram 2500 ',75),('WVWAP7AN9DE965029','Chevy Silverado ',18),('WVWGU7AN4CE207133','Ford F-150 4X4',54),('YV126MFK5F2061391','Chevy Silverado ',36),('YV1672MK4A2729874','Chevy Silverado ',69),('YV1672MK7C2948444','Chevy Silverado ',9),('YV1902MM7F1577265','Dodge Charger',51),('YV1952AS2D1454717','Dodge Charger',36),('YV4902BZ5B1392935','Chevy Silverado ',63),('YV4902BZ6B1128087','Ford Explorers',48),('YV4940BL5D1506231','Ford Taurus',66),('YV4952CT4E1625929','Dodge Charger',30),('YV4952CY1E1899763','Ford F-150 4X4',9),('ZHWGU5AU6CL165739','Ford F-150 4X4',45);
/*!40000 ALTER TABLE `car` ENABLE KEYS */;
UNLOCK TABLES;

--
-- Table structure for table `car_storage`
--

DROP TABLE IF EXISTS `car_storage`;
/*!40101 SET @saved_cs_client     = @@character_set_client */;
/*!50503 SET character_set_client = utf8mb4 */;
CREATE TABLE `car_storage` (
  `storageNo` int NOT NULL,
  `carsInStation` int DEFAULT NULL,
  PRIMARY KEY (`storageNo`),
  KEY `storageNumb_idx` (`storageNo`),
  CONSTRAINT `storageNumb` FOREIGN KEY (`storageNo`) REFERENCES `storage` (`storageNo`)
) ENGINE=InnoDB DEFAULT CHARSET=utf8mb4 COLLATE=utf8mb4_0900_ai_ci;
/*!40101 SET character_set_client = @saved_cs_client */;

--
-- Dumping data for table `car_storage`
--

LOCK TABLES `car_storage` WRITE;
/*!40000 ALTER TABLE `car_storage` DISABLE KEYS */;
INSERT INTO `car_storage` VALUES (3,17),(6,14),(9,13),(12,14),(15,17),(18,13),(21,16),(24,20),(27,16),(30,12),(33,19),(36,12),(39,20),(42,17),(45,18),(48,16),(51,18),(54,12),(57,12),(60,14),(63,15),(66,13),(69,20),(72,16),(75,17);
/*!40000 ALTER TABLE `car_storage` ENABLE KEYS */;
UNLOCK TABLES;

--
-- Table structure for table `consequence`
--

DROP TABLE IF EXISTS `consequence`;
/*!40101 SET @saved_cs_client     = @@character_set_client */;
/*!50503 SET character_set_client = utf8mb4 */;
CREATE TABLE `consequence` (
  `caseID` int NOT NULL,
  `crimeTypeName` varchar(100) NOT NULL,
  `jailTime` varchar(20) DEFAULT NULL,
  `fine` int DEFAULT NULL,
  `parole` varchar(20) DEFAULT NULL,
  PRIMARY KEY (`caseID`,`crimeTypeName`),
  UNIQUE KEY `caseID_UNIQUE` (`caseID`),
  KEY `idx_consequence_caseID` (`caseID`),
  KEY `idx_consequence_crimeTypeName` (`crimeTypeName`),
  CONSTRAINT `conCaseID` FOREIGN KEY (`caseID`) REFERENCES `report` (`caseID`),
  CONSTRAINT `crimeName` FOREIGN KEY (`crimeTypeName`) REFERENCES `crime_type` (`crimeTypeName`)
) ENGINE=InnoDB DEFAULT CHARSET=utf8mb4 COLLATE=utf8mb4_0900_ai_ci;
/*!40101 SET character_set_client = @saved_cs_client */;

--
-- Dumping data for table `consequence`
--

LOCK TABLES `consequence` WRITE;
/*!40000 ALTER TABLE `consequence` DISABLE KEYS */;
INSERT INTO `consequence` VALUES (20408,'ROBBERY','3',10000,'185'),(20416,'KIDNAPPING','55',20000,'200'),(20440,'ARSON','3',20000,'24'),(20548,'KIDNAPPING','50',100000,'360'),(20599,'MURDER','CONSECUTIVE LIFE',10000000,'NO PAROLE'),(20665,'DUI\'s','30',100000,'36'),(20765,'DUI\'s','3',100000,'360'),(20813,'ASSAULT','3',20000,'360'),(20878,'MURDER','LIFE',5000000,'NO PAROLE'),(20963,'KIDNAPPING','30',100000,'240'),(21038,'MURDER','LIFE',5000000,'NO PAROLE'),(21098,'VANDALISM','55',100000,'200'),(21156,'MURDER','LIFE',5000000,'NO PAROLE'),(21170,'ROBBERY','3',40000,'36'),(21216,'MURDER','LIFE',5000000,'NO PAROLE'),(21326,'MURDER','LIFE',5000000,'NO PAROLE'),(21357,'TRAFFICKING','30',500000,'200'),(21381,'RAPE','55',10000,'360'),(21475,'DUI\'s','0',20000,'0'),(21538,'VANDALISM','30',20000,'24'),(21557,'DUI\'s','15',10000,'200'),(21575,'MURDER','CONSECUTIVE LIFE',5000000,'NO PAROLE'),(21681,'ASSAULT','30',20000,'36'),(21719,'ASSAULT','0',100000,'0'),(22007,'MURDER','LIFE',10000000,'NO PAROLE'),(22101,'KIDNAPPING','0',1000000,'0'),(22135,'MURDER','LIFE',5000000,'NO PAROLE'),(22262,'MURDER','CONSECUTIVE LIFE',5000000,'NO PAROLE'),(22548,'RAPE','5',10000,'240'),(22685,'ROBBERY','5',100000,'360'),(22745,'TRAFFICKING','60',10000,'36'),(22829,'MURDER','CONSECUTIVE LIFE',10000000,'NO PAROLE'),(23023,'TRAFFICKING','3',2000000,'120'),(23169,'MURDER','LIFE',5000000,'NO PAROLE'),(23294,'MURDER','CONSECUTIVE LIFE',10000000,'NO PAROLE'),(23408,'VANDALISM','45',40000,'0'),(23583,'VANDALISM','9',20000,'120'),(23660,'MURDER','CONSECUTIVE LIFE',5000000,'NO PAROLE'),(23718,'VANDALISM','0',100000,'0'),(23820,'ARSON','45',40000,'72'),(23824,'MURDER','LIFE',10000000,'NO PAROLE'),(23917,'MURDER','LIFE',5000000,'NO PAROLE'),(23982,'MURDER','CONSECUTIVE LIFE',10000000,'NO PAROLE'),(24120,'MURDER','LIFE',5000000,'NO PAROLE'),(24163,'KIDNAPPING','3',40000,'24'),(24208,'MURDER','CONSECUTIVE LIFE',5000000,'NO PAROLE'),(24275,'ASSAULT','50',20000,'240'),(24426,'MURDER','CONSECUTIVE LIFE',5000000,'NO PAROLE'),(24607,'ARSON','5',40000,'34'),(24795,'ARSON','55',100000,'240'),(24841,'DRUG DEALING','30',10000,'24'),(24907,'MURDER','CONSECUTIVE LIFE',5000000,'NO PAROLE'),(24959,'MURDER','LIFE',5000000,'NO PAROLE'),(24997,'MURDER','LIFE',5000000,'NO PAROLE'),(25044,'MURDER','CONSECUTIVE LIFE',10000000,'NO PAROLE'),(25055,'DUI\'s','3',40000,'36'),(25169,'ARSON','60',20000,'120'),(25379,'ASSAULT','60',500000,'0'),(25388,'TRAFFICKING','5',10000,'360'),(25427,'MURDER','CONSECUTIVE LIFE',10000000,'NO PAROLE'),(25540,'MURDER','LIFE',10000000,'NO PAROLE'),(25712,'ROBBERY','45',500000,'185'),(26031,'MURDER','CONSECUTIVE LIFE',5000000,'NO PAROLE'),(26116,'TRAFFICKING','55',20000,'120'),(26324,'ARSON','50',10000,'200'),(26390,'KIDNAPPING','3',500000,'72'),(26428,'MURDER','LIFE',5000000,'NO PAROLE'),(26495,'DRUG DEALING','0',20000,'185'),(26648,'DRUG DEALING','45',3500000,'24'),(27160,'VANDALISM','5',100000,'360'),(27317,'KIDNAPPING','45',10000,'150'),(27376,'MURDER','CONSECUTIVE LIFE',5000000,'NO PAROLE'),(27399,'ROBBERY','15',40000,'360'),(27474,'MURDER','LIFE',5000000,'NO PAROLE'),(27543,'KIDNAPPING','3',100000,'185'),(27544,'DRUG DEALING','3',2000000,'200'),(27781,'MURDER','CONSECUTIVE LIFE',10000000,'NO PAROLE'),(27975,'ARSON','3',500000,'56'),(28003,'MURDER','LIFE',5000000,'NO PAROLE'),(28004,'MURDER','LIFE',10000000,'NO PAROLE'),(28028,'DRUG DEALING','5',20000,'185'),(28030,'MURDER','CONSECUTIVE LIFE',10000000,'NO PAROLE'),(28196,'MURDER','CONSECUTIVE LIFE',10000000,'NO PAROLE'),(28205,'MURDER','LIFE',5000000,'NO PAROLE'),(28245,'MURDER','LIFE',10000000,'NO PAROLE'),(28288,'RAPE','15',40000,'200'),(28427,'ASSAULT','3',40000,'72'),(28615,'KIDNAPPING','3',100000,'200'),(28659,'MURDER','LIFE',10000000,'NO PAROLE'),(28743,'VANDALISM','3',40000,'72'),(28798,'VANDALISM','0',20000,'0'),(28949,'MURDER','LIFE',10000000,'NO PAROLE'),(29013,'ROBBERY','30',20000,'240'),(29145,'MURDER','LIFE',5000000,'NO PAROLE'),(29173,'ASSAULT','0',40000,'0'),(29312,'ASSAULT','3',100000,'360'),(29349,'KIDNAPPING','60',40000,'36'),(29479,'MURDER','CONSECUTIVE LIFE',5000000,'NO PAROLE'),(29562,'ROBBERY','60',20000,'240'),(29804,'MURDER','LIFE',5000000,'NO PAROLE'),(29851,'ROBBERY','30',10000,'24'),(29939,'RAPE','55',100000,'36'),(29992,'MURDER','CONSECUTIVE LIFE',5000000,'NO PAROLE'),(30324,'MURDER','LIFE',10000000,'NO PAROLE'),(30492,'MURDER','LIFE',5000000,'NO PAROLE'),(30551,'VANDALISM','15',40000,'120'),(30804,'DUI\'s','3',40000,'360'),(30856,'VANDALISM','3',100000,'200'),(31167,'VANDALISM','9',20000,'185'),(31381,'ARSON','60',40000,'360'),(31477,'MURDER','LIFE',5000000,'NO PAROLE'),(31480,'MURDER','LIFE',5000000,'NO PAROLE'),(31575,'KIDNAPPING','9',3500000,'185'),(31601,'TRAFFICKING','3',40000,'360'),(31649,'MURDER','CONSECUTIVE LIFE',10000000,'NO PAROLE'),(31654,'ROBBERY','60',20000,'120'),(31672,'MURDER','LIFE',5000000,'NO PAROLE'),(31673,'MURDER','CONSECUTIVE LIFE',10000000,'NO PAROLE'),(31724,'MURDER','LIFE',5000000,'NO PAROLE'),(31873,'DUI\'s','45',20000,'24'),(32028,'MURDER','LIFE',10000000,'NO PAROLE'),(32112,'ASSAULT','50',10000,'360'),(32181,'KIDNAPPING','15',20000,'240'),(32301,'DUI\'s','9',100000,'72'),(32851,'DRUG DEALING','0',10000,'0'),(32879,'MURDER','LIFE',10000000,'NO PAROLE'),(32917,'MURDER','LIFE',10000000,'NO PAROLE'),(32975,'MURDER','CONSECUTIVE LIFE',10000000,'NO PAROLE'),(32982,'MURDER','LIFE',5000000,'NO PAROLE'),(33098,'KIDNAPPING','0',10000,'0'),(33316,'TRAFFICKING','15',10000,'360'),(33470,'MURDER','CONSECUTIVE LIFE',10000000,'NO PAROLE'),(33651,'RAPE','3',40000,'185'),(33683,'VANDALISM','3',20000,'24'),(33974,'MURDER','LIFE',10000000,'NO PAROLE'),(34093,'VANDALISM','60',10000,'200'),(34281,'ASSAULT','3',100000,'200'),(34525,'DUI\'s','9',20000,'185'),(34692,'MURDER','LIFE',5000000,'NO PAROLE'),(34714,'TRAFFICKING','3',10000,'120'),(34739,'KIDNAPPING','3',40000,'72'),(34860,'TRAFFICKING','50',20000,'200'),(34949,'KIDNAPPING','0',100000,'0'),(35051,'ASSAULT','45',100000,'360'),(35114,'TRAFFICKING','15',100000,'12'),(35170,'VANDALISM','45',10000,'72'),(35229,'RAPE','0',100000,'0'),(35321,'MURDER','LIFE',5000000,'NO PAROLE'),(35355,'MURDER','LIFE',5000000,'NO PAROLE'),(35381,'ASSAULT','45',10000,'200'),(35403,'MURDER','CONSECUTIVE LIFE',10000000,'NO PAROLE'),(35410,'MURDER','LIFE',10000000,'NO PAROLE'),(35460,'DRUG DEALING','55',1000000,'360'),(35766,'ASSAULT','5',40000,'200'),(35780,'MURDER','LIFE',5000000,'NO PAROLE'),(35967,'KIDNAPPING','45',10000,'200'),(36198,'ARSON','15',10000,'185'),(36500,'ROBBERY','15',100000,'36'),(36514,'KIDNAPPING','3',20000,'185'),(36601,'MURDER','LIFE',5000000,'NO PAROLE'),(36763,'DUI\'s','30',40000,'36'),(36887,'MURDER','LIFE',5000000,'NO PAROLE'),(36906,'TRAFFICKING','15',10000,'72'),(37045,'ARSON','3',100000,'185'),(37126,'TRAFFICKING','0',20000,'0'),(37134,'TRAFFICKING','0',20000,'0'),(37268,'KIDNAPPING','5',500000,'360'),(37487,'MURDER','CONSECUTIVE LIFE',5000000,'NO PAROLE'),(37502,'MURDER','LIFE',10000000,'NO PAROLE'),(37557,'RAPE','3',10000,'200'),(37563,'DUI\'s','9',40000,'72'),(37602,'MURDER','CONSECUTIVE LIFE',10000000,'NO PAROLE'),(37629,'MURDER','CONSECUTIVE LIFE',10000000,'NO PAROLE'),(37788,'MURDER','LIFE',5000000,'NO PAROLE'),(37820,'ROBBERY','3',20000,'185'),(37989,'KIDNAPPING','3',10000,'36'),(38067,'ASSAULT','55',40000,'120'),(38128,'RAPE','3',500000,'120'),(38258,'MURDER','CONSECUTIVE LIFE',10000000,'NO PAROLE'),(38324,'MURDER','CONSECUTIVE LIFE',5000000,'NO PAROLE'),(38637,'MURDER','CONSECUTIVE LIFE',5000000,'NO PAROLE'),(38698,'RAPE','5',20000,'185'),(38723,'DUI\'s','30',100000,'36'),(39002,'MURDER','CONSECUTIVE LIFE',5000000,'NO PAROLE'),(39218,'MURDER','LIFE',10000000,'NO PAROLE'),(39272,'MURDER','CONSECUTIVE LIFE',5000000,'NO PAROLE'),(39433,'KIDNAPPING','3',40000,'360'),(39592,'MURDER','CONSECUTIVE LIFE',10000000,'NO PAROLE'),(39718,'MURDER','CONSECUTIVE LIFE',5000000,'NO PAROLE'),(39807,'MURDER','CONSECUTIVE LIFE',5000000,'NO PAROLE'),(39847,'DUI\'s','15',10000,'200'),(39875,'ARSON','45',20000,'72'),(40322,'DUI\'s','15',20000,'240'),(40347,'TRAFFICKING','5',40000,'24'),(40476,'MURDER','CONSECUTIVE LIFE',10000000,'NO PAROLE'),(40477,'ARSON','0',20000,'0'),(40482,'ARSON','3',500000,'360'),(40815,'ASSAULT','30',10000,'360'),(40918,'KIDNAPPING','45',10000,'360'),(41039,'RAPE','5',100000,'360'),(41052,'TRAFFICKING','0',40000,'0'),(41220,'KIDNAPPING','45',40000,'200'),(41291,'MURDER','CONSECUTIVE LIFE',5000000,'NO PAROLE'),(41512,'TRAFFICKING','3',500000,'240'),(41614,'ARSON','9',500000,'72'),(41666,'MURDER','CONSECUTIVE LIFE',10000000,'NO PAROLE'),(41686,'MURDER','CONSECUTIVE LIFE',10000000,'NO PAROLE'),(42594,'MURDER','CONSECUTIVE LIFE',5000000,'NO PAROLE'),(42651,'MURDER','CONSECUTIVE LIFE',5000000,'NO PAROLE'),(42793,'VANDALISM','0',2000000,'0'),(42810,'ASSAULT','55',40000,'200'),(42925,'MURDER','LIFE',5000000,'NO PAROLE'),(42954,'ROBBERY','15',500000,'120'),(43007,'DRUG DEALING','45',2000000,'200'),(43131,'MURDER','CONSECUTIVE LIFE',10000000,'NO PAROLE'),(43200,'TRAFFICKING','3',20000,'72'),(43218,'DRUG DEALING','3',100000,'24'),(43226,'MURDER','CONSECUTIVE LIFE',10000000,'NO PAROLE'),(43329,'MURDER','LIFE',5000000,'NO PAROLE'),(43361,'ASSAULT','3',40000,'72'),(43635,'ARSON','45',20000,'120'),(43742,'ROBBERY','45',100000,'185'),(43925,'ROBBERY','50',1000000,'185'),(43936,'ASSAULT','50',10000,'185'),(43998,'ROBBERY','45',20000,'185'),(44000,'MURDER','CONSECUTIVE LIFE',5000000,'NO PAROLE'),(44184,'KIDNAPPING','3',10000,'185'),(44354,'KIDNAPPING','5',100000,'36'),(44394,'MURDER','CONSECUTIVE LIFE',10000000,'NO PAROLE'),(44470,'ARSON','3',100000,'12'),(44542,'VANDALISM','5',40000,'72'),(44831,'TRAFFICKING','3',40000,'120'),(44963,'MURDER','LIFE',10000000,'NO PAROLE'),(45019,'RAPE','15',3500000,'120'),(45095,'MURDER','LIFE',10000000,'NO PAROLE'),(45300,'TRAFFICKING','3',100000,'36'),(45309,'MURDER','CONSECUTIVE LIFE',10000000,'NO PAROLE'),(45323,'MURDER','LIFE',10000000,'NO PAROLE'),(45490,'KIDNAPPING','50',1000000,'200'),(45496,'ROBBERY','3',40000,'185'),(45658,'DUI\'s','9',3500000,'200'),(45756,'ASSAULT','9',40000,'240'),(45826,'DUI\'s','3',100000,'36'),(46020,'RAPE','55',20000,'36'),(46022,'DRUG DEALING','3',100000,'360'),(46093,'MURDER','LIFE',10000000,'NO PAROLE'),(46099,'KIDNAPPING','3',500000,'72'),(46128,'MURDER','LIFE',10000000,'NO PAROLE'),(46257,'KIDNAPPING','55',10000,'72'),(46475,'ASSAULT','50',40000,'24'),(46480,'ARSON','5',40000,'200'),(46588,'ASSAULT','0',20000,'0'),(46928,'MURDER','LIFE',10000000,'NO PAROLE'),(47042,'KIDNAPPING','3',500000,'185'),(47107,'MURDER','LIFE',5000000,'NO PAROLE'),(47145,'MURDER','LIFE',5000000,'NO PAROLE'),(47298,'MURDER','LIFE',5000000,'NO PAROLE'),(47343,'MURDER','LIFE',10000000,'NO PAROLE'),(47448,'RAPE','9',40000,'360'),(47970,'MURDER','LIFE',10000000,'NO PAROLE'),(48046,'VANDALISM','3',40000,'360'),(48293,'RAPE','5',20000,'120'),(48514,'MURDER','LIFE',10000000,'NO PAROLE'),(48540,'MURDER','CONSECUTIVE LIFE',10000000,'NO PAROLE'),(49264,'MURDER','LIFE',10000000,'NO PAROLE'),(49304,'MURDER','CONSECUTIVE LIFE',10000000,'NO PAROLE'),(49319,'RAPE','5',500000,'200'),(49355,'RAPE','50',100000,'360'),(49588,'DRUG DEALING','55',1000000,'24'),(49694,'MURDER','CONSECUTIVE LIFE',10000000,'NO PAROLE'),(49738,'DUI\'s','50',20000,'185'),(49834,'ARSON','9',40000,'72'),(49879,'MURDER','LIFE',10000000,'NO PAROLE'),(50034,'DUI\'s','45',10000,'24'),(50060,'MURDER','LIFE',5000000,'NO PAROLE'),(50108,'TRAFFICKING','15',1000000,'185'),(50109,'ROBBERY','60',100000,'200'),(50211,'MURDER','LIFE',10000000,'NO PAROLE'),(50335,'RAPE','50',10000,'36'),(50369,'MURDER','LIFE',10000000,'NO PAROLE'),(50443,'DUI\'s','0',500000,'0'),(50477,'ROBBERY','45',40000,'200'),(50633,'VANDALISM','9',40000,'360'),(50635,'MURDER','LIFE',5000000,'NO PAROLE'),(50663,'VANDALISM','5',100000,'240'),(50809,'MURDER','LIFE',5000000,'NO PAROLE'),(50842,'KIDNAPPING','9',20000,'36'),(50934,'MURDER','CONSECUTIVE LIFE',5000000,'NO PAROLE'),(50948,'ARSON','60',20000,'240'),(51166,'KIDNAPPING','15',10000,'200'),(51270,'DRUG DEALING','5',100000,'185'),(51297,'MURDER','CONSECUTIVE LIFE',10000000,'NO PAROLE'),(51326,'MURDER','CONSECUTIVE LIFE',5000000,'NO PAROLE'),(51404,'ROBBERY','0',100000,'0'),(51554,'DUI\'s','30',2000000,'185'),(51573,'ASSAULT','55',40000,'200'),(51578,'VANDALISM','15',100000,'185'),(51605,'TRAFFICKING','30',100000,'200'),(51733,'MURDER','LIFE',5000000,'NO PAROLE'),(51840,'RAPE','3',40000,'36'),(51881,'KIDNAPPING','0',40000,'0'),(51893,'KIDNAPPING','55',100000,'185'),(52004,'TRAFFICKING','5',100000,'24'),(52036,'MURDER','CONSECUTIVE LIFE',5000000,'NO PAROLE'),(52162,'KIDNAPPING','3',10000,'360'),(52284,'MURDER','LIFE',5000000,'NO PAROLE'),(52335,'MURDER','LIFE',5000000,'NO PAROLE'),(52372,'MURDER','CONSECUTIVE LIFE',10000000,'NO PAROLE'),(52398,'MURDER','CONSECUTIVE LIFE',5000000,'NO PAROLE'),(52488,'TRAFFICKING','9',20000,'36'),(52544,'DRUG DEALING','50',100000,'360'),(52618,'KIDNAPPING','5',3500000,'72'),(52655,'ARSON','3',100000,'120'),(52683,'DRUG DEALING','3',100000,'24'),(52938,'VANDALISM','0',1000000,'0'),(52944,'MURDER','LIFE',5000000,'NO PAROLE'),(52974,'ROBBERY','3',40000,'36'),(53106,'RAPE','0',100000,'200'),(53398,'RAPE','45',100000,'360'),(53525,'ASSAULT','60',100000,'185'),(54128,'MURDER','LIFE',5000000,'NO PAROLE'),(54152,'MURDER','LIFE',5000000,'NO PAROLE'),(54343,'KIDNAPPING','3',100000,'72'),(54362,'VANDALISM','9',100000,'240'),(54595,'MURDER','LIFE',5000000,'NO PAROLE'),(54980,'ARSON','60',100000,'200'),(54991,'ASSAULT','9',40000,'72'),(55097,'ROBBERY','3',500000,'36'),(55227,'MURDER','CONSECUTIVE LIFE',5000000,'NO PAROLE'),(55289,'ROBBERY','50',100000,'36'),(55372,'MURDER','CONSECUTIVE LIFE',5000000,'NO PAROLE'),(55376,'MURDER','LIFE',5000000,'NO PAROLE'),(55431,'MURDER','LIFE',10000000,'NO PAROLE'),(55503,'MURDER','LIFE',10000000,'NO PAROLE'),(55608,'MURDER','LIFE',10000000,'NO PAROLE'),(55670,'VANDALISM','50',3500000,'36'),(55797,'ARSON','30',100000,'200'),(55808,'VANDALISM','9',20000,'360'),(55841,'KIDNAPPING','9',20000,'200'),(55881,'MURDER','LIFE',5000000,'NO PAROLE'),(55941,'KIDNAPPING','45',40000,'120'),(56067,'ASSAULT','60',2000000,'200'),(56106,'MURDER','CONSECUTIVE LIFE',5000000,'NO PAROLE'),(56235,'MURDER','LIFE',10000000,'NO PAROLE'),(56293,'DRUG DEALING','55',100000,'24'),(56744,'TRAFFICKING','3',20000,'200'),(56747,'MURDER','CONSECUTIVE LIFE',10000000,'NO PAROLE'),(56797,'ASSAULT','3',20000,'185'),(56926,'KIDNAPPING','50',20000,'185'),(56972,'ARSON','3',20000,'360'),(57125,'RAPE','3',100000,'120'),(57175,'DRUG DEALING','60',1000000,'36'),(57259,'MURDER','LIFE',5000000,'NO PAROLE'),(57261,'ASSAULT','60',1000000,'36'),(57291,'TRAFFICKING','3',100000,'185'),(57408,'MURDER','CONSECUTIVE LIFE',5000000,'NO PAROLE'),(57483,'ROBBERY','0',10000,'360'),(57535,'RAPE','5',20000,'240'),(57653,'ARSON','50',500000,'200'),(57691,'MURDER','LIFE',5000000,'NO PAROLE'),(57702,'MURDER','CONSECUTIVE LIFE',10000000,'NO PAROLE'),(57716,'MURDER','LIFE',5000000,'NO PAROLE'),(58524,'VANDALISM','15',500000,'185'),(58769,'MURDER','CONSECUTIVE LIFE',10000000,'NO PAROLE'),(58879,'MURDER','LIFE',10000000,'NO PAROLE'),(58901,'ROBBERY','60',100000,'360'),(59250,'VANDALISM','3',40000,'185'),(59378,'DRUG DEALING','55',500000,'360'),(59485,'RAPE','3',20000,'36'),(59621,'MURDER','CONSECUTIVE LIFE',10000000,'NO PAROLE'),(59641,'TRAFFICKING','0',40000,'0'),(59667,'TRAFFICKING','45',10000,'360'),(59721,'MURDER','LIFE',5000000,'NO PAROLE'),(59773,'DUI\'s','3',500000,'24'),(59872,'MURDER','CONSECUTIVE LIFE',10000000,'NO PAROLE'),(60125,'DRUG DEALING','5',100000,'36'),(60251,'DRUG DEALING','55',10000,'0'),(60552,'MURDER','LIFE',10000000,'NO PAROLE'),(60636,'DUI\'s','3',40000,'360'),(60663,'MURDER','LIFE',10000000,'NO PAROLE'),(60809,'RAPE','3',2000000,'200'),(61011,'VANDALISM','15',10000,'240'),(61093,'ARSON','55',10000,'120'),(61344,'ARSON','0',20000,'0'),(61578,'RAPE','60',40000,'36'),(62214,'ARSON','600',40000,'24'),(62257,'MURDER','CONSECUTIVE LIFE',10000000,'NO PAROLE'),(62292,'MURDER','LIFE',10000000,'NO PAROLE'),(62426,'ARSON','30',100000,'24'),(62825,'TRAFFICKING','55',2000000,'72'),(62882,'ARSON','55',10000,'24'),(62933,'ROBBERY','5',20000,'360'),(62974,'ARSON','5',10000,'360'),(63092,'MURDER','LIFE',5000000,'NO PAROLE'),(63127,'ASSAULT','45',40000,'240'),(63182,'DUI\'s','9',20000,'185'),(63294,'ASSAULT','15',20000,'120'),(63374,'MURDER','LIFE',5000000,'NO PAROLE'),(63396,'MURDER','CONSECUTIVE LIFE',5000000,'NO PAROLE'),(63414,'DRUG DEALING','55',10000,'360'),(63437,'MURDER','CONSECUTIVE LIFE',5000000,'NO PAROLE'),(63639,'MURDER','LIFE',5000000,'NO PAROLE'),(63654,'MURDER','LIFE',5000000,'NO PAROLE'),(63865,'ASSAULT','55',10000,'36'),(63894,'DUI\'s','55',10000,'72'),(63933,'ARSON','45',100000,'200'),(63964,'TRAFFICKING','0',3500000,'0'),(64088,'KIDNAPPING','55',500000,'185'),(64178,'DUI\'s','0',10000,'0'),(64243,'MURDER','CONSECUTIVE LIFE',10000000,'NO PAROLE'),(64309,'ROBBERY','5',40000,'240'),(64445,'DRUG DEALING','30',500000,'185'),(64507,'ASSAULT','50',500000,'140'),(64676,'MURDER','LIFE',5000000,'NO PAROLE'),(65000,'MURDER','LIFE',5000000,'NO PAROLE'),(65157,'MURDER','LIFE',5000000,'NO PAROLE'),(65248,'MURDER','LIFE',10000000,'NO PAROLE'),(65283,'ARSON','3',40000,'72'),(65346,'ARSON','5',10000,'200'),(65469,'MURDER','CONSECUTIVE LIFE',5000000,'NO PAROLE'),(65581,'ASSAULT','0',100000,'0'),(65626,'ARSON','5',100000,'24'),(65644,'VANDALISM','3',20000,'240'),(65731,'DRUG DEALING','55',20000,'185'),(65753,'ROBBERY','3',100000,'185'),(65771,'VANDALISM','60',10000,'36'),(65784,'ARSON','45',1000000,'240'),(65820,'DUI\'s','0',500000,'0'),(65859,'MURDER','CONSECUTIVE LIFE',5000000,'NO PAROLE'),(65875,'MURDER','LIFE',10000000,'NO PAROLE'),(65920,'KIDNAPPING','30',10000,'360'),(65950,'DUI\'s','9',40000,'360'),(66164,'TRAFFICKING','3',20000,'0'),(66233,'ARSON','9',40000,'185'),(66308,'DRUG DEALING','50',10000,'6'),(66310,'RAPE','3',40000,'200'),(66413,'ARSON','3',10000,'72'),(66608,'MURDER','LIFE',5000000,'NO PAROLE'),(66634,'DRUG DEALING','55',10000,'200'),(66655,'RAPE','30',20000,'200'),(66669,'VANDALISM','0',100000,'0'),(66815,'MURDER','LIFE',10000000,'NO PAROLE'),(67200,'KIDNAPPING','3',20000,'185'),(67272,'ASSAULT','0',20000,'0'),(67785,'MURDER','CONSECUTIVE LIFE',5000000,'NO PAROLE'),(67841,'MURDER','CONSECUTIVE LIFE',5000000,'NO PAROLE'),(67898,'MURDER','LIFE',5000000,'NO PAROLE'),(68109,'VANDALISM','60',20000,'200'),(68265,'MURDER','CONSECUTIVE LIFE',10000000,'NO PAROLE'),(68452,'DRUG DEALING','55',10000,'360'),(68622,'MURDER','LIFE',5000000,'NO PAROLE'),(68746,'DRUG DEALING','3',40000,'240'),(68840,'VANDALISM','3',20000,'24'),(68943,'RAPE','0',100000,'0'),(69012,'ROBBERY','3',100000,'120'),(69096,'RAPE','55',500000,'200'),(69344,'ASSAULT','3',20000,'200'),(69438,'MURDER','LIFE',10000000,'NO PAROLE'),(69535,'DRUG DEALING','15',40000,'200'),(69682,'KIDNAPPING','9',10000,'200'),(69795,'MURDER','LIFE',5000000,'NO PAROLE'),(70051,'KIDNAPPING','30',20000,'200'),(70302,'VANDALISM','60',10000,'360'),(70319,'KIDNAPPING','9',100000,'24'),(70348,'DRUG DEALING','3',10000,'36'),(70393,'ROBBERY','0',10000,'72'),(70474,'RAPE','55',40000,'72'),(70564,'RAPE','0',20000,'0'),(70703,'KIDNAPPING','3',40000,'360'),(70844,'MURDER','CONSECUTIVE LIFE',5000000,'NO PAROLE'),(71367,'DRUG DEALING','30',20000,'360'),(71426,'MURDER','LIFE',5000000,'NO PAROLE'),(71556,'ARSON','30',10000,'360'),(72308,'DUI\'s','3',20000,'240'),(72376,'RAPE','3',20000,'120'),(72547,'VANDALISM','45',20000,'200'),(72579,'MURDER','CONSECUTIVE LIFE',5000000,'NO PAROLE'),(72583,'MURDER','LIFE',5000000,'NO PAROLE'),(72612,'MURDER','LIFE',5000000,'NO PAROLE'),(72617,'MURDER','LIFE',10000000,'NO PAROLE'),(72739,'ROBBERY','3',2000000,'24'),(72753,'DUI\'s','3',40000,'185'),(72942,'DRUG DEALING','50',500000,'200'),(73086,'TRAFFICKING','3',20000,'240'),(73091,'MURDER','LIFE',5000000,'NO PAROLE'),(73318,'ROBBERY','3',40000,'240'),(73324,'VANDALISM','9',3500000,'360'),(73500,'MURDER','LIFE',5000000,'NO PAROLE'),(73610,'KIDNAPPING','55',20000,'72'),(73616,'MURDER','CONSECUTIVE LIFE',10000000,'NO PAROLE'),(73698,'MURDER','LIFE',5000000,'NO PAROLE'),(73891,'KIDNAPPING','55',100000,'200'),(73988,'DUI\'s','60',10000,'360'),(74070,'DRUG DEALING','55',100000,'185'),(74331,'DRUG DEALING','3',40000,'36'),(74509,'ASSAULT','3',20000,'36'),(74523,'VANDALISM','9',10000,'200'),(74626,'DUI\'s','15',20000,'185'),(74780,'MURDER','LIFE',5000000,'NO PAROLE'),(74888,'MURDER','LIFE',10000000,'NO PAROLE'),(75064,'DRUG DEALING','15',40000,'200'),(75290,'MURDER','CONSECUTIVE LIFE',10000000,'NO PAROLE'),(75299,'VANDALISM','60',500000,'200'),(75318,'ASSAULT','0',10000,'0'),(75355,'DRUG DEALING','3',40000,'240'),(75567,'VANDALISM','45',100000,'240'),(75570,'MURDER','LIFE',10000000,'NO PAROLE'),(75641,'DUI\'s','3',100000,'36'),(75724,'ROBBERY','0',100000,'0'),(75749,'MURDER','LIFE',5000000,'NO PAROLE'),(75849,'DUI\'s','50',3500000,'36'),(76003,'ARSON','30',40000,'72'),(76019,'MURDER','LIFE',10000000,'NO PAROLE'),(76093,'TRAFFICKING','0',20000,'72'),(76246,'MURDER','CONSECUTIVE LIFE',5000000,'NO PAROLE'),(76393,'TRAFFICKING','30',10000,'120'),(76527,'RAPE','3',100000,'360'),(76655,'MURDER','LIFE',10000000,'NO PAROLE'),(76850,'MURDER','LIFE',5000000,'NO PAROLE'),(76936,'ASSAULT','60',100000,'72'),(77073,'MURDER','LIFE',10000000,'NO PAROLE'),(77119,'DRUG DEALING','15',10000,'120'),(77220,'MURDER','LIFE',5000000,'NO PAROLE'),(77845,'MURDER','LIFE',10000000,'NO PAROLE'),(77895,'ASSAULT','50',10000,'72'),(77967,'RAPE','3',40000,'24'),(78115,'VANDALISM','45',40000,'240'),(78144,'DUI\'s','45',100000,'360'),(78157,'DRUG DEALING','9',20000,'36'),(78381,'MURDER','LIFE',10000000,'NO PAROLE'),(78405,'TRAFFICKING','3',20000,'200'),(78429,'MURDER','LIFE',5000000,'NO PAROLE'),(78483,'RAPE','55',20000,'24'),(78595,'ROBBERY','50',20000,'360'),(78803,'TRAFFICKING','0',100000,'0'),(78856,'DUI\'s','15',10000,'240'),(78893,'MURDER','LIFE',5000000,'NO PAROLE'),(79084,'MURDER','CONSECUTIVE LIFE',5000000,'NO PAROLE'),(79178,'MURDER','LIFE',5000000,'NO PAROLE'),(79194,'TRAFFICKING','0',40000,'0'),(79227,'DUI\'s','60',100000,'200'),(79390,'MURDER','LIFE',10000000,'NO PAROLE'),(79391,'ARSON','3',500000,'240'),(79419,'ROBBERY','9',40000,'185'),(79423,'KIDNAPPING','45',20000,'24'),(79477,'DUI\'s','9',40000,'185'),(79544,'RAPE','0',40000,'0'),(79882,'RAPE','50',20000,'240'),(80044,'DUI\'s','9',100000,'200'),(80173,'RAPE','3',20000,'36'),(80180,'VANDALISM','45',20000,'24'),(80396,'MURDER','LIFE',5000000,'NO PAROLE'),(80577,'ASSAULT','0',100000,'0'),(80583,'MURDER','CONSECUTIVE LIFE',10000000,'NO PAROLE'),(80648,'DUI\'s','3',20000,'36'),(80671,'TRAFFICKING','30',10000,'24'),(80744,'ROBBERY','15',40000,'120'),(80950,'RAPE','55',2000000,'360'),(80982,'DRUG DEALING','5',40000,'185'),(81001,'VANDALISM','30',20000,'185'),(81502,'TRAFFICKING','0',40000,'0'),(81574,'RAPE','50',20000,'240'),(81583,'DRUG DEALING','0',20000,'0'),(81599,'RAPE','3',40000,'34'),(81625,'MURDER','CONSECUTIVE LIFE',10000000,'NO PAROLE'),(81629,'TRAFFICKING','3',40000,'200'),(81658,'DRUG DEALING','50',10000,'120'),(81835,'VANDALISM','3',500000,'24'),(81843,'TRAFFICKING','50',10000,'120'),(81872,'DUI\'s','3',20000,'36'),(81968,'ASSAULT','0',20000,'36'),(82014,'MURDER','CONSECUTIVE LIFE',5000000,'NO PAROLE'),(82184,'MURDER','CONSECUTIVE LIFE',10000000,'NO PAROLE'),(82488,'MURDER','CONSECUTIVE LIFE',10000000,'NO PAROLE'),(82643,'ROBBERY','60',100000,'185'),(82995,'ROBBERY','3',20000,'240'),(83000,'MURDER','LIFE',10000000,'NO PAROLE'),(83047,'ARSON','55',100000,'360'),(83157,'DRUG DEALING','9',10000,'360'),(83178,'ARSON','3',500000,'240'),(83190,'DUI\'s','3',40000,'185'),(83294,'MURDER','LIFE',5000000,'NO PAROLE'),(83513,'MURDER','CONSECUTIVE LIFE',5000000,'NO PAROLE'),(83591,'ROBBERY','3',40000,'120'),(83606,'ARSON','5',10000,'185'),(83805,'ROBBERY','50',100000,'240'),(83841,'ROBBERY','30',100000,'34'),(83937,'MURDER','CONSECUTIVE LIFE',5000000,'NO PAROLE'),(84052,'ASSAULT','60',20000,'36'),(84315,'MURDER','LIFE',10000000,'NO PAROLE'),(84373,'MURDER','LIFE',5000000,'NO PAROLE'),(84377,'MURDER','LIFE',5000000,'NO PAROLE'),(84407,'ARSON','0',20000,'0'),(84886,'MURDER','LIFE',10000000,'NO PAROLE'),(84930,'KIDNAPPING','50',100000,'360'),(84950,'KIDNAPPING','3',40000,'185'),(84982,'MURDER','LIFE',5000000,'NO PAROLE'),(85063,'MURDER','LIFE',10000000,'NO PAROLE'),(85132,'MURDER','LIFE',5000000,'NO PAROLE'),(85143,'RAPE','3',40000,'185'),(85175,'MURDER','CONSECUTIVE LIFE',5000000,'NO PAROLE'),(85178,'MURDER','LIFE',10000000,'NO PAROLE'),(85247,'TRAFFICKING','0',100000,'0'),(85355,'MURDER','LIFE',5000000,'NO PAROLE'),(85362,'TRAFFICKING','9',10000,'120'),(85373,'MURDER','CONSECUTIVE LIFE',5000000,'NO PAROLE'),(85447,'MURDER','LIFE',5000000,'NO PAROLE'),(85532,'DRUG DEALING','9',100000,'24'),(85536,'MURDER','LIFE',5000000,'NO PAROLE'),(85579,'DUI\'s','60',100000,'72'),(85862,'ROBBERY','3',40000,'120'),(86071,'RAPE','30',40000,'185'),(86158,'ROBBERY','50',100000,'360'),(86189,'VANDALISM','3',20000,'185'),(86240,'ASSAULT','3',10000,'240'),(86296,'MURDER','CONSECUTIVE LIFE',10000000,'NO PAROLE'),(86528,'MURDER','CONSECUTIVE LIFE',10000000,'NO PAROLE'),(86610,'MURDER','LIFE',10000000,'NO PAROLE'),(86859,'ROBBERY','3',100000,'72'),(87048,'MURDER','CONSECUTIVE LIFE',10000000,'NO PAROLE'),(87135,'TRAFFICKING','3',3500000,'360'),(87155,'MURDER','CONSECUTIVE LIFE',10000000,'NO PAROLE'),(87233,'MURDER','LIFE',5000000,'NO PAROLE'),(87235,'RAPE','60',40000,'185'),(87413,'KIDNAPPING','3',40000,'360'),(87454,'MURDER','LIFE',10000000,'NO PAROLE'),(87481,'ASSAULT','30',100000,'120'),(87547,'ASSAULT','50',500000,'360'),(87568,'RAPE','30',20000,'72'),(87631,'ROBBERY','5',40000,'36'),(87852,'MURDER','CONSECUTIVE LIFE',10000000,'NO PAROLE'),(87854,'ROBBERY','55',100000,'24'),(87877,'DRUG DEALING','3',3500000,'360'),(88161,'DRUG DEALING','9',10000,'72'),(88380,'RAPE','0',10000,'0'),(88455,'ARSON','3',500000,'24'),(88489,'ASSAULT','3',40000,'120'),(88679,'TRAFFICKING','55',500000,'72'),(88695,'DUI\'s','15',100000,'185'),(88704,'RAPE','50',3500000,'185'),(88792,'MURDER','LIFE',5000000,'NO PAROLE'),(88826,'ARSON','5',1000000,'240'),(89098,'TRAFFICKING','45',40000,'200'),(89121,'ASSAULT','0',500000,'0'),(89146,'MURDER','LIFE',10000000,'NO PAROLE'),(89177,'MURDER','CONSECUTIVE LIFE',5000000,'NO PAROLE'),(89532,'TRAFFICKING','30',10000,'240'),(89573,'MURDER','LIFE',5000000,'NO PAROLE'),(89621,'ASSAULT','0',40000,'0'),(89628,'ASSAULT','65',100000,'80'),(89634,'MURDER','CONSECUTIVE LIFE',5000000,'NO PAROLE'),(89750,'MURDER','LIFE',10000000,'NO PAROLE'),(89838,'MURDER','LIFE',10000000,'NO PAROLE'),(89862,'MURDER','CONSECUTIVE LIFE',10000000,'NO PAROLE'),(89992,'MURDER','CONSECUTIVE LIFE',5000000,'NO PAROLE'),(90012,'MURDER','LIFE',10000000,'NO PAROLE'),(90132,'MURDER','LIFE',10000000,'NO PAROLE'),(90156,'MURDER','LIFE',10000000,'NO PAROLE'),(90289,'MURDER','LIFE',5000000,'NO PAROLE'),(90344,'TRAFFICKING','55',10000,'36'),(90414,'MURDER','LIFE',5000000,'NO PAROLE'),(90440,'VANDALISM','45',2000000,'200'),(90448,'ARSON','3',100000,'200'),(90475,'ARSON','0',20000,'0'),(90492,'ROBBERY','60',10000,'72'),(90520,'TRAFFICKING','3',1000000,'360'),(90759,'MURDER','CONSECUTIVE LIFE',5000000,'NO PAROLE'),(90859,'MURDER','LIFE',10000000,'NO PAROLE'),(90903,'VANDALISM','5',40000,'120'),(90932,'MURDER','CONSECUTIVE LIFE',5000000,'NO PAROLE'),(91141,'MURDER','CONSECUTIVE LIFE',10000000,'NO PAROLE'),(91246,'RAPE','15',100000,'360'),(91346,'DRUG DEALING','5',40000,'185'),(91397,'ROBBERY','50',500000,'185'),(91581,'VANDALISM','30',500000,'24'),(91590,'MURDER','CONSECUTIVE LIFE',5000000,'NO PAROLE'),(91792,'RAPE','3',100000,'72'),(91960,'ASSAULT','15',2000000,'185'),(92019,'MURDER','CONSECUTIVE LIFE',10000000,'NO PAROLE'),(92114,'KIDNAPPING','15',100000,'185'),(92294,'ARSON','30',20000,'240'),(92515,'ROBBERY','15',100000,'360'),(92568,'VANDALISM','60',100000,'360'),(92631,'MURDER','LIFE',10000000,'NO PAROLE'),(92674,'TRAFFICKING','50',20000,'36'),(93006,'MURDER','LIFE',10000000,'NO PAROLE'),(93046,'MURDER','LIFE',10000000,'NO PAROLE'),(93101,'DUI\'s','3',10000,'360'),(93213,'VANDALISM','0',100000,'0'),(93378,'TRAFFICKING','30',20000,'200'),(93390,'MURDER','LIFE',10000000,'NO PAROLE'),(93398,'KIDNAPPING','30',10000,'240'),(93602,'DRUG DEALING','30',20000,'185'),(93652,'MURDER','LIFE',10000000,'NO PAROLE'),(93723,'MURDER','LIFE',10000000,'NO PAROLE'),(93907,'MURDER','LIFE',5000000,'NO PAROLE'),(94090,'ROBBERY','0',20000,'36'),(94105,'KIDNAPPING','30',1000000,'36'),(94559,'MURDER','CONSECUTIVE LIFE',5000000,'NO PAROLE'),(94632,'MURDER','CONSECUTIVE LIFE',5000000,'NO PAROLE'),(94700,'ROBBERY','9',100000,'36'),(94827,'DRUG DEALING','0',100000,'0'),(95092,'VANDALISM','3',100000,'360'),(95106,'MURDER','LIFE',5000000,'NO PAROLE'),(95355,'MURDER','CONSECUTIVE LIFE',5000000,'NO PAROLE'),(95573,'TRAFFICKING','5',20000,'36'),(95615,'DRUG DEALING','50',40000,'360'),(95736,'TRAFFICKING','0',20000,'0'),(95900,'ROBBERY','50',20000,'200'),(95930,'ROBBERY','55',20000,'36'),(96097,'ASSAULT','45',100000,'200'),(96409,'RAPE','0',40000,'200'),(96503,'ROBBERY','5',10000,'72'),(96643,'MURDER','LIFE',5000000,'NO PAROLE'),(96667,'ASSAULT','3',20000,'360'),(96668,'MURDER','CONSECUTIVE LIFE',10000000,'NO PAROLE'),(96698,'DUI\'s','3',100000,'72'),(96769,'ARSON','15',40000,'36'),(96817,'MURDER','LIFE',10000000,'NO PAROLE'),(96821,'VANDALISM','0',100000,'0'),(96853,'MURDER','LIFE',5000000,'NO PAROLE'),(97190,'DUI\'s','60',10000,'185'),(97226,'MURDER','CONSECUTIVE LIFE',10000000,'NO PAROLE'),(97300,'MURDER','LIFE',10000000,'NO PAROLE'),(97314,'ROBBERY','0',20000,'200'),(97485,'MURDER','LIFE',5000000,'NO PAROLE'),(97522,'MURDER','CONSECUTIVE LIFE',10000000,'NO PAROLE'),(97727,'DUI\'s','0',40000,'0'),(97841,'VANDALISM','15',40000,'200'),(97854,'MURDER','LIFE',5000000,'NO PAROLE'),(97887,'MURDER','LIFE',5000000,'NO PAROLE'),(97985,'ASSAULT','60',10000,'185'),(98524,'RAPE','60',40000,'185'),(98631,'MURDER','CONSECUTIVE LIFE',10000000,'NO PAROLE'),(98674,'DUI\'s','3',40000,'72'),(98785,'MURDER','LIFE',10000000,'NO PAROLE'),(98909,'MURDER','CONSECUTIVE LIFE',5000000,'NO PAROLE'),(99087,'TRAFFICKING','3',20000,'200'),(99390,'MURDER','LIFE',5000000,'NO PAROLE'),(99470,'DUI\'s','5',500000,'360'),(99500,'DRUG DEALING','45',40000,'360'),(99563,'ASSAULT','50',40000,'360'),(99584,'DRUG DEALING','0',40000,'0'),(99595,'MURDER','CONSECUTIVE LIFE',10000000,'NO PAROLE'),(99863,'ARSON','3',20000,'120'),(99967,'VANDALISM','30',20000,'120');
/*!40000 ALTER TABLE `consequence` ENABLE KEYS */;
UNLOCK TABLES;

--
-- Table structure for table `crime_incident`
--

DROP TABLE IF EXISTS `crime_incident`;
/*!40101 SET @saved_cs_client     = @@character_set_client */;
/*!50503 SET character_set_client = utf8mb4 */;
CREATE TABLE `crime_incident` (
  `crimeRole` varchar(50) NOT NULL,
  `criminalSocialInsuranceNumber` int NOT NULL,
  `description` text,
  `crimeDate` date NOT NULL,
  `caseID` int NOT NULL,
  PRIMARY KEY (`criminalSocialInsuranceNumber`,`crimeDate`,`caseID`),
  UNIQUE KEY `criminalSocialInsuranceNumber_UNIQUE` (`criminalSocialInsuranceNumber`),
  UNIQUE KEY `caseID_UNIQUE` (`caseID`),
  KEY `socialInsuranceNumber_idx` (`criminalSocialInsuranceNumber`),
  CONSTRAINT `criminalSIN` FOREIGN KEY (`criminalSocialInsuranceNumber`) REFERENCES `criminal` (`criminalSocialInsuranceNumber`),
  CONSTRAINT `incidentID` FOREIGN KEY (`caseID`) REFERENCES `report` (`caseID`)
) ENGINE=InnoDB DEFAULT CHARSET=utf8mb4 COLLATE=utf8mb4_0900_ai_ci;
/*!40101 SET character_set_client = @saved_cs_client */;

--
-- Dumping data for table `crime_incident`
--

LOCK TABLES `crime_incident` WRITE;
/*!40000 ALTER TABLE `crime_incident` DISABLE KEYS */;
INSERT INTO `crime_incident` VALUES ('accessory',329535483,'Etiam justo.','2019-05-20',72547),('primary',332474353,'Nam tristique tortor eu pede.','2019-06-18',51840),('accomplice',334494989,'Vivamus metus arcu, adipiscing molestie, hendrerit at, vulputate vitae, nisl. Aenean lectus.','2019-02-18',37602),('accessory',337843056,'Nam ultrices, libero non mattis pulvinar, nulla pede ullamcorper augue, a suscipit nulla elit ac nulla.','2019-01-28',29851),('accessory',338890061,'Praesent blandit lacinia erat.','2019-04-03',83805),('primary',340739824,'Cum sociis natoque penatibus et magnis dis parturient montes, nascetur ridiculus mus.','2019-01-09',79390),('accessory',343307599,'Donec posuere metus vitae ipsum. Aliquam non mauris.','2019-03-22',83294),('accessory',346151223,'Aenean sit amet justo. Morbi ut odio.','2019-01-31',76393),('primary',346440665,'Aliquam non mauris.','2019-05-01',74888),('primary',347266897,'Nulla tempus. Vivamus in felis eu sapien cursus vestibulum.','2019-01-12',37126),('accessory',347599814,'Nulla facilisi.','2019-05-05',28245),('primary',350462737,'Praesent blandit lacinia erat. Vestibulum sed magna at nunc commodo placerat.','2019-03-24',52398),('primary',351294584,'Cras mi pede, malesuada in, imperdiet et, commodo vulputate, justo. In blandit ultrices enim.','2019-03-31',90475),('accessory',353640605,'Aenean fermentum. Donec ut mauris eget massa tempor convallis.','2019-03-23',47107),('primary',355496006,'Integer non velit. Donec diam neque, vestibulum eget, vulputate ut, ultrices vel, augue.','2019-03-03',77073),('primary',358573193,'Quisque arcu libero, rutrum ac, lobortis vel, dapibus at, diam. Nam tristique tortor eu pede.','2019-01-09',70319),('primary',360137929,'Morbi vel lectus in quam fringilla rhoncus. Mauris enim leo, rhoncus sed, vestibulum sit amet, cursus id, turpis.','2019-04-11',29145),('accomplice',360249593,'Suspendisse potenti.','2019-06-21',55289),('primary',363434474,'Etiam justo.','2019-05-18',23169),('accomplice',365598030,'Suspendisse potenti.','2019-04-09',29173),('primary',367101895,'In sagittis dui vel nisl.','2019-05-14',87413),('primary',369367359,'Donec vitae nisi.','2019-06-12',45323),('accomplice',372223162,'Integer tincidunt ante vel ipsum.','2019-02-25',75849),('accessory',372578192,'Cum sociis natoque penatibus et magnis dis parturient montes, nascetur ridiculus mus.','2019-06-09',32917),('accessory',372901498,'Proin interdum mauris non ligula pellentesque ultrices. Phasellus id sapien in sapien iaculis congue.','2019-05-30',38723),('primary',376924936,'Aliquam sit amet diam in magna bibendum imperdiet. Nullam orci pede, venenatis non, sodales sed, tincidunt eu, felis.','2019-01-05',82014),('accomplice',383970517,'Cras pellentesque volutpat dui. Maecenas tristique, est et tempus semper, est quam pharetra magna, ac consequat metus sapien ut nunc.','2019-06-04',77119),('primary',386689192,'Nam tristique tortor eu pede.','2019-02-17',66634),('accomplice',386952001,'Duis ac nibh.','2019-05-15',23917),('accessory',387130416,'Curabitur gravida nisi at nibh.','2019-02-28',91346),('accessory',392796140,'Integer tincidunt ante vel ipsum. Praesent blandit lacinia erat.','2019-03-23',97841),('accomplice',396713744,'Nulla facilisi. Cras non velit nec nisi vulputate nonummy.','2019-05-08',28949),('primary',397618438,'Fusce consequat.','2019-05-02',23820),('accomplice',401698352,'Vestibulum sed magna at nunc commodo placerat.','2019-02-13',65000),('accessory',402581078,'Nulla tellus. In sagittis dui vel nisl.','2019-03-27',66608),('accessory',402904528,'Nulla neque libero, convallis eget, eleifend luctus, ultricies eu, nibh.','2019-05-18',27781),('accomplice',405487332,'Nullam orci pede, venenatis non, sodales sed, tincidunt eu, felis. Fusce posuere felis sed lacus.','2019-03-03',27160),('primary',407954769,'Etiam pretium iaculis justo.','2019-04-23',89838),('primary',408729720,'Fusce posuere felis sed lacus.','2019-01-25',76850),('accessory',409709720,'Aenean auctor gravida sem. Praesent id massa id nisl venenatis lacinia.','2019-05-07',96698),('primary',411724636,'In eleifend quam a odio. In hac habitasse platea dictumst.','2019-01-22',92631),('accomplice',412799579,'Aenean sit amet justo. Morbi ut odio.','2019-01-03',83157),('accessory',414543543,'Aliquam erat volutpat.','2019-01-25',77967),('accomplice',415373336,'Morbi ut odio. Cras mi pede, malesuada in, imperdiet et, commodo vulputate, justo.','2019-01-24',68943),('primary',416654854,'Lorem ipsum dolor sit amet, consectetuer adipiscing elit. Proin risus.','2019-02-09',51297),('primary',417005959,'Suspendisse potenti.','2019-03-07',75064),('primary',418494403,'Sed ante. Vivamus tortor.','2019-05-22',86859),('accomplice',426482775,'Nullam orci pede, venenatis non, sodales sed, tincidunt eu, felis.','2019-04-09',69795),('primary',428454631,'Morbi vestibulum, velit id pretium iaculis, diam erat fermentum justo, nec condimentum neque sapien placerat ante. Nulla justo.','2019-01-22',21381),('primary',429175379,'Nunc nisl. Duis bibendum, felis sed interdum venenatis, turpis enim blandit mi, in porttitor pede justo eu massa.','2019-02-16',70844),('primary',443591344,'Vivamus in felis eu sapien cursus vestibulum.','2019-01-12',94559),('accomplice',447759118,'Vivamus tortor.','2019-04-19',90492),('accomplice',449451881,'Vestibulum ante ipsum primis in faucibus orci luctus et ultrices posuere cubilia Curae; Mauris viverra diam vitae quam. Suspendisse potenti.','2019-06-18',36763),('primary',451429552,'Proin risus.','2019-05-22',87155),('primary',453179081,'Curabitur at ipsum ac tellus semper interdum.','2019-06-15',66310),('accessory',454212790,'Ut at dolor quis odio consequat varius. Integer ac leo.','2019-06-28',89750),('primary',458555933,'Aliquam augue quam, sollicitudin vitae, consectetuer eget, rutrum at, lorem. Integer tincidunt ante vel ipsum.','2019-04-23',85373),('accessory',460486162,'Duis ac nibh.','2019-06-22',78405),('accessory',463601433,'Nullam sit amet turpis elementum ligula vehicula consequat.','2019-03-15',98909),('accessory',464992729,'Integer tincidunt ante vel ipsum.','2019-02-06',58524),('primary',466875302,'Phasellus in felis.','2019-04-24',64676),('primary',469731361,'Nulla ac enim.','2019-04-13',60251),('accessory',470912100,'In hac habitasse platea dictumst.','2019-04-30',31381),('accomplice',471326337,'Nullam porttitor lacus at turpis.','2019-05-30',90448),('primary',475283743,'Aenean auctor gravida sem. Praesent id massa id nisl venenatis lacinia.','2019-04-01',30324),('primary',476018843,'Vivamus vestibulum sagittis sapien. Cum sociis natoque penatibus et magnis dis parturient montes, nascetur ridiculus mus.','2019-02-19',59250),('accessory',476210809,'Fusce posuere felis sed lacus.','2019-02-04',65753),('primary',478177839,'Vestibulum ante ipsum primis in faucibus orci luctus et ultrices posuere cubilia Curae; Mauris viverra diam vitae quam.','2019-06-18',96853),('primary',479371313,'In eleifend quam a odio. In hac habitasse platea dictumst.','2019-06-08',81968),('primary',479638530,'Praesent blandit.','2019-05-09',24841),('primary',480681976,'Vestibulum ante ipsum primis in faucibus orci luctus et ultrices posuere cubilia Curae; Nulla dapibus dolor vel est.','2019-05-19',67841),('accomplice',484230289,'Quisque erat eros, viverra eget, congue eget, semper rutrum, nulla.','2019-05-25',24426),('accomplice',484561297,'Morbi quis tortor id nulla ultrices aliquet. Maecenas leo odio, condimentum id, luctus nec, molestie sed, justo.','2019-04-02',39875),('accessory',491418221,'Proin interdum mauris non ligula pellentesque ultrices.','2019-04-23',77895),('accessory',495460336,'Vestibulum sed magna at nunc commodo placerat. Praesent blandit.','2019-02-12',93602),('primary',497983841,'In blandit ultrices enim. Lorem ipsum dolor sit amet, consectetuer adipiscing elit.','2019-01-16',92674),('primary',501141625,'In hac habitasse platea dictumst.','2019-06-13',68746),('accessory',504236335,'Aenean auctor gravida sem. Praesent id massa id nisl venenatis lacinia.','2019-06-05',36601),('primary',504542609,'Maecenas leo odio, condimentum id, luctus nec, molestie sed, justo.','2019-04-18',70564),('primary',504589516,'Morbi quis tortor id nulla ultrices aliquet.','2019-04-10',37268),('accomplice',507955340,'Duis aliquam convallis nunc.','2019-01-27',49694),('accessory',513369137,'Nulla suscipit ligula in lacus. Curabitur at ipsum ac tellus semper interdum.','2019-04-18',92294),('accessory',513594718,'Cum sociis natoque penatibus et magnis dis parturient montes, nascetur ridiculus mus.','2019-05-22',32028),('primary',515907725,'Etiam justo.','2019-04-22',68452),('primary',520150741,'Duis bibendum, felis sed interdum venenatis, turpis enim blandit mi, in porttitor pede justo eu massa.','2019-05-11',79084),('primary',520837512,'Mauris enim leo, rhoncus sed, vestibulum sit amet, cursus id, turpis.','2019-02-08',25055),('accomplice',524639796,'Curabitur convallis.','2019-04-23',43998),('primary',531520511,'Morbi vel lectus in quam fringilla rhoncus.','2019-02-02',52544),('accessory',531591432,'Duis at velit eu est congue elementum. In hac habitasse platea dictumst.','2019-06-01',49879),('accessory',533345015,'In hac habitasse platea dictumst.','2019-03-06',23660),('primary',533637409,'Proin risus. Praesent lectus.','2019-01-11',62882),('accomplice',534939737,'Nam congue, risus semper porta volutpat, quam pede lobortis ligula, sit amet eleifend pede libero quis orci. Nullam molestie nibh in lectus.','2019-01-15',36906),('accessory',539625116,'Curabitur at ipsum ac tellus semper interdum. Mauris ullamcorper purus sit amet nulla.','2019-04-26',95736),('accessory',543042093,'Curabitur at ipsum ac tellus semper interdum. Mauris ullamcorper purus sit amet nulla.','2019-02-08',21216),('primary',544564811,'Proin interdum mauris non ligula pellentesque ultrices.','2019-04-11',85355),('primary',549879309,'In congue. Etiam justo.','2019-04-02',20548),('primary',550168729,'In est risus, auctor sed, tristique in, tempus sit amet, sem.','2019-06-19',83606),('primary',554006772,'Fusce congue, diam id ornare imperdiet, sapien urna pretium nisl, ut volutpat sapien arcu sed augue.','2019-03-06',43936),('accomplice',561812232,'In eleifend quam a odio. In hac habitasse platea dictumst.','2019-01-27',72739),('primary',563240005,'Quisque ut erat. Curabitur gravida nisi at nibh.','2019-05-25',87048),('primary',564111758,'Nullam orci pede, venenatis non, sodales sed, tincidunt eu, felis.','2019-04-23',52162),('accomplice',567503543,'Donec odio justo, sollicitudin ut, suscipit a, feugiat et, eros.','2019-02-24',84377),('accessory',571747866,'Nullam sit amet turpis elementum ligula vehicula consequat.','2019-06-01',51404),('accomplice',571812460,'Vestibulum ante ipsum primis in faucibus orci luctus et ultrices posuere cubilia Curae; Duis faucibus accumsan odio. Curabitur convallis.','2019-01-27',93378),('primary',575262290,'Aliquam non mauris.','2019-03-01',80044),('primary',579819449,'Nulla tellus. In sagittis dui vel nisl.','2019-03-20',70051),('accessory',584405128,'Duis consequat dui nec nisi volutpat eleifend. Donec ut dolor.','2019-02-11',98524),('accessory',589054719,'Nulla mollis molestie lorem. Quisque ut erat.','2019-02-19',65920),('accessory',590850154,'Morbi porttitor lorem id ligula.','2019-02-28',20813),('primary',591844702,'Proin at turpis a pede posuere nonummy.','2019-05-07',63127),('accessory',601363380,'Praesent blandit lacinia erat. Vestibulum sed magna at nunc commodo placerat.','2019-03-08',73698),('accomplice',602032181,'Aliquam augue quam, sollicitudin vitae, consectetuer eget, rutrum at, lorem. Integer tincidunt ante vel ipsum.','2019-03-21',37820),('primary',603238516,'Duis bibendum. Morbi non quam nec dui luctus rutrum.','2019-05-14',29939),('accessory',605461867,'Nullam orci pede, venenatis non, sodales sed, tincidunt eu, felis. Fusce posuere felis sed lacus.','2019-06-06',62426),('accessory',605963539,'Fusce posuere felis sed lacus.','2019-03-13',86296),('accomplice',606003241,'Quisque porta volutpat erat. Quisque erat eros, viverra eget, congue eget, semper rutrum, nulla.','2019-01-12',36500),('accomplice',606939676,'Duis aliquam convallis nunc. Proin at turpis a pede posuere nonummy.','2019-03-05',42651),('accessory',609186856,'Vestibulum rutrum rutrum neque.','2019-01-23',35051),('primary',610010575,'Nullam sit amet turpis elementum ligula vehicula consequat. Morbi a ipsum.','2019-06-21',80173),('primary',610202068,'Vivamus in felis eu sapien cursus vestibulum.','2019-05-18',47343),('accessory',610216489,'Suspendisse potenti.','2019-05-26',64445),('accessory',611729000,'Vestibulum rutrum rutrum neque. Aenean auctor gravida sem.','2019-03-30',75724),('accomplice',612253704,'Quisque id justo sit amet sapien dignissim vestibulum.','2019-06-08',37134),('primary',615167718,'Praesent lectus. Vestibulum quam sapien, varius ut, blandit non, interdum in, ante.','2019-01-05',41291),('accomplice',616159997,'Phasellus id sapien in sapien iaculis congue.','2019-05-23',68109),('primary',617732320,'Suspendisse accumsan tortor quis turpis. Sed ante.','2019-06-21',79477),('accessory',619673541,'Etiam justo. Etiam pretium iaculis justo.','2019-04-02',72376),('accessory',626095295,'Nullam sit amet turpis elementum ligula vehicula consequat. Morbi a ipsum.','2019-05-23',86071),('accomplice',626610166,'Duis bibendum.','2019-06-09',70703),('accomplice',628695241,'Morbi ut odio. Cras mi pede, malesuada in, imperdiet et, commodo vulputate, justo.','2019-06-25',55670),('accessory',632097324,'Vestibulum ante ipsum primis in faucibus orci luctus et ultrices posuere cubilia Curae; Mauris viverra diam vitae quam. Suspendisse potenti.','2019-01-09',31654),('accessory',633708702,'Cum sociis natoque penatibus et magnis dis parturient montes, nascetur ridiculus mus.','2019-02-04',99863),('accomplice',633761895,'Donec ut dolor.','2019-03-20',31575),('accomplice',635539029,'Cum sociis natoque penatibus et magnis dis parturient montes, nascetur ridiculus mus. Vivamus vestibulum sagittis sapien.','2019-05-05',88380),('accessory',636057379,'Vestibulum rutrum rutrum neque. Aenean auctor gravida sem.','2019-01-24',28004),('accessory',638725211,'Praesent blandit.','2019-01-06',50842),('primary',644249150,'Cras in purus eu magna vulputate luctus.','2019-04-02',33974),('accomplice',647672127,'Ut at dolor quis odio consequat varius.','2019-02-09',58879),('accessory',649393987,'Curabitur convallis.','2019-05-30',91581),('accessory',650167486,'Aliquam quis turpis eget elit sodales scelerisque. Mauris sit amet eros.','2019-06-24',28003),('primary',650385806,'Duis bibendum.','2019-05-05',72753),('accomplice',652082792,'Mauris lacinia sapien quis libero.','2019-02-20',45019),('accomplice',652900052,'Etiam justo. Etiam pretium iaculis justo.','2019-01-02',45756),('accessory',656326731,'Nulla facilisi. Cras non velit nec nisi vulputate nonummy.','2019-01-23',85063),('primary',656775723,'Nulla suscipit ligula in lacus. Curabitur at ipsum ac tellus semper interdum.','2019-01-21',39592),('accessory',659098010,'Vivamus in felis eu sapien cursus vestibulum.','2019-05-14',65157),('accessory',660264964,'Vestibulum ac est lacinia nisi venenatis tristique. Fusce congue, diam id ornare imperdiet, sapien urna pretium nisl, ut volutpat sapien arcu sed augue.','2019-04-17',33098),('accomplice',661627231,'In sagittis dui vel nisl.','2019-06-24',93101),('accomplice',663836993,'Pellentesque ultrices mattis odio. Donec vitae nisi.','2019-04-05',63396),('accessory',664402551,'Proin leo odio, porttitor id, consequat in, consequat ut, nulla.','2019-02-18',81843),('primary',664854068,'Mauris ullamcorper purus sit amet nulla. Quisque arcu libero, rutrum ac, lobortis vel, dapibus at, diam.','2019-05-02',86610),('primary',665251604,'Maecenas leo odio, condimentum id, luctus nec, molestie sed, justo. Pellentesque viverra pede ac diam.','2019-06-21',96769),('accomplice',669369294,'Nullam sit amet turpis elementum ligula vehicula consequat. Morbi a ipsum.','2019-04-25',29479),('accomplice',670286250,'In sagittis dui vel nisl. Duis ac nibh.','2019-05-24',46588),('accessory',670366773,'Duis at velit eu est congue elementum. In hac habitasse platea dictumst.','2019-04-13',99595),('accomplice',672998781,'Nulla tempus.','2019-02-18',35967),('accomplice',678883436,'Morbi non lectus. Aliquam sit amet diam in magna bibendum imperdiet.','2019-06-16',38698),('accessory',678931915,'Nunc purus.','2019-02-15',79194),('accomplice',680235579,'Maecenas tristique, est et tempus semper, est quam pharetra magna, ac consequat metus sapien ut nunc.','2019-04-28',70474),('accessory',680983306,'Maecenas tristique, est et tempus semper, est quam pharetra magna, ac consequat metus sapien ut nunc.','2019-03-27',79391),('accomplice',682161848,'Etiam pretium iaculis justo. In hac habitasse platea dictumst.','2019-04-30',94827),('accomplice',683567665,'Donec quis orci eget orci vehicula condimentum.','2019-04-21',43218),('accomplice',683774232,'Suspendisse potenti.','2019-05-08',99470),('accomplice',689070631,'Curabitur at ipsum ac tellus semper interdum. Mauris ullamcorper purus sit amet nulla.','2019-06-18',54343),('primary',689815602,'Mauris ullamcorper purus sit amet nulla. Quisque arcu libero, rutrum ac, lobortis vel, dapibus at, diam.','2019-01-06',28743),('accomplice',690014082,'Praesent blandit.','2019-05-25',99390),('accessory',695176204,'In est risus, auctor sed, tristique in, tempus sit amet, sem.','2019-04-07',58769),('accessory',697393517,'Ut tellus.','2019-04-10',69012),('accessory',697432204,'Vivamus metus arcu, adipiscing molestie, hendrerit at, vulputate vitae, nisl.','2019-04-02',36514),('primary',699141402,'Mauris enim leo, rhoncus sed, vestibulum sit amet, cursus id, turpis.','2019-05-26',61578),('accessory',703225150,'Lorem ipsum dolor sit amet, consectetuer adipiscing elit.','2019-03-28',86240),('accessory',705210308,'Maecenas pulvinar lobortis est. Phasellus sit amet erat.','2019-02-25',50034),('primary',706226517,'Duis bibendum, felis sed interdum venenatis, turpis enim blandit mi, in porttitor pede justo eu massa. Donec dapibus.','2019-03-13',42594),('primary',709818885,'Nulla justo. Aliquam quis turpis eget elit sodales scelerisque.','2019-06-21',37045),('accomplice',711229745,'Phasellus id sapien in sapien iaculis congue.','2019-01-11',46257),('accessory',713071901,'Quisque erat eros, viverra eget, congue eget, semper rutrum, nulla.','2019-01-14',59667),('accomplice',715755579,'Aliquam augue quam, sollicitudin vitae, consectetuer eget, rutrum at, lorem.','2019-06-01',63374),('accessory',718306667,'Nam dui.','2019-05-08',60125),('primary',721004573,'Morbi non lectus. Aliquam sit amet diam in magna bibendum imperdiet.','2019-05-01',39272),('primary',722335907,'In hac habitasse platea dictumst.','2019-02-19',97887),('primary',722432958,'In hac habitasse platea dictumst. Maecenas ut massa quis augue luctus tincidunt.','2019-01-08',46093),('accomplice',723748801,'Vivamus vestibulum sagittis sapien.','2019-05-13',53106),('accomplice',727624486,'In congue. Etiam justo.','2019-06-10',82995),('primary',730439198,'Integer a nibh. In quis justo.','2019-01-08',85447),('accomplice',730571567,'Integer ac leo. Pellentesque ultrices mattis odio.','2019-04-14',75749),('accomplice',731813175,'Duis bibendum. Morbi non quam nec dui luctus rutrum.','2019-05-05',93213),('accessory',733473901,'Curabitur in libero ut massa volutpat convallis. Morbi odio odio, elementum eu, interdum eu, tincidunt in, leo.','2019-02-05',89634),('primary',733856308,'Suspendisse ornare consequat lectus.','2019-05-31',78429),('accomplice',737189042,'Morbi non lectus. Aliquam sit amet diam in magna bibendum imperdiet.','2019-06-24',29804),('primary',737330658,'Aenean sit amet justo.','2019-04-18',24275),('accomplice',743245997,'Sed accumsan felis.','2019-01-04',24607),('accomplice',746910307,'Aliquam erat volutpat.','2019-05-29',75355),('accessory',750133829,'Vestibulum ante ipsum primis in faucibus orci luctus et ultrices posuere cubilia Curae; Nulla dapibus dolor vel est.','2019-04-11',57259),('accomplice',750404617,'Duis consequat dui nec nisi volutpat eleifend.','2019-01-23',63294),('primary',753454469,'In congue.','2019-05-09',51893),('accomplice',756409705,'Aliquam sit amet diam in magna bibendum imperdiet. Nullam orci pede, venenatis non, sodales sed, tincidunt eu, felis.','2019-01-28',88695),('primary',757029395,'Cras mi pede, malesuada in, imperdiet et, commodo vulputate, justo. In blandit ultrices enim.','2019-01-31',26390),('accomplice',758253488,'Nulla suscipit ligula in lacus. Curabitur at ipsum ac tellus semper interdum.','2019-06-03',79423),('accessory',768905971,'Etiam faucibus cursus urna.','2019-03-13',80982),('accessory',769110714,'Proin at turpis a pede posuere nonummy. Integer non velit.','2019-02-25',81835),('primary',777433061,'Donec odio justo, sollicitudin ut, suscipit a, feugiat et, eros. Vestibulum ac est lacinia nisi venenatis tristique.','2019-02-01',38258),('primary',778612654,'Morbi non lectus.','2019-02-06',97522),('accomplice',787720840,'Lorem ipsum dolor sit amet, consectetuer adipiscing elit. Proin risus.','2019-01-26',91792),('accomplice',792224278,'Phasellus id sapien in sapien iaculis congue. Vivamus metus arcu, adipiscing molestie, hendrerit at, vulputate vitae, nisl.','2019-05-15',21719),('accomplice',792570311,'Cras non velit nec nisi vulputate nonummy. Maecenas tincidunt lacus at velit.','2019-02-02',39718),('primary',793535701,'Vestibulum rutrum rutrum neque. Aenean auctor gravida sem.','2019-04-07',44831),('accomplice',796328836,'Integer ac neque.','2019-03-15',32982),('accessory',797311127,'Nulla facilisi. Cras non velit nec nisi vulputate nonummy.','2019-06-24',55227),('accessory',800321739,'Nulla mollis molestie lorem.','2019-01-21',25712),('primary',804280046,'Curabitur convallis. Duis consequat dui nec nisi volutpat eleifend.','2019-02-27',70393),('primary',805941353,'Etiam vel augue. Vestibulum rutrum rutrum neque.','2019-04-08',63894),('primary',807241250,'Morbi odio odio, elementum eu, interdum eu, tincidunt in, leo. Maecenas pulvinar lobortis est.','2019-06-28',39847),('accessory',808486486,'Nulla suscipit ligula in lacus. Curabitur at ipsum ac tellus semper interdum.','2019-02-11',63414),('primary',813581799,'Pellentesque viverra pede ac diam.','2019-03-15',88826),('accessory',815685728,'Maecenas tincidunt lacus at velit.','2019-03-07',85532),('accessory',816257584,'Nunc rhoncus dui vel sem. Sed sagittis.','2019-02-15',84373),('primary',816561263,'In congue.','2019-03-07',83000),('accessory',819161146,'Donec dapibus. Duis at velit eu est congue elementum.','2019-06-10',97314),('accessory',819277873,'In hac habitasse platea dictumst. Maecenas ut massa quis augue luctus tincidunt.','2019-01-22',51166),('primary',822327771,'Etiam pretium iaculis justo.','2019-06-17',62257),('accessory',829204718,'Suspendisse potenti. Nullam porttitor lacus at turpis.','2019-04-09',46022),('primary',829514490,'Vestibulum sed magna at nunc commodo placerat.','2019-06-15',90520),('accessory',832000029,'Sed ante.','2019-03-26',65820),('primary',833532166,'Integer a nibh. In quis justo.','2019-02-13',59773),('accessory',841754087,'Maecenas rhoncus aliquam lacus. Morbi quis tortor id nulla ultrices aliquet.','2019-05-03',78157),('accomplice',848860168,'Duis mattis egestas metus. Aenean fermentum.','2019-04-13',76019),('accessory',850263714,'Nullam porttitor lacus at turpis. Donec posuere metus vitae ipsum.','2019-01-21',66233),('accomplice',850957018,'Duis at velit eu est congue elementum.','2019-06-03',76093),('accomplice',852816815,'Nunc rhoncus dui vel sem. Sed sagittis.','2019-03-24',20440),('accomplice',858410587,'Vivamus vestibulum sagittis sapien.','2019-01-17',84950),('primary',866138454,'Nulla suscipit ligula in lacus.','2019-06-02',98785),('accessory',867654674,'Phasellus sit amet erat.','2019-04-18',52974),('accomplice',867944604,'Fusce lacus purus, aliquet at, feugiat non, pretium quis, lectus.','2019-05-10',28798),('accessory',873990938,'Duis ac nibh. Fusce lacus purus, aliquet at, feugiat non, pretium quis, lectus.','2019-03-12',28205),('primary',876486741,'Integer a nibh.','2019-06-21',28196),('accessory',881039994,'Aliquam non mauris. Morbi non lectus.','2019-03-06',43200),('accessory',881587608,'Phasellus in felis. Donec semper sapien a libero.','2019-04-30',59872),('primary',882181799,'Nam dui. Proin leo odio, porttitor id, consequat in, consequat ut, nulla.','2019-01-25',65731),('accessory',883191173,'Donec posuere metus vitae ipsum. Aliquam non mauris.','2019-03-27',77220),('accessory',883667461,'Proin at turpis a pede posuere nonummy.','2019-01-16',43361),('accomplice',888410500,'Lorem ipsum dolor sit amet, consectetuer adipiscing elit. Proin interdum mauris non ligula pellentesque ultrices.','2019-01-13',28288),('accessory',888519056,'Duis mattis egestas metus.','2019-02-12',71367),('accessory',888792968,'Morbi vel lectus in quam fringilla rhoncus.','2019-06-11',50663),('accessory',888820314,'Maecenas pulvinar lobortis est.','2019-05-30',22685),('primary',888953408,'Sed accumsan felis.','2019-04-26',36198),('accomplice',892084976,'Cras in purus eu magna vulputate luctus.','2019-06-03',69535),('accessory',892921554,'Integer pede justo, lacinia eget, tincidunt eget, tempus vel, pede. Morbi porttitor lorem id ligula.','2019-04-02',21538),('accessory',893628515,'In quis justo.','2019-06-04',62974),('primary',896331509,'Quisque ut erat. Curabitur gravida nisi at nibh.','2019-01-07',37989),('accomplice',896466646,'Donec odio justo, sollicitudin ut, suscipit a, feugiat et, eros.','2019-04-24',60636);
/*!40000 ALTER TABLE `crime_incident` ENABLE KEYS */;
UNLOCK TABLES;

--
-- Table structure for table `crime_severity`
--

DROP TABLE IF EXISTS `crime_severity`;
/*!40101 SET @saved_cs_client     = @@character_set_client */;
/*!50503 SET character_set_client = utf8mb4 */;
CREATE TABLE `crime_severity` (
  `weaponType` varchar(100) DEFAULT NULL,
  `noOfPeopleInjured` varchar(20) DEFAULT NULL,
  `amountStolen` varchar(50) DEFAULT NULL,
  `noOfPeopleMurdered` varchar(10) DEFAULT NULL,
  `murderDegree` varchar(25) DEFAULT NULL,
  `caseID` int NOT NULL,
  `crimeTypeName` varchar(100) NOT NULL,
  PRIMARY KEY (`caseID`,`crimeTypeName`),
  KEY `idx_crime_severity_noOfPeopleInjured` (`noOfPeopleInjured`),
  KEY `crimeType_idx` (`crimeTypeName`),
  CONSTRAINT `crimeCaseID` FOREIGN KEY (`caseID`) REFERENCES `consequence` (`caseID`),
  CONSTRAINT `crimeType` FOREIGN KEY (`crimeTypeName`) REFERENCES `consequence` (`crimeTypeName`)
) ENGINE=InnoDB DEFAULT CHARSET=utf8mb4 COLLATE=utf8mb4_0900_ai_ci;
/*!40101 SET character_set_client = @saved_cs_client */;

--
-- Dumping data for table `crime_severity`
--

LOCK TABLES `crime_severity` WRITE;
/*!40000 ALTER TABLE `crime_severity` DISABLE KEYS */;
INSERT INTO `crime_severity` VALUES ('rod','9+','1-1000','0','0',20408,'ROBBERY'),('brass knuckles','9+','100000+','0','0',20416,'KIDNAPPING'),('knife','1 to 3','5001-10000','0','0',20440,'ARSON'),('knife','9+','10001-99,999','0','0',20548,'KIDNAPPING'),('brass knuckles','1 to 3','0','1','first',20599,'MURDER'),('gun','1 to 3','0','0','0',20665,'DUI\'s'),('rod','9+','10001-99,999','0','0',20765,'DUI\'s'),('knife','4 to 8','5001-10000','0','0',20813,'ASSAULT'),('brass knuckles','9+','1-1000','3+','first',20878,'MURDER'),('rod','9+','0','0','0',20963,'KIDNAPPING'),('bomb','9+','1001-5000','1','first',21038,'MURDER'),('rod','9+','1-1000','0','0',21098,'VANDALISM'),('brass knuckles','4 to 8','0','1','third',21156,'MURDER'),('rod','1 to 3','10001-99,999','0','0',21170,'ROBBERY'),('rod','9+','1001-5000','1','third',21216,'MURDER'),('bomb','9+','1001-5000','1','third',21326,'MURDER'),('bomb','4 to 8','1-1000','0','0',21357,'TRAFFICKING'),('knife','9+','100000+','0','0',21381,'RAPE'),('brass knuckles','1 to 3','5001-10000','0','0',21475,'DUI\'s'),('rod','9+','0','0','0',21538,'VANDALISM'),('knife','4 to 8','0','0','0',21557,'DUI\'s'),('0','9+','100000+','1','first',21575,'MURDER'),('rod','4 to 8','100000+','0','0',21681,'ASSAULT'),('gun','1 to 3','0','0','0',21719,'ASSAULT'),('knife','9+','0','1','third',22007,'MURDER'),('bomb','0','1001-5000','0','0',22101,'KIDNAPPING'),('0','4 to 8','5001-10000','1','third',22135,'MURDER'),('brass knuckles','4 to 8','100000+','1','second',22262,'MURDER'),('bomb','9+','5001-10000','0','0',22548,'RAPE'),('0','1 to 3','1-1000','0','0',22685,'ROBBERY'),('knife','9+','5001-10000','0','0',22745,'TRAFFICKING'),('knife','1 to 3','1-1000','1','third',22829,'MURDER'),('0','1 to 3','100000+','0','0',23023,'TRAFFICKING'),('knife','1 to 3','100000+','1','third',23169,'MURDER'),('rod','1 to 3','5001-10000','3+','third',23294,'MURDER'),('gun','4 to 8','0','0','0',23408,'VANDALISM'),('0','0','1001-5000','0','0',23583,'VANDALISM'),('0','4 to 8','1-1000','3+','first',23660,'MURDER'),('gun','9+','1001-5000','0','0',23718,'VANDALISM'),('rod','0','1-1000','0','0',23820,'ARSON'),('bomb','0','10001-99,999','1','first',23824,'MURDER'),('brass knuckles','4 to 8','1001-5000','1','third',23917,'MURDER'),('bomb','9+','0','1','first',23982,'MURDER'),('brass knuckles','4 to 8','100000+','2','first',24120,'MURDER'),('bomb','9+','1-1000','0','0',24163,'KIDNAPPING'),('0','4 to 8','100000+','1','second',24208,'MURDER'),('knife','4 to 8','10001-99,999','0','0',24275,'ASSAULT'),('brass knuckles','1 to 3','1-1000','2','second',24426,'MURDER'),('0','1 to 3','0','0','0',24607,'ARSON'),('bomb','4 to 8','1001-5000','0','0',24795,'ARSON'),('brass knuckles','9+','1-1000','0','0',24841,'DRUG DEALING'),('brass knuckles','1 to 3','0','3+','first',24907,'MURDER'),('0','4 to 8','1-1000','1','first',24959,'MURDER'),('brass knuckles','1 to 3','10001-99,999','1','first',24997,'MURDER'),('bomb','4 to 8','0','1','first',25044,'MURDER'),('gun','4 to 8','0','0','0',25055,'DUI\'s'),('brass knuckles','4 to 8','1-1000','0','0',25169,'ARSON'),('bomb','1 to 3','10001-99,999','0','0',25379,'ASSAULT'),('knife','9+','10001-99,999','0','0',25388,'TRAFFICKING'),('gun','4 to 8','1-1000','3+','first',25427,'MURDER'),('knife','1 to 3','0','2','second',25540,'MURDER'),('bomb','4 to 8','0','0','0',25712,'ROBBERY'),('brass knuckles','0','10001-99,999','1','first',26031,'MURDER'),('bomb','1 to 3','1001-5000','0','0',26116,'TRAFFICKING'),('gun','4 to 8','1001-5000','0','0',26324,'ARSON'),('gun','1 to 3','1-1000','0','0',26390,'KIDNAPPING'),('gun','9+','100000+','1','second',26428,'MURDER'),('0','9+','10001-99,999','0','0',26495,'DRUG DEALING'),('knife','9+','1001-5000','0','0',26648,'DRUG DEALING'),('bomb','9+','100000+','0','0',27160,'VANDALISM'),('bomb','9+','100000+','0','0',27317,'KIDNAPPING'),('bomb','4 to 8','0','3+','third',27376,'MURDER'),('gun','4 to 8','100000+','0','0',27399,'ROBBERY'),('0','1 to 3','0','2','first',27474,'MURDER'),('bomb','4 to 8','1-1000','0','0',27543,'KIDNAPPING'),('gun','9+','5001-10000','0','0',27544,'DRUG DEALING'),('rod','0','0','1','third',27781,'MURDER'),('bomb','4 to 8','10001-99,999','0','0',27975,'ARSON'),('gun','1 to 3','100000+','1','first',28003,'MURDER'),('0','1 to 3','10001-99,999','3+','first',28004,'MURDER'),('brass knuckles','1 to 3','1-1000','0','0',28028,'DRUG DEALING'),('0','1 to 3','0','1','first',28030,'MURDER'),('bomb','1 to 3','1001-5000','1','third',28196,'MURDER'),('knife','1 to 3','100000+','1','third',28205,'MURDER'),('rod','1 to 3','1-1000','1','second',28245,'MURDER'),('brass knuckles','4 to 8','0','0','0',28288,'RAPE'),('0','9+','1-1000','0','0',28427,'ASSAULT'),('brass knuckles','4 to 8','5001-10000','0','0',28615,'KIDNAPPING'),('brass knuckles','9+','0','1','third',28659,'MURDER'),('knife','4 to 8','5001-10000','0','0',28743,'VANDALISM'),('bomb','1 to 3','10001-99,999','0','0',28798,'VANDALISM'),('gun','9+','10001-99,999','1','second',28949,'MURDER'),('rod','4 to 8','5001-10000','0','0',29013,'ROBBERY'),('rod','9+','10001-99,999','2','third',29145,'MURDER'),('gun','4 to 8','5001-10000','0','0',29173,'ASSAULT'),('bomb','9+','0','0','0',29312,'ASSAULT'),('gun','4 to 8','1001-5000','0','0',29349,'KIDNAPPING'),('bomb','1 to 3','5001-10000','2','first',29479,'MURDER'),('gun','1 to 3','10001-99,999','0','0',29562,'ROBBERY'),('gun','1 to 3','100000+','2','second',29804,'MURDER'),('knife','9+','5001-10000','0','0',29851,'ROBBERY'),('gun','9+','5001-10000','0','0',29939,'RAPE'),('knife','1 to 3','1-1000','3+','first',29992,'MURDER'),('0','4 to 8','1-1000','1','first',30324,'MURDER'),('0','1 to 3','1001-5000','1','first',30492,'MURDER'),('brass knuckles','1 to 3','100000+','0','0',30551,'VANDALISM'),('gun','9+','1001-5000','0','0',30804,'DUI\'s'),('brass knuckles','9+','1-1000','0','0',30856,'VANDALISM'),('rod','9+','0','0','0',31167,'VANDALISM'),('brass knuckles','9+','0','0','0',31381,'ARSON'),('0','4 to 8','100000+','1','second',31477,'MURDER'),('knife','4 to 8','0','1','second',31480,'MURDER'),('knife','4 to 8','0','0','0',31575,'KIDNAPPING'),('bomb','9+','5001-10000','0','0',31601,'TRAFFICKING'),('bomb','9+','10001-99,999','1','first',31649,'MURDER'),('rod','0','5001-10000','0','0',31654,'ROBBERY'),('knife','1 to 3','1-1000','1','first',31672,'MURDER'),('rod','1 to 3','0','1','first',31673,'MURDER'),('bomb','4 to 8','10001-99,999','3+','first',31724,'MURDER'),('0','9+','100000+','0','0',31873,'DUI\'s'),('0','1 to 3','0','2','second',32028,'MURDER'),('brass knuckles','1 to 3','100000+','0','0',32112,'ASSAULT'),('rod','1 to 3','1-1000','0','0',32181,'KIDNAPPING'),('0','4 to 8','10001-99,999','0','0',32301,'DUI\'s'),('0','0','5001-10000','0','0',32851,'DRUG DEALING'),('brass knuckles','1 to 3','5001-10000','1','second',32879,'MURDER'),('rod','9+','0','1','second',32917,'MURDER'),('rod','9+','1-1000','1','third',32975,'MURDER'),('knife','9+','0','2','first',32982,'MURDER'),('bomb','9+','1-1000','0','0',33098,'KIDNAPPING'),('brass knuckles','9+','10001-99,999','0','0',33316,'TRAFFICKING'),('knife','0','0','1','second',33470,'MURDER'),('brass knuckles','0','1-1000','0','0',33651,'RAPE'),('brass knuckles','9+','1-1000','0','0',33683,'VANDALISM'),('gun','1 to 3','1-1000','1','second',33974,'MURDER'),('0','0','1001-5000','0','0',34093,'VANDALISM'),('bomb','1 to 3','1-1000','0','0',34281,'ASSAULT'),('bomb','1 to 3','100000+','0','0',34525,'DUI\'s'),('0','9+','1-1000','1','second',34692,'MURDER'),('0','4 to 8','5001-10000','0','0',34714,'TRAFFICKING'),('bomb','1 to 3','0','0','0',34739,'KIDNAPPING'),('bomb','9+','10001-99,999','0','0',34860,'TRAFFICKING'),('gun','9+','100000+','0','0',34949,'KIDNAPPING'),('0','1 to 3','10001-99,999','3+','0',35051,'ASSAULT'),('brass knuckles','1 to 3','1-1000','0','0',35114,'TRAFFICKING'),('gun','4 to 8','5001-10000','0','0',35170,'VANDALISM'),('knife','9+','100000+','0','0',35229,'RAPE'),('knife','9+','0','2','third',35321,'MURDER'),('brass knuckles','0','0','1','third',35355,'MURDER'),('rod','9+','0','0','0',35381,'ASSAULT'),('0','1 to 3','100000+','1','second',35403,'MURDER'),('rod','1 to 3','100000+','1','second',35410,'MURDER'),('0','9+','10001-99,999','0','0',35460,'DRUG DEALING'),('gun','0','5001-10000','0','0',35766,'ASSAULT'),('gun','1 to 3','5001-10000','1','first',35780,'MURDER'),('brass knuckles','4 to 8','1-1000','0','0',35967,'KIDNAPPING'),('bomb','9+','100000+','0','0',36198,'ARSON'),('0','0','1001-5000','0','0',36500,'ROBBERY'),('rod','4 to 8','100000+','0','0',36514,'KIDNAPPING'),('rod','9+','10001-99,999','1','first',36601,'MURDER'),('knife','4 to 8','5001-10000','0','0',36763,'DUI\'s'),('bomb','4 to 8','1001-5000','1','first',36887,'MURDER'),('brass knuckles','1 to 3','0','0','0',36906,'TRAFFICKING'),('0','4 to 8','10001-99,999','0','0',37045,'ARSON'),('knife','9+','1-1000','0','0',37126,'TRAFFICKING'),('knife','1 to 3','100000+','0','0',37134,'TRAFFICKING'),('brass knuckles','1 to 3','100000+','0','0',37268,'KIDNAPPING'),('knife','1 to 3','0','1','third',37487,'MURDER'),('knife','0','1001-5000','1','second',37502,'MURDER'),('0','4 to 8','1001-5000','0','0',37557,'RAPE'),('bomb','9+','10001-99,999','0','0',37563,'DUI\'s'),('0','9+','0','2','first',37602,'MURDER'),('gun','1 to 3','1001-5000','1','first',37629,'MURDER'),('rod','9+','0','1','first',37788,'MURDER'),('rod','1 to 3','100000+','0','0',37820,'ROBBERY'),('gun','1 to 3','0','0','0',37989,'KIDNAPPING'),('rod','9+','1001-5000','0','0',38067,'ASSAULT'),('0','0','10001-99,999','0','0',38128,'RAPE'),('bomb','4 to 8','0','3+','first',38258,'MURDER'),('0','4 to 8','0','1','third',38324,'MURDER'),('gun','4 to 8','0','1','second',38637,'MURDER'),('bomb','9+','1-1000','0','0',38698,'RAPE'),('knife','4 to 8','1001-5000','0','0',38723,'DUI\'s'),('rod','4 to 8','5001-10000','1','first',39002,'MURDER'),('knife','4 to 8','1-1000','1','second',39218,'MURDER'),('knife','4 to 8','5001-10000','2','first',39272,'MURDER'),('knife','0','100000+','0','0',39433,'KIDNAPPING'),('gun','4 to 8','100000+','1','third',39592,'MURDER'),('rod','9+','1001-5000','1','first',39718,'MURDER'),('knife','4 to 8','0','3+','second',39807,'MURDER'),('brass knuckles','1 to 3','0','0','0',39847,'DUI\'s'),('0','1 to 3','100000+','0','0',39875,'ARSON'),('knife','4 to 8','1-1000','0','0',40322,'DUI\'s'),('knife','4 to 8','0','0','0',40347,'TRAFFICKING'),('knife','0','0','1','first',40476,'MURDER'),('bomb','4 to 8','1-1000','0','0',40477,'ARSON'),('rod','9+','100000+','0','0',40482,'ARSON'),('rod','4 to 8','1-1000','0','0',40815,'ASSAULT'),('knife','1 to 3','0','0','0',40918,'KIDNAPPING'),('0','1 to 3','5001-10000','0','0',41039,'RAPE'),('0','4 to 8','10001-99,999','0','0',41052,'TRAFFICKING'),('gun','4 to 8','1-1000','0','0',41220,'KIDNAPPING'),('bomb','1 to 3','0','2','first',41291,'MURDER'),('0','1 to 3','1-1000','0','0',41512,'TRAFFICKING'),('0','9+','0','0','0',41614,'ARSON'),('rod','1 to 3','1-1000','1','first',41666,'MURDER'),('brass knuckles','0','10001-99,999','3+','second',41686,'MURDER'),('knife','4 to 8','0','1','third',42594,'MURDER'),('rod','9+','10001-99,999','1','first',42651,'MURDER'),('0','4 to 8','5001-10000','0','0',42793,'VANDALISM'),('knife','4 to 8','0','0','0',42810,'ASSAULT'),('knife','1 to 3','0','1','third',42925,'MURDER'),('knife','4 to 8','1-1000','0','0',42954,'ROBBERY'),('knife','9+','10001-99,999','0','0',43007,'DRUG DEALING'),('brass knuckles','0','1-1000','1','third',43131,'MURDER'),('gun','4 to 8','1001-5000','0','0',43200,'TRAFFICKING'),('0','4 to 8','1001-5000','0','0',43218,'DRUG DEALING'),('bomb','4 to 8','100000+','1','third',43226,'MURDER'),('rod','1 to 3','5001-10000','1','first',43329,'MURDER'),('knife','1 to 3','0','0','0',43361,'ASSAULT'),('brass knuckles','4 to 8','10001-99,999','0','0',43635,'ARSON'),('bomb','9+','100000+','0','0',43742,'ROBBERY'),('brass knuckles','1 to 3','5001-10000','0','0',43925,'ROBBERY'),('gun','4 to 8','100000+','0','0',43936,'ASSAULT'),('rod','9+','0','0','0',43998,'ROBBERY'),('knife','9+','0','1','first',44000,'MURDER'),('rod','9+','0','0','0',44184,'KIDNAPPING'),('bomb','4 to 8','1001-5000','0','0',44354,'KIDNAPPING'),('rod','1 to 3','1001-5000','1','second',44394,'MURDER'),('bomb','9+','0','0','0',44470,'ARSON'),('knife','0','100000+','0','0',44542,'VANDALISM'),('brass knuckles','1 to 3','0','0','0',44831,'TRAFFICKING'),('bomb','9+','0','1','first',44963,'MURDER'),('bomb','9+','1001-5000','0','0',45019,'RAPE'),('knife','4 to 8','5001-10000','1','third',45095,'MURDER'),('brass knuckles','1 to 3','10001-99,999','0','0',45300,'TRAFFICKING'),('brass knuckles','0','1-1000','1','first',45309,'MURDER'),('bomb','0','10001-99,999','1','first',45323,'MURDER'),('knife','9+','0','0','0',45490,'KIDNAPPING'),('brass knuckles','0','1-1000','0','0',45496,'ROBBERY'),('knife','4 to 8','1001-5000','0','0',45658,'DUI\'s'),('0','9+','1-1000','0','0',45756,'ASSAULT'),('gun','4 to 8','5001-10000','0','0',45826,'DUI\'s'),('rod','4 to 8','100000+','0','0',46020,'RAPE'),('bomb','1 to 3','10001-99,999','0','0',46022,'DRUG DEALING'),('bomb','4 to 8','0','1','second',46093,'MURDER'),('bomb','4 to 8','1-1000','0','0',46099,'KIDNAPPING'),('brass knuckles','0','0','1','second',46128,'MURDER'),('0','9+','100000+','0','0',46257,'KIDNAPPING'),('rod','9+','0','0','0',46475,'ASSAULT'),('brass knuckles','4 to 8','1001-5000','0','0',46480,'ARSON'),('brass knuckles','1 to 3','1-1000','0','0',46588,'ASSAULT'),('bomb','9+','5001-10000','1','third',46928,'MURDER'),('brass knuckles','9+','100000+','0','0',47042,'KIDNAPPING'),('rod','0','0','3+','third',47107,'MURDER'),('rod','1 to 3','10001-99,999','1','first',47145,'MURDER'),('0','4 to 8','1001-5000','1','first',47298,'MURDER'),('rod','4 to 8','100000+','3+','third',47343,'MURDER'),('rod','4 to 8','1-1000','0','0',47448,'RAPE'),('bomb','9+','5001-10000','2','second',47970,'MURDER'),('knife','9+','1-1000','0','0',48046,'VANDALISM'),('rod','1 to 3','0','0','0',48293,'RAPE'),('brass knuckles','4 to 8','10001-99,999','1','first',48514,'MURDER'),('brass knuckles','1 to 3','5001-10000','1','first',48540,'MURDER'),('knife','1 to 3','1001-5000','1','first',49264,'MURDER'),('knife','1 to 3','100000+','1','first',49304,'MURDER'),('knife','4 to 8','100000+','0','0',49319,'RAPE'),('0','9+','1001-5000','0','0',49355,'RAPE'),('brass knuckles','1 to 3','1-1000','0','0',49588,'DRUG DEALING'),('rod','0','10001-99,999','1','first',49694,'MURDER'),('0','9+','5001-10000','0','0',49738,'DUI\'s'),('bomb','4 to 8','0','0','0',49834,'ARSON'),('bomb','1 to 3','1-1000','1','third',49879,'MURDER'),('bomb','9+','0','0','0',50034,'DUI\'s'),('rod','9+','1001-5000','1','first',50060,'MURDER'),('brass knuckles','4 to 8','1-1000','0','0',50108,'TRAFFICKING'),('bomb','1 to 3','5001-10000','0','0',50109,'ROBBERY'),('0','9+','0','2','third',50211,'MURDER'),('brass knuckles','4 to 8','0','0','0',50335,'RAPE'),('rod','0','0','1','third',50369,'MURDER'),('rod','9+','1-1000','0','0',50443,'DUI\'s'),('0','1 to 3','100000+','0','0',50477,'ROBBERY'),('0','0','10001-99,999','0','0',50633,'VANDALISM'),('gun','9+','100000+','1','second',50635,'MURDER'),('rod','1 to 3','0','0','0',50663,'VANDALISM'),('gun','4 to 8','1-1000','1','second',50809,'MURDER'),('brass knuckles','9+','1-1000','0','0',50842,'KIDNAPPING'),('bomb','9+','0','1','second',50934,'MURDER'),('0','9+','1001-5000','0','0',50948,'ARSON'),('rod','1 to 3','5001-10000','0','0',51166,'KIDNAPPING'),('knife','1 to 3','0','0','0',51270,'DRUG DEALING'),('bomb','9+','0','3+','second',51297,'MURDER'),('0','4 to 8','0','1','third',51326,'MURDER'),('knife','4 to 8','1001-5000','0','0',51404,'ROBBERY'),('bomb','4 to 8','5001-10000','0','0',51554,'DUI\'s'),('brass knuckles','1 to 3','10001-99,999','0','0',51573,'ASSAULT'),('gun','9+','1001-5000','0','0',51578,'VANDALISM'),('rod','9+','1-1000','0','0',51605,'TRAFFICKING'),('rod','9+','100000+','2','second',51733,'MURDER'),('bomb','9+','10001-99,999','0','0',51840,'RAPE'),('bomb','1 to 3','1001-5000','0','0',51881,'KIDNAPPING'),('bomb','4 to 8','1001-5000','0','0',51893,'KIDNAPPING'),('rod','4 to 8','1-1000','0','0',52004,'TRAFFICKING'),('rod','1 to 3','0','1','second',52036,'MURDER'),('gun','1 to 3','1001-5000','0','0',52162,'KIDNAPPING'),('rod','9+','0','1','first',52284,'MURDER'),('knife','9+','0','1','second',52335,'MURDER'),('knife','4 to 8','1-1000','1','first',52372,'MURDER'),('knife','1 to 3','1001-5000','1','first',52398,'MURDER'),('gun','4 to 8','5001-10000','0','0',52488,'TRAFFICKING'),('gun','9+','1001-5000','0','0',52544,'DRUG DEALING'),('brass knuckles','4 to 8','100000+','0','0',52618,'KIDNAPPING'),('0','4 to 8','1-1000','0','0',52655,'ARSON'),('0','0','1-1000','0','0',52683,'DRUG DEALING'),('gun','1 to 3','10001-99,999','0','0',52938,'VANDALISM'),('gun','9+','0','1','first',52944,'MURDER'),('gun','4 to 8','1-1000','0','0',52974,'ROBBERY'),('gun','0','1001-5000','0','0',53106,'RAPE'),('gun','9+','1001-5000','0','0',53398,'RAPE'),('bomb','9+','5001-10000','0','0',53525,'ASSAULT'),('rod','0','5001-10000','1','second',54128,'MURDER'),('knife','4 to 8','1001-5000','1','third',54152,'MURDER'),('rod','9+','5001-10000','0','0',54343,'KIDNAPPING'),('brass knuckles','9+','0','0','0',54362,'VANDALISM'),('gun','1 to 3','10001-99,999','1','first',54595,'MURDER'),('brass knuckles','1 to 3','0','0','0',54980,'ARSON'),('rod','1 to 3','100000+','0','0',54991,'ASSAULT'),('gun','1 to 3','1001-5000','0','0',55097,'ROBBERY'),('bomb','0','100000+','1','first',55227,'MURDER'),('brass knuckles','4 to 8','5001-10000','0','0',55289,'ROBBERY'),('brass knuckles','1 to 3','0','1','first',55372,'MURDER'),('rod','9+','5001-10000','1','second',55376,'MURDER'),('brass knuckles','0','100000+','1','third',55431,'MURDER'),('bomb','4 to 8','0','1','first',55503,'MURDER'),('brass knuckles','0','0','1','first',55608,'MURDER'),('bomb','1 to 3','10001-99,999','0','0',55670,'VANDALISM'),('bomb','1 to 3','10001-99,999','0','0',55797,'ARSON'),('gun','9+','100000+','0','0',55808,'VANDALISM'),('0','1 to 3','1001-5000','0','0',55841,'KIDNAPPING'),('gun','9+','0','1','third',55881,'MURDER'),('rod','9+','10001-99,999','0','0',55941,'KIDNAPPING'),('gun','1 to 3','1001-5000','0','0',56067,'ASSAULT'),('bomb','0','0','1','third',56106,'MURDER'),('brass knuckles','4 to 8','10001-99,999','1','second',56235,'MURDER'),('gun','4 to 8','10001-99,999','0','0',56293,'DRUG DEALING'),('knife','9+','0','0','0',56744,'TRAFFICKING'),('0','9+','0','1','third',56747,'MURDER'),('brass knuckles','4 to 8','10001-99,999','0','0',56797,'ASSAULT'),('bomb','1 to 3','100000+','0','0',56926,'KIDNAPPING'),('gun','9+','0','0','0',56972,'ARSON'),('rod','4 to 8','0','0','0',57125,'RAPE'),('bomb','9+','5001-10000','0','0',57175,'DRUG DEALING'),('brass knuckles','1 to 3','1-1000','1','first',57259,'MURDER'),('knife','0','5001-10000','0','0',57261,'ASSAULT'),('gun','0','5001-10000','0','0',57291,'TRAFFICKING'),('gun','1 to 3','1-1000','1','first',57408,'MURDER'),('knife','1 to 3','10001-99,999','0','0',57483,'ROBBERY'),('gun','1 to 3','0','0','0',57535,'RAPE'),('bomb','4 to 8','0','0','0',57653,'ARSON'),('brass knuckles','0','10001-99,999','1','first',57691,'MURDER'),('bomb','1 to 3','100000+','2','second',57702,'MURDER'),('gun','4 to 8','10001-99,999','1','third',57716,'MURDER'),('rod','4 to 8','5001-10000','0','0',58524,'VANDALISM'),('gun','1 to 3','1-1000','1','first',58769,'MURDER'),('brass knuckles','4 to 8','10001-99,999','2','first',58879,'MURDER'),('bomb','4 to 8','10001-99,999','0','0',58901,'ROBBERY'),('0','1 to 3','0','0','0',59250,'VANDALISM'),('brass knuckles','4 to 8','0','0','0',59378,'DRUG DEALING'),('gun','9+','0','0','0',59485,'RAPE'),('bomb','1 to 3','0','1','third',59621,'MURDER'),('brass knuckles','4 to 8','5001-10000','0','0',59641,'TRAFFICKING'),('brass knuckles','0','100000+','0','0',59667,'TRAFFICKING'),('0','0','1-1000','3+','second',59721,'MURDER'),('bomb','1 to 3','0','0','0',59773,'DUI\'s'),('bomb','4 to 8','100000+','1','third',59872,'MURDER'),('gun','4 to 8','1001-5000','0','0',60125,'DRUG DEALING'),('rod','1 to 3','5001-10000','0','0',60251,'DRUG DEALING'),('bomb','1 to 3','100000+','1','first',60552,'MURDER'),('bomb','4 to 8','100000+','0','0',60636,'DUI\'s'),('knife','4 to 8','1-1000','1','first',60663,'MURDER'),('0','1 to 3','10001-99,999','0','0',60809,'RAPE'),('rod','4 to 8','1001-5000','0','0',61011,'VANDALISM'),('brass knuckles','9+','0','0','0',61093,'ARSON'),('bomb','1 to 3','1001-5000','0','0',61344,'ARSON'),('knife','9+','5001-10000','0','0',61578,'RAPE'),('gun','1 to 3','1-1000','0','0',62214,'ARSON'),('bomb','4 to 8','0','1','third',62257,'MURDER'),('0','0','0','1','first',62292,'MURDER'),('0','4 to 8','100000+','0','0',62426,'ARSON'),('rod','9+','10001-99,999','1','first',62426,'MURDER'),('gun','1 to 3','0','0','0',62825,'TRAFFICKING'),('0','1 to 3','5001-10000','0','0',62882,'ARSON'),('0','4 to 8','1-1000','0','0',62933,'ROBBERY'),('rod','4 to 8','10001-99,999','0','0',62974,'ARSON'),('knife','4 to 8','100000+','1','third',63092,'MURDER'),('bomb','4 to 8','100000+','0','0',63127,'ASSAULT'),('gun','4 to 8','0','0','0',63182,'DUI\'s'),('bomb','1 to 3','100000+','0','0',63294,'ASSAULT'),('knife','1 to 3','1-1000','3+','first',63374,'MURDER'),('gun','4 to 8','0','2','second',63396,'MURDER'),('brass knuckles','4 to 8','0','0','0',63414,'DRUG DEALING'),('brass knuckles','9+','1-1000','11','first',63437,'MURDER'),('gun','1 to 3','1001-5000','2','first',63639,'MURDER'),('brass knuckles','9+','5001-10000','1','first',63654,'MURDER'),('rod','1 to 3','100000+','0','0',63865,'ASSAULT'),('knife','4 to 8','5001-10000','0','0',63894,'DUI\'s'),('brass knuckles','4 to 8','5001-10000','0','0',63933,'ARSON'),('brass knuckles','1 to 3','10001-99,999','0','0',63964,'TRAFFICKING'),('brass knuckles','9+','100000+','0','0',64088,'KIDNAPPING'),('rod','9+','0','0','0',64178,'DUI\'s'),('rod','4 to 8','0','1','second',64243,'MURDER'),('knife','4 to 8','1001-5000','0','0',64309,'ROBBERY'),('knife','4 to 8','1001-5000','0','0',64445,'DRUG DEALING'),('0','4 to 8','1-1000','0','0',64507,'ASSAULT'),('bomb','4 to 8','100000+','1','second',64676,'MURDER'),('brass knuckles','9+','5001-10000','1','first',65000,'MURDER'),('gun','1 to 3','5001-10000','1','first',65157,'MURDER'),('0','4 to 8','10001-99,999','2','second',65248,'MURDER'),('rod','9+','1001-5000','0','0',65283,'ARSON'),('rod','1 to 3','1001-5000','0','0',65346,'ARSON'),('knife','1 to 3','100000+','1','third',65469,'MURDER'),('0','9+','10001-99,999','0','0',65581,'ASSAULT'),('0','1 to 3','0','0','0',65626,'ARSON'),('rod','1 to 3','5001-10000','0','0',65644,'VANDALISM'),('brass knuckles','9+','1-1000','0','0',65731,'DRUG DEALING'),('brass knuckles','9+','1-1000','0','0',65753,'ROBBERY'),('brass knuckles','1 to 3','100000+','0','0',65771,'VANDALISM'),('rod','4 to 8','100000+','0','0',65784,'ARSON'),('0','9+','10001-99,999','0','0',65820,'DUI\'s'),('bomb','1 to 3','100000+','1','first',65859,'MURDER'),('0','1 to 3','5001-10000','2','first',65875,'MURDER'),('bomb','4 to 8','1001-5000','0','0',65920,'KIDNAPPING'),('bomb','1 to 3','1-1000','0','0',65950,'DUI\'s'),('gun','4 to 8','1-1000','0','0',66164,'TRAFFICKING'),('rod','1 to 3','1001-5000','0','0',66233,'ARSON'),('brass knuckles','9+','100000+','0','0',66308,'DRUG DEALING'),('brass knuckles','4 to 8','1001-5000','0','0',66310,'RAPE'),('bomb','9+','5001-10000','0','0',66413,'ARSON'),('bomb','4 to 8','0','3+','second',66608,'MURDER'),('gun','9+','5001-10000','0','0',66634,'DRUG DEALING'),('knife','4 to 8','5001-10000','0','0',66655,'RAPE'),('knife','1 to 3','10001-99,999','0','0',66669,'VANDALISM'),('brass knuckles','4 to 8','0','2','third',66815,'MURDER'),('0','9+','1-1000','0','0',67200,'KIDNAPPING'),('brass knuckles','0','10001-99,999','0','0',67272,'ASSAULT'),('knife','1 to 3','100000+','1','third',67785,'MURDER'),('gun','0','0','1','first',67841,'MURDER'),('rod','9+','1-1000','1','second',67898,'MURDER'),('knife','4 to 8','1-1000','0','0',68109,'VANDALISM'),('brass knuckles','9+','0','3+','first',68265,'MURDER'),('knife','4 to 8','5001-10000','0','0',68452,'DRUG DEALING'),('brass knuckles','1 to 3','100000+','1','second',68622,'MURDER'),('0','4 to 8','5001-10000','0','0',68746,'DRUG DEALING'),('brass knuckles','9+','1-1000','0','0',68840,'VANDALISM'),('bomb','4 to 8','5001-10000','0','0',68943,'RAPE'),('brass knuckles','9+','0','0','0',69012,'ROBBERY'),('knife','4 to 8','0','0','0',69096,'RAPE'),('bomb','4 to 8','0','0','0',69344,'ASSAULT'),('knife','4 to 8','1001-5000','1','second',69438,'MURDER'),('bomb','1 to 3','0','0','0',69535,'DRUG DEALING'),('gun','1 to 3','10001-99,999','0','0',69682,'KIDNAPPING'),('bomb','9+','1001-5000','1','first',69795,'MURDER'),('brass knuckles','0','1-1000','0','0',70051,'KIDNAPPING'),('gun','9+','5001-10000','0','0',70302,'VANDALISM'),('rod','9+','0','0','0',70319,'KIDNAPPING'),('bomb','9+','100000+','0','0',70348,'DRUG DEALING'),('0','9+','1-1000','0','0',70393,'ROBBERY'),('rod','4 to 8','1001-5000','0','0',70474,'RAPE'),('brass knuckles','1 to 3','0','0','0',70564,'RAPE'),('knife','9+','1001-5000','0','0',70703,'KIDNAPPING'),('rod','9+','1001-5000','1','first',70844,'MURDER'),('knife','4 to 8','100000+','0','0',71367,'DRUG DEALING'),('bomb','9+','10001-99,999','1','first',71426,'MURDER'),('bomb','9+','1-1000','0','0',71556,'ARSON'),('gun','4 to 8','5001-10000','0','0',72308,'DUI\'s'),('rod','4 to 8','0','0','0',72376,'RAPE'),('brass knuckles','4 to 8','100000+','0','0',72547,'VANDALISM'),('bomb','9+','1-1000','1','second',72579,'MURDER'),('knife','1 to 3','100000+','1','second',72583,'MURDER'),('knife','1 to 3','0','1','second',72612,'MURDER'),('gun','4 to 8','0','1','first',72617,'MURDER'),('brass knuckles','9+','5001-10000','0','0',72739,'ROBBERY'),('0','9+','5001-10000','0','0',72753,'DUI\'s'),('brass knuckles','1 to 3','0','0','0',72942,'DRUG DEALING'),('bomb','4 to 8','1001-5000','0','0',73086,'TRAFFICKING'),('gun','0','5001-10000','1','first',73091,'MURDER'),('gun','1 to 3','1001-5000','0','0',73318,'ROBBERY'),('knife','1 to 3','5001-10000','0','0',73324,'VANDALISM'),('gun','1 to 3','100000+','1','first',73500,'MURDER'),('bomb','9+','1-1000','0','0',73610,'KIDNAPPING'),('rod','4 to 8','100000+','3+','third',73616,'MURDER'),('bomb','0','1001-5000','1','first',73698,'MURDER'),('rod','9+','100000+','0','0',73891,'KIDNAPPING'),('bomb','4 to 8','1-1000','0','0',73988,'DUI\'s'),('knife','4 to 8','1001-5000','0','0',74070,'DRUG DEALING'),('bomb','0','100000+','0','0',74331,'DRUG DEALING'),('gun','4 to 8','10001-99,999','0','0',74509,'ASSAULT'),('rod','1 to 3','10001-99,999','0','0',74523,'VANDALISM'),('knife','4 to 8','1001-5000','0','0',74626,'DUI\'s'),('knife','0','1-1000','1','first',74780,'MURDER'),('rod','0','1-1000','1','first',74888,'MURDER'),('knife','4 to 8','100000+','0','0',75064,'DRUG DEALING'),('brass knuckles','1 to 3','10001-99,999','1','second',75290,'MURDER'),('knife','1 to 3','1001-5000','0','0',75299,'VANDALISM'),('rod','4 to 8','0','0','0',75318,'ASSAULT'),('bomb','4 to 8','10001-99,999','0','0',75355,'DRUG DEALING'),('rod','9+','5001-10000','0','0',75567,'VANDALISM'),('brass knuckles','1 to 3','0','1','second',75570,'MURDER'),('bomb','4 to 8','10001-99,999','0','0',75641,'DUI\'s'),('gun','9+','5001-10000','0','0',75724,'ROBBERY'),('gun','1 to 3','100000+','1','first',75749,'MURDER'),('0','4 to 8','10001-99,999','0','0',75849,'DUI\'s'),('brass knuckles','4 to 8','0','0','0',75849,'TRAFFICKING'),('rod','1 to 3','1-1000','0','0',76003,'ARSON'),('brass knuckles','4 to 8','5001-10000','3+','first',76019,'MURDER'),('rod','4 to 8','0','0','0',76093,'TRAFFICKING'),('bomb','9+','0','1','first',76246,'MURDER'),('knife','1 to 3','0','0','0',76393,'TRAFFICKING'),('rod','1 to 3','1001-5000','0','0',76527,'RAPE'),('knife','9+','5001-10000','1','first',76655,'MURDER'),('knife','0','1-1000','1','first',76850,'MURDER'),('brass knuckles','9+','100000+','0','0',76936,'ASSAULT'),('rod','1 to 3','100000+','1','first',77073,'MURDER'),('gun','4 to 8','0','0','0',77119,'DRUG DEALING'),('rod','1 to 3','5001-10000','2','third',77220,'MURDER'),('rod','4 to 8','1-1000','2','first',77845,'MURDER'),('brass knuckles','4 to 8','100000+','0','0',77895,'ASSAULT'),('knife','9+','0','0','0',77967,'RAPE'),('knife','4 to 8','10001-99,999','0','0',78115,'VANDALISM'),('gun','9+','100000+','0','0',78144,'DUI\'s'),('bomb','1 to 3','10001-99,999','0','0',78157,'DRUG DEALING'),('knife','0','100000+','2','third',78381,'MURDER'),('knife','4 to 8','0','0','0',78405,'TRAFFICKING'),('knife','4 to 8','5001-10000','1','first',78429,'MURDER'),('0','1 to 3','100000+','0','0',78483,'RAPE'),('knife','0','10001-99,999','0','0',78595,'ROBBERY'),('bomb','9+','10001-99,999','0','0',78803,'TRAFFICKING'),('bomb','0','1001-5000','0','0',78856,'DUI\'s'),('knife','0','5001-10000','1','first',78893,'MURDER'),('gun','0','1001-5000','2','first',79084,'MURDER'),('knife','9+','10001-99,999','1','third',79178,'MURDER'),('0','9+','10001-99,999','0','0',79194,'TRAFFICKING'),('gun','0','10001-99,999','0','0',79227,'DUI\'s'),('0','1 to 3','5001-10000','1','first',79390,'MURDER'),('bomb','1 to 3','0','0','0',79391,'ARSON'),('0','9+','10001-99,999','0','0',79419,'ROBBERY'),('gun','9+','5001-10000','0','0',79423,'KIDNAPPING'),('0','9+','1001-5000','0','0',79477,'DUI\'s'),('knife','1 to 3','1-1000','0','0',79544,'RAPE'),('knife','4 to 8','5001-10000','0','0',79882,'RAPE'),('0','1 to 3','5001-10000','0','0',80044,'DUI\'s'),('gun','1 to 3','0','0','0',80173,'RAPE'),('0','0','1001-5000','0','0',80180,'VANDALISM'),('knife','4 to 8','1-1000','1','first',80396,'MURDER'),('gun','0','1-1000','0','0',80577,'ASSAULT'),('rod','9+','1001-5000','1','first',80583,'MURDER'),('rod','4 to 8','100000+','0','0',80648,'DUI\'s'),('gun','9+','100000+','0','0',80671,'TRAFFICKING'),('gun','9+','1001-5000','0','0',80744,'ROBBERY'),('0','0','1001-5000','0','0',80950,'RAPE'),('gun','0','10001-99,999','0','0',80982,'DRUG DEALING'),('brass knuckles','1 to 3','100000+','0','0',81001,'VANDALISM'),('knife','0','5001-10000','0','0',81502,'TRAFFICKING'),('gun','1 to 3','0','0','0',81574,'RAPE'),('gun','1 to 3','1-1000','0','0',81583,'DRUG DEALING'),('brass knuckles','1 to 3','1-1000','0','0',81599,'RAPE'),('0','9+','1-1000','3+','second',81625,'MURDER'),('brass knuckles','4 to 8','1-1000','0','0',81629,'TRAFFICKING'),('knife','9+','0','0','0',81658,'DRUG DEALING'),('rod','1 to 3','5001-10000','0','0',81835,'VANDALISM'),('gun','1 to 3','1001-5000','0','0',81843,'TRAFFICKING'),('rod','1 to 3','5001-10000','0','0',81872,'DUI\'s'),('0','9+','5001-10000','0','0',81968,'ASSAULT'),('bomb','1 to 3','5001-10000','1','first',82014,'MURDER'),('bomb','9+','10001-99,999','1','first',82184,'MURDER'),('rod','1 to 3','100000+','1','second',82488,'MURDER'),('rod','0','1001-5000','0','0',82643,'ROBBERY'),('rod','4 to 8','1001-5000','0','0',82995,'ROBBERY'),('brass knuckles','0','1-1000','1','first',83000,'MURDER'),('bomb','1 to 3','10001-99,999','0','0',83047,'ARSON'),('0','4 to 8','100000+','0','0',83157,'DRUG DEALING'),('brass knuckles','9+','0','0','0',83178,'ARSON'),('brass knuckles','1 to 3','100000+','0','0',83190,'DUI\'s'),('bomb','4 to 8','0','1','second',83294,'MURDER'),('knife','4 to 8','100000+','1','first',83513,'MURDER'),('knife','9+','0','0','0',83591,'ROBBERY'),('rod','9+','5001-10000','0','0',83606,'ARSON'),('rod','9+','5001-10000','0','0',83805,'ROBBERY'),('rod','4 to 8','1001-5000','0','0',83841,'RAPE'),('gun','4 to 8','1-1000','0','0',83841,'ROBBERY'),('gun','4 to 8','5001-10000','1','second',83937,'MURDER'),('bomb','4 to 8','0','0','0',84052,'ASSAULT'),('rod','0','0','1','first',84315,'MURDER'),('rod','1 to 3','5001-10000','1','first',84373,'MURDER'),('brass knuckles','0','100000+','1','second',84377,'MURDER'),('bomb','4 to 8','1001-5000','0','0',84407,'ARSON'),('rod','9+','100000+','11','third',84886,'MURDER'),('0','1 to 3','1001-5000','0','0',84930,'KIDNAPPING'),('bomb','9+','1-1000','0','0',84950,'KIDNAPPING'),('bomb','4 to 8','0','1','first',84982,'MURDER'),('rod','1 to 3','0','3+','second',85063,'MURDER'),('bomb','9+','5001-10000','1','first',85132,'MURDER'),('gun','4 to 8','1001-5000','0','0',85143,'RAPE'),('rod','4 to 8','0','1','first',85175,'MURDER'),('knife','9+','100000+','1','second',85178,'MURDER'),('rod','1 to 3','10001-99,999','0','0',85247,'TRAFFICKING'),('gun','9+','0','1','third',85355,'MURDER'),('0','4 to 8','5001-10000','0','0',85362,'TRAFFICKING'),('gun','0','1-1000','1','second',85373,'MURDER'),('knife','1 to 3','1-1000','1','first',85447,'MURDER'),('brass knuckles','4 to 8','0','0','0',85532,'DRUG DEALING'),('bomb','1 to 3','10001-99,999','1','third',85536,'MURDER'),('bomb','9+','0','0','0',85579,'DUI\'s'),('0','4 to 8','1001-5000','0','0',85862,'ROBBERY'),('brass knuckles','1 to 3','1-1000','0','0',86071,'RAPE'),('bomb','1 to 3','1-1000','0','0',86158,'ROBBERY'),('rod','1 to 3','0','0','0',86189,'VANDALISM'),('0','9+','5001-10000','0','0',86240,'ASSAULT'),('knife','1 to 3','1-1000','1','second',86296,'MURDER'),('0','4 to 8','1001-5000','1','first',86528,'MURDER'),('bomb','4 to 8','5001-10000','3+','first',86610,'MURDER'),('brass knuckles','0','5001-10000','0','0',86859,'ROBBERY'),('bomb','0','1-1000','1','first',87048,'MURDER'),('rod','9+','10001-99,999','0','0',87135,'TRAFFICKING'),('0','9+','1-1000','1','second',87155,'MURDER'),('rod','0','5001-10000','1','first',87233,'MURDER'),('brass knuckles','1 to 3','5001-10000','0','0',87235,'RAPE'),('knife','1 to 3','0','0','0',87413,'KIDNAPPING'),('gun','1 to 3','100000+','1','first',87454,'MURDER'),('knife','9+','1001-5000','0','0',87481,'ASSAULT'),('knife','9+','5001-10000','0','0',87547,'ASSAULT'),('rod','9+','1001-5000','0','0',87568,'RAPE'),('knife','4 to 8','5001-10000','0','0',87631,'ROBBERY'),('brass knuckles','1 to 3','1-1000','1','first',87852,'MURDER'),('0','4 to 8','10001-99,999','0','0',87854,'ROBBERY'),('knife','9+','1001-5000','0','0',87877,'DRUG DEALING'),('knife','0','100000+','0','0',88161,'DRUG DEALING'),('brass knuckles','4 to 8','10001-99,999','0','0',88380,'RAPE'),('gun','4 to 8','0','0','0',88455,'ARSON'),('bomb','9+','0','0','0',88489,'ASSAULT'),('gun','1 to 3','5001-10000','0','0',88679,'TRAFFICKING'),('bomb','9+','1001-5000','0','0',88695,'DUI\'s'),('bomb','9+','0','0','0',88704,'RAPE'),('gun','4 to 8','0','1','first',88792,'MURDER'),('gun','4 to 8','1001-5000','0','0',88826,'ARSON'),('rod','0','100000+','0','0',89098,'TRAFFICKING'),('bomb','0','1001-5000','0','0',89121,'ASSAULT'),('bomb','9+','10001-99,999','1','second',89146,'MURDER'),('brass knuckles','4 to 8','0','3+','second',89177,'MURDER'),('brass knuckles','4 to 8','1-1000','0','0',89532,'TRAFFICKING'),('gun','0','0','1','third',89573,'MURDER'),('knife','4 to 8','1-1000','0','0',89621,'ASSAULT'),('0','9+','100000+','0','0',89628,'ASSAULT'),('rod','1 to 3','1-1000','1','second',89634,'MURDER'),('knife','1 to 3','1001-5000','1','third',89750,'MURDER'),('rod','9+','5001-10000','3+','second',89838,'MURDER'),('rod','4 to 8','5001-10000','1','first',89862,'MURDER'),('bomb','9+','100000+','1','first',89992,'MURDER'),('rod','9+','5001-10000','1','first',90012,'MURDER'),('gun','4 to 8','0','3+','first',90132,'MURDER'),('gun','9+','10001-99,999','2','first',90156,'MURDER'),('gun','1 to 3','100000+','1','second',90289,'MURDER'),('brass knuckles','1 to 3','0','0','0',90344,'TRAFFICKING'),('knife','1 to 3','1-1000','1','first',90414,'MURDER'),('rod','4 to 8','10001-99,999','0','0',90440,'VANDALISM'),('gun','9+','100000+','0','0',90448,'ARSON'),('gun','1 to 3','1-1000','0','0',90475,'ARSON'),('gun','4 to 8','5001-10000','0','0',90492,'ROBBERY'),('gun','1 to 3','1001-5000','0','0',90520,'TRAFFICKING'),('bomb','9+','10001-99,999','1','first',90759,'MURDER'),('bomb','4 to 8','1-1000','1','second',90859,'MURDER'),('rod','9+','10001-99,999','0','0',90903,'VANDALISM'),('brass knuckles','9+','1-1000','1','second',90932,'MURDER'),('rod','9+','5001-10000','1','first',91141,'MURDER'),('knife','4 to 8','100000+','0','0',91246,'RAPE'),('0','9+','5001-10000','0','0',91346,'DRUG DEALING'),('rod','9+','0','0','0',91397,'ROBBERY'),('bomb','4 to 8','100000+','0','0',91581,'VANDALISM'),('rod','4 to 8','0','1','first',91590,'MURDER'),('knife','9+','10001-99,999','0','0',91792,'RAPE'),('rod','9+','0','0','0',91960,'ASSAULT'),('gun','9+','0','1','first',92019,'MURDER'),('rod','4 to 8','1-1000','0','0',92114,'KIDNAPPING'),('bomb','9+','1-1000','0','0',92294,'ARSON'),('gun','1 to 3','100000+','0','0',92515,'ROBBERY'),('knife','4 to 8','5001-10000','0','0',92568,'VANDALISM'),('bomb','4 to 8','10001-99,999','1','second',92631,'MURDER'),('gun','4 to 8','0','0','0',92674,'TRAFFICKING'),('brass knuckles','1 to 3','1001-5000','1','first',93006,'MURDER'),('rod','9+','0','1','first',93046,'MURDER'),('gun','9+','100000+','0','0',93101,'DUI\'s'),('0','4 to 8','100000+','0','0',93213,'VANDALISM'),('knife','9+','100000+','0','0',93378,'TRAFFICKING'),('gun','4 to 8','5001-10000','1','second',93390,'MURDER'),('bomb','9+','1001-5000','0','0',93398,'KIDNAPPING'),('gun','4 to 8','1001-5000','0','0',93602,'DRUG DEALING'),('rod','4 to 8','10001-99,999','1','third',93652,'MURDER'),('gun','1 to 3','1-1000','1','first',93723,'MURDER'),('brass knuckles','9+','1001-5000','3+','first',93907,'MURDER'),('0','4 to 8','1-1000','0','0',94090,'ROBBERY'),('gun','1 to 3','0','0','0',94105,'KIDNAPPING'),('gun','4 to 8','0','1','second',94559,'MURDER'),('bomb','4 to 8','1001-5000','1','third',94632,'MURDER'),('bomb','9+','0','0','0',94700,'ROBBERY'),('knife','1 to 3','10001-99,999','0','0',94827,'DRUG DEALING'),('gun','9+','5001-10000','0','0',95092,'VANDALISM'),('gun','9+','10001-99,999','1','first',95106,'MURDER'),('gun','1 to 3','100000+','1','second',95355,'MURDER'),('bomb','9+','5001-10000','0','0',95573,'TRAFFICKING'),('gun','9+','0','0','0',95615,'DRUG DEALING'),('knife','1 to 3','100000+','0','0',95736,'TRAFFICKING'),('rod','9+','10001-99,999','0','0',95900,'ROBBERY'),('brass knuckles','9+','100000+','0','0',95930,'ROBBERY'),('brass knuckles','1 to 3','10001-99,999','0','0',96097,'ASSAULT'),('brass knuckles','9+','10001-99,999','0','0',96409,'RAPE'),('rod','9+','100000+','0','0',96503,'ROBBERY'),('knife','4 to 8','10001-99,999','1','third',96643,'MURDER'),('bomb','9+','10001-99,999','0','0',96667,'ASSAULT'),('bomb','0','1001-5000','1','second',96668,'MURDER'),('bomb','4 to 8','0','0','0',96698,'DUI\'s'),('knife','4 to 8','0','0','0',96769,'ARSON'),('brass knuckles','1 to 3','0','1','second',96817,'MURDER'),('rod','4 to 8','5001-10000','0','0',96821,'VANDALISM'),('rod','1 to 3','1001-5000','2','second',96853,'MURDER'),('bomb','4 to 8','1-1000','0','0',97190,'DUI\'s'),('rod','4 to 8','100000+','1','first',97226,'MURDER'),('knife','9+','1001-5000','1','third',97300,'MURDER'),('0','1 to 3','5001-10000','0','0',97314,'ROBBERY'),('rod','4 to 8','100000+','0','0',97314,'VANDALISM'),('gun','9+','0','2','third',97485,'MURDER'),('rod','4 to 8','0','1','third',97522,'MURDER'),('knife','1 to 3','1-1000','0','0',97727,'DUI\'s'),('bomb','9+','1001-5000','0','0',97841,'VANDALISM'),('bomb','1 to 3','5001-10000','1','second',97854,'MURDER'),('rod','4 to 8','1-1000','1','second',97887,'MURDER'),('gun','1 to 3','10001-99,999','0','0',97985,'ASSAULT'),('rod','1 to 3','0','0','0',98524,'RAPE'),('knife','4 to 8','1001-5000','1','third',98631,'MURDER'),('gun','0','1-1000','0','0',98674,'DUI\'s'),('bomb','1 to 3','1-1000','1','first',98785,'MURDER'),('0','4 to 8','100000+','1','first',98909,'MURDER'),('brass knuckles','9+','100000+','0','0',99087,'TRAFFICKING'),('gun','9+','100000+','1','first',99390,'MURDER'),('knife','9+','1-1000','0','0',99470,'DUI\'s'),('knife','4 to 8','1001-5000','0','0',99500,'DRUG DEALING'),('0','9+','10001-99,999','0','0',99563,'ASSAULT'),('gun','4 to 8','0','0','0',99584,'DRUG DEALING'),('brass knuckles','4 to 8','0','3+','first',99595,'MURDER'),('knife','4 to 8','0','0','0',99863,'ARSON'),('bomb','1 to 3','1001-5000','0','0',99967,'VANDALISM');
/*!40000 ALTER TABLE `crime_severity` ENABLE KEYS */;
UNLOCK TABLES;

--
-- Table structure for table `crime_type`
--

DROP TABLE IF EXISTS `crime_type`;
/*!40101 SET @saved_cs_client     = @@character_set_client */;
/*!50503 SET character_set_client = utf8mb4 */;
CREATE TABLE `crime_type` (
  `crimeTypeName` varchar(100) NOT NULL,
  PRIMARY KEY (`crimeTypeName`),
  KEY `crimeType` (`crimeTypeName`)
) ENGINE=InnoDB DEFAULT CHARSET=utf8mb4 COLLATE=utf8mb4_0900_ai_ci;
/*!40101 SET character_set_client = @saved_cs_client */;

--
-- Dumping data for table `crime_type`
--

LOCK TABLES `crime_type` WRITE;
/*!40000 ALTER TABLE `crime_type` DISABLE KEYS */;
INSERT INTO `crime_type` VALUES ('ARSON'),('ASSAULT'),('DRUG DEALING'),('DUI\'s'),('KIDNAPPING'),('MURDER'),('RAPE'),('ROBBERY'),('TRAFFICKING'),('VANDALISM');
/*!40000 ALTER TABLE `crime_type` ENABLE KEYS */;
UNLOCK TABLES;

--
-- Table structure for table `criminal`
--

DROP TABLE IF EXISTS `criminal`;
/*!40101 SET @saved_cs_client     = @@character_set_client */;
/*!50503 SET character_set_client = utf8mb4 */;
CREATE TABLE `criminal` (
  `gangName` varchar(200) DEFAULT NULL,
  `criminalSocialInsuranceNumber` int NOT NULL,
  `criminalHistory` tinyint NOT NULL,
  PRIMARY KEY (`criminalSocialInsuranceNumber`),
  UNIQUE KEY `criminalSocialInsuranceNumber_UNIQUE` (`criminalSocialInsuranceNumber`),
  KEY `criminalSocialInsuranceNumber_idx` (`criminalSocialInsuranceNumber`),
  CONSTRAINT `criminalSocialInsuranceNumber` FOREIGN KEY (`criminalSocialInsuranceNumber`) REFERENCES `people` (`socialInsuranceNumber`)
) ENGINE=InnoDB DEFAULT CHARSET=utf8mb4 COLLATE=utf8mb4_0900_ai_ci;
/*!40101 SET character_set_client = @saved_cs_client */;

--
-- Dumping data for table `criminal`
--

LOCK TABLES `criminal` WRITE;
/*!40000 ALTER TABLE `criminal` DISABLE KEYS */;
INSERT INTO `criminal` VALUES ('Aztecas - Mexican street gang. Identified by their turquoise color.',329535483,1),('0',332474353,1),('0',334494989,0),('Midtown Gangsters - North Korean crime syndicate.',337843056,0),('0',338890061,0),('Italian Mafia - Three Liberty City crime families.',340739824,1),('0',343307599,0),('Trailer Park Mafia - American street gang.',346151223,1),('0',346440665,0),('Bikers (Reappear in 1986) - American outlaw motorcycle club.',347266897,1),('Costa Rican Gang - Costa Rican drug smugglers.',347599814,0),('Patrol Investigation Group (Reappear in 1986) - American security firm.',350462737,0),('0',351294584,0),('Leone Family (Reappear in 2000, 2001) - Italian crime family.',353640605,0),('0',355496006,1),('0',358573193,1),('0',360137929,1),('0',360249593,0),('0',363434474,0),('0',365598030,0),('0',367101895,1),('0',369367359,0),('0',372223162,1),('0',372578192,0),('0',372901498,1),('Car Jacking Gangs - Small American street gang',376924936,0),('Leaf Link Golfers (Reappear in 1986) - American country club members.',383970517,0),('0',386689192,0),('Forelli Family (Reappear in 2001) - Italian crime family.',386952001,1),('0',387130416,1),('Counterfeit Syndicate - All-female currency counterfeiters.',392796140,0),('0',396713744,1),('Cliffford Mercenaries - Paramilitary led by the Cliffford artificial intelligence.',397618438,0),('White Stallionz - American outlaw motorcycle club.',401698352,1),('0',402581078,1),('Vagos - Mexican street gang. Identified by their yellow color.',402904528,1),('0',405487332,1),('0',407954769,0),('0',408729720,1),('Loco Syndicate - Collective criminal outfit.',409709720,1),('0',411724636,0),('0',412799579,1),('0',414543543,0),('0',415373336,0),('0',416654854,1),('Skinheads - American street gang.',417005959,0),('0',418494403,1),('0',426482775,0),('0',428454631,0),('Trevor Philips Enterprises - American crime syndicate.',429175379,1),('0',443591344,1),('0',447759118,0),('0',449451881,0),('Da Nang Boys - Vietnamese street gang.',451429552,0),('Vance Family - Dominican crime family.',453179081,0),('0',454212790,0),('0',458555933,0),('0',460486162,1),('0',463601433,0),('0',464992729,1),('0',466875302,0),('Mendez Cartel - Bolivian drug cartel.',469731361,0),('0',470912100,0),('0',471326337,1),('0',475283743,0),('0',476018843,1),('Bloods',476210809,0),('0',478177839,1),('0',479371313,1),('0',479638530,0),('0',480681976,1),('0',484230289,0),('0',484561297,0),('0',491418221,1),('Mexican Arms Dealers - Mexican gun runners.',495460336,0),('0',497983841,1),('0',501141625,1),('C.R.A.S.H. - Police anti-gang unit.',504236335,1),('0',504542609,1),('Ballas - African-American street gang. Identified by their purple color.',504589516,1),('Families - African-American street gang. Identified by their green color.',507955340,1),('0',513369137,0),('0',513594718,0),('0',515907725,1),('0',520150741,0),('0',520837512,0),('0',524639796,0),('0',531520511,1),('Duggan Crime Family - Texan Crime Family.',531591432,0),('Motorcycle Clubs - Outlaw motorcycle clubs composed of players.',533345015,0),('Shoppers - North Point Mall criminals (in game states list them as a gang)',533637409,0),('Luca\'s Crew - Small American street gang.',534939737,1),('0',539625116,1),('0',543042093,1),('0',544564811,1),('0',549879309,1),('0',550168729,1),('0',554006772,1),('0',561812232,1),('0',563240005,0),('Diablos (Reappear in 2000, 2001) - Puerto Rican street gang.',564111758,1),('Butterfly Children - Mentioned Vietnamese street gang.',567503543,0),('0',571747866,1),('0',571812460,0),('0',575262290,0),('Russian Mafia - Russian crime syndicate.',579819449,0),('Sicilian Mafia - Sicilian crime family.',584405128,0),('Korean Mob - North Korean crime syndicate.',589054719,1),('0',590850154,0),('0',591844702,0),('0',601363380,0),('0',602032181,1),('European Gang - European bank robbers.',603238516,1),('Cholos - Mexican street gang.',605461867,0),('0',605963539,0),('0',606003241,0),('0',606939676,1),('0',609186856,1),('0',610010575,0),('0',610202068,1),('0',610216489,1),('0',611729000,0),('0',612253704,1),('0',615167718,1),('Uptown Yardies (Reappear in 2000, 2001) - Jamaican street gang.',616159997,0),('0',617732320,1),('0',619673541,0),('The Lost MC: Alderney Chapter - American outlaw motorcycle club.',626095295,0),('0',626610166,0),('0',628695241,1),('0',632097324,1),('Shining Razors - Mentioned Vietnamese street gang.',633708702,1),('Jaoming Family - Chinese crime family.',633761895,1),('0',635539029,1),('Army (Reappear in 1986, 1992, 1998, 2000, 2001) - American military forces.',636057379,1),('Yakuza (Reappear in 2000, 2001) - Japanese crime syndicate.',638725211,1),('0',644249150,1),('0',647672127,0),('0',649393987,1),('0',650167486,1),('Mafia',650385806,0),('0',652082792,1),('0',652900052,0),('0',656326731,1),('Rifa - Mexican street gang. Identified by their blue color.',656775723,1),('0',659098010,0),('0',660264964,0),('0',661627231,0),('0',663836993,0),('cartel',664402551,0),('0',664854068,0),('0',665251604,1),('0',669369294,0),('0',670286250,1),('0',670366773,1),('0',672998781,1),('0',678883436,0),('0',678931915,1),('0',680235579,0),('Triads (Reappear in 2000, 2001) - Chinese crime syndicate.',680983306,0),('0',682161848,0),('0',683567665,0),('0',683774232,1),('0',689070631,0),('0',689815602,0),('Sharks (Reappear in 1986) - Multi-racial street gang.',690014082,0),('0',695176204,1),('Triads - Chinese crime syndicate.',697393517,1),('0',697432204,0),('0',699141402,0),('0',703225150,1),('Gonzalez\' Crew - Colombian drug cartel.',705210308,0),('0',706226517,1),('0',709818885,1),('0',711229745,1),('0',713071901,0),('0',715755579,1),('Hells Angels',718306667,0),('Pegorino Family - Italian crime family.',721004573,1),('Southside Hoods (Reappear in 2001) - African-American street gang.',722335907,0),('Crips',722432958,1),('0',723748801,1),('0',727624486,0),('0',730439198,0),('0',730571567,1),('0',731813175,1),('0',733473901,1),('0',733856308,1),('0',737189042,0),('0',737330658,0),('0',743245997,1),('0',746910307,0),('0',750133829,0),('0',750404617,1),('0',753454469,0),('O\'Neil Brothers - American street gang.',756409705,0),('0',757029395,0),('0',758253488,1),('0',768905971,0),('0',769110714,1),('0',777433061,1),('0',778612654,0),('0',787720840,0),('Avenging Angels - Vigilante group.',792224278,1),('0',792570311,1),('0',793535701,0),('0',796328836,0),('Bogdan\'s Crew - Rogue Russian Military Unit.',797311127,0),('0',800321739,1),('0',804280046,1),('0',805941353,1),('0',807241250,1),('0',808486486,0),('Ming Family - Chinese crime family.',813581799,0),('Irish American Killers - Irish-American street gang.',815685728,0),('0',816257584,0),('Cubans (Reappear in 1986) - Cuban street gang.',816561263,1),('Colombian Cartel (Reappear in 2000, 2001) - Colombian drug cartel.',819161146,0),('0',819277873,1),('0',822327771,1),('0',829204718,1),('Vercetti Gang - American crime syndicate.',829514490,0),('0',832000029,0),('The Tongs - Mentioned Chinese crime family.',833532166,0),('0',841754087,1),('0',848860168,0),('0',850263714,1),('0',850957018,1),('0',852816815,0),('0',858410587,1),('Diaz\' Gang (Reappear in 1986) - Colombian drug cartel.',866138454,1),('Wonsu Nodong - North Korean assassins.',867654674,1),('0',867944604,1),('0',873990938,1),('0',876486741,1),('Haitians - Haitian street gang.',881039994,1),('Lee Family - Chinese crime family.',881587608,0),('0',882181799,0),('Survivalists - Redneck Farmers',883191173,0),('0',883667461,0),('0',888410500,1),('0',888519056,0),('0',888792968,0),('Sindacco Family - Italian crime family.',888820314,0),('The Professionals - American crime syndicate.',888953408,1),('0',892084976,1),('0',892921554,0),('0',893628515,1),('0',896331509,1),('Hitmen (Reappear in 1992, 1998) - Contract killers',896466646,0);
/*!40000 ALTER TABLE `criminal` ENABLE KEYS */;
UNLOCK TABLES;

--
-- Table structure for table `equipment_storage`
--

DROP TABLE IF EXISTS `equipment_storage`;
/*!40101 SET @saved_cs_client     = @@character_set_client */;
/*!50503 SET character_set_client = utf8mb4 */;
CREATE TABLE `equipment_storage` (
  `storageNo` int NOT NULL,
  `totalNoOfEquipment` int DEFAULT NULL,
  `lockerNo` int NOT NULL,
  PRIMARY KEY (`storageNo`),
  UNIQUE KEY `storageNo_UNIQUE` (`storageNo`),
  KEY `idx_equipment_storage_storageNo` (`storageNo`),
  CONSTRAINT `storageNum` FOREIGN KEY (`storageNo`) REFERENCES `storage` (`storageNo`)
) ENGINE=InnoDB DEFAULT CHARSET=utf8mb4 COLLATE=utf8mb4_0900_ai_ci;
/*!40101 SET character_set_client = @saved_cs_client */;

--
-- Dumping data for table `equipment_storage`
--

LOCK TABLES `equipment_storage` WRITE;
/*!40000 ALTER TABLE `equipment_storage` DISABLE KEYS */;
INSERT INTO `equipment_storage` VALUES (2,492,35),(5,438,90),(8,502,54),(11,508,3),(14,500,58),(17,443,6),(20,519,36),(23,552,6),(26,463,87),(29,430,14),(32,585,59),(35,562,18),(38,446,90),(41,599,26),(44,561,80),(47,434,72),(50,427,54),(53,494,67),(56,541,97),(59,449,42),(62,474,43),(65,468,67),(68,535,32),(71,444,11),(74,401,31);
/*!40000 ALTER TABLE `equipment_storage` ENABLE KEYS */;
UNLOCK TABLES;

--
-- Table structure for table `evidence`
--

DROP TABLE IF EXISTS `evidence`;
/*!40101 SET @saved_cs_client     = @@character_set_client */;
/*!50503 SET character_set_client = utf8mb4 */;
CREATE TABLE `evidence` (
  `evidenceID` int unsigned NOT NULL,
  `evidenceName` varchar(200) DEFAULT NULL,
  `date` date NOT NULL,
  `time` time NOT NULL,
  `caseID` int NOT NULL,
  `storageNo` int NOT NULL,
  `lockerNo` int NOT NULL,
  PRIMARY KEY (`evidenceID`),
  UNIQUE KEY `evidenceID_UNIQUE` (`evidenceID`),
  UNIQUE KEY `caseID_UNIQUE` (`caseID`),
  KEY `eDate_idx` (`date`),
  KEY `eTime_idx` (`time`),
  KEY `evidStorageNumbers` (`storageNo`),
  CONSTRAINT `eCaseID` FOREIGN KEY (`caseID`) REFERENCES `report` (`caseID`),
  CONSTRAINT `eDate` FOREIGN KEY (`date`) REFERENCES `evidence_log` (`date`),
  CONSTRAINT `eTime` FOREIGN KEY (`time`) REFERENCES `evidence_log` (`time`),
  CONSTRAINT `evidStorageNumbers` FOREIGN KEY (`storageNo`) REFERENCES `evidence_storage` (`storageNo`)
) ENGINE=InnoDB DEFAULT CHARSET=utf8mb4 COLLATE=utf8mb4_0900_ai_ci;
/*!40101 SET character_set_client = @saved_cs_client */;

--
-- Dumping data for table `evidence`
--

LOCK TABLES `evidence` WRITE;
/*!40000 ALTER TABLE `evidence` DISABLE KEYS */;
INSERT INTO `evidence` VALUES (1115809,'axe','2019-06-08','22:49:34',47107,67,143),(1121618,'crystal meth','2019-06-03','02:29:48',28743,10,35),(1130237,'AR15','2019-01-13','03:08:39',86528,73,85),(1131009,'mushrooms','2019-01-06','18:11:01',22101,16,115),(1138488,'pocket knife','2019-01-30','15:02:02',43998,58,95),(1173821,'throw bar','2019-05-23','09:02:23',29312,4,228),(1186504,'steroids','2019-03-27','20:23:30',93907,1,283),(1191347,'mushrooms','2019-01-14','14:29:30',66413,28,241),(1209231,'DMT','2019-01-03','00:29:10',85143,67,11),(1209750,'percocet','2019-06-10','19:37:36',35403,22,97),(1217052,'golok machete','2019-02-13','05:40:28',56106,4,66),(1219167,'axe','2019-02-22','03:37:49',86240,70,45),(1225516,'cocaine','2019-03-20','18:33:01',95615,19,149),(1234353,'GHD','2019-02-26','00:30:15',50060,73,106),(1234498,'oxy','2019-05-15','18:02:02',73988,73,31),(1235601,'revolver','2019-02-07','13:02:44',37134,25,230),(1238928,'C8','2019-05-29','02:34:26',26116,67,90),(1251136,'DMT','2019-05-29','00:41:58',43936,37,85),(1271687,'cane machete','2019-03-31','13:32:02',92019,58,200),(1275265,'alcohol','2019-01-12','15:35:40',28659,67,28),(1286952,'tapanga machete','2019-01-19','11:01:11',78115,58,290),(1289462,'moltov cocktail','2019-01-09','10:08:58',84930,31,186),(1301411,'bomb','2019-02-20','17:14:36',86071,46,88),(1350470,'C8','2019-04-09','20:42:10',73318,67,165),(1367075,'tapanga machete','2019-05-18','23:26:53',75318,19,44),(1368136,'anabolics','2019-03-13','20:12:23',91581,55,29),(1371025,'crystal meth','2019-04-09','04:52:45',43200,4,50),(1380853,'opiods','2019-01-26','11:39:59',63127,73,244),(1384575,'brass knuckles','2019-02-11','21:19:52',40477,40,155),(1389077,'parang machete','2019-03-03','22:40:34',73891,55,262),(1400025,'moltov cocktail','2019-01-24','02:23:57',85178,16,10),(1401838,'brass knuckles','2019-03-05','12:29:59',43361,28,235),(1406344,'baseball bat','2019-04-14','04:12:17',96643,22,223),(1423511,'oxy','2019-04-14','04:12:17',23982,67,81),(1433686,'desert eagle','2019-06-26','14:38:50',21216,58,177),(1476314,'scissors','2019-03-07','13:33:55',57259,64,268),(1488086,'mushrooms','2019-05-23','15:12:19',66233,64,112),(1496488,'latin machete','2019-01-10','07:09:53',24997,43,209),(1507098,'anabolics','2019-05-03','16:17:28',63639,19,2),(1577070,'golok machete','2019-05-08','07:55:08',51733,19,248),(1603481,'steroids','2019-02-18','21:05:42',75749,37,259),(1617652,'heavy machete','2019-05-18','12:02:35',93378,58,189),(1636045,'crystal meth','2019-03-22','07:11:24',51881,34,290),(1639268,'anabolics','2019-03-27','13:57:33',98524,58,175),(1678246,'steroids','2019-02-12','12:30:20',78381,61,166),(1685804,'tapanga machete','2019-01-11','01:42:38',87155,37,261),(1696955,'grenade','2019-04-12','12:06:59',35170,31,83),(1709956,'golok machete','2019-03-24','14:39:59',65753,10,181),(1720164,'magnum','2019-05-30','20:21:21',52683,64,196),(1734863,'pocket knife','2019-06-09','00:39:29',23023,25,14),(1753202,'alcohol','2019-06-05','11:04:37',75724,25,202),(1767063,'cocaine','2019-05-22','11:18:14',77119,37,220),(1774611,'desert eagle','2019-02-13','05:47:00',22745,4,61),(1784068,'latin machete','2019-06-06','18:32:29',39718,19,260),(1787252,'brass knuckles','2019-02-06','04:58:47',29992,22,194),(1788073,'crystal meth','2019-02-12','14:49:10',65644,55,252),(1798441,'kukri machete','2019-04-27','02:21:48',84377,37,185),(1815743,'pocket knife','2019-03-14','22:12:49',94105,19,218),(1818248,'heroin','2019-05-08','21:21:14',83841,61,152),(1828428,'cane machete','2019-04-24','02:33:07',74780,49,143),(1832765,'flashbang','2019-05-30','21:43:47',39272,34,233),(1835930,'axe','2019-05-23','09:02:23',72583,25,269),(1837389,'bazuka','2019-02-08','20:18:25',99595,25,168),(1838144,'Shotgun','2019-06-05','21:52:16',83606,4,210),(1862378,'bolo machete','2019-02-10','19:56:45',55372,46,89),(1872556,'baseball bat','2019-05-15','03:47:22',94559,58,165),(1881882,'magnum','2019-05-30','16:15:48',27975,10,8),(1885462,'anabolics','2019-03-13','22:17:33',39875,1,138),(1890902,'axe','2019-06-05','04:50:19',28949,13,147),(1897859,'panga machete','2019-05-07','22:40:29',22685,10,119),(1924695,'crack','2019-04-19','03:46:37',64309,25,41),(1956336,'flashbang','2019-06-29','23:24:34',73500,40,116),(1958001,'cocaine','2019-06-19','02:50:42',30551,25,187),(1961593,'desert eagle','2019-03-18','02:02:47',74888,7,53),(1975264,'GHD','2019-04-13','19:19:31',44394,37,274),(1976356,'Rifle','2019-03-19','10:47:10',77073,70,133),(1978662,'cocaine','2019-02-11','21:19:52',46588,64,26),(1997031,'bomb','2019-03-14','23:11:08',58524,7,233),(1998644,'glock','2019-02-27','18:23:30',38723,28,213),(2002010,'kukri machete','2019-01-06','02:03:00',79419,25,171),(2009154,'bazuka','2019-02-28','15:36:35',59378,34,23),(2009457,'oxy','2019-04-24','01:44:47',91397,46,40),(2030555,'pocket knife','2019-05-14','04:27:51',87233,22,145),(2032862,'percocet','2019-06-10','23:45:52',86296,73,61),(2049960,'pocket knife','2019-04-03','21:25:52',84052,43,81),(2061270,'magnum','2019-01-06','02:03:00',54980,40,186),(2074241,'brass knuckles','2019-04-30','16:58:52',31575,22,71),(2088251,'moltov cocktail','2019-04-21','18:47:30',75299,61,22),(2100035,'bomb','2019-02-10','21:08:52',34860,31,148),(2102960,'LSD','2019-03-16','02:52:29',75570,19,116),(2118756,'mushrooms','2019-04-08','21:55:51',99563,73,48),(2126251,'tapanga machete','2019-06-07','09:11:16',73616,52,134),(2129480,'grenade','2019-03-02','15:00:26',24163,40,139),(2131631,'Sniper','2019-04-29','16:36:14',67898,64,2),(2131823,'latin machete','2019-05-26','16:22:54',21038,49,249),(2135836,'barong machete','2019-01-12','13:22:44',43131,52,170),(2151737,'opiods','2019-03-14','23:11:08',88455,61,287),(2155925,'steroids','2019-01-27','15:37:31',41220,52,135),(2165581,'mushrooms','2019-06-27','23:31:27',65469,37,205),(2170262,'magnum','2019-06-26','23:06:53',22829,10,57),(2175184,'opiods','2019-06-04','09:22:12',70302,25,74),(2175547,'heroin','2019-01-18','12:35:01',52398,7,204),(2176042,'DMT','2019-01-24','07:31:47',62933,31,96),(2189488,'evidenceName','2019-06-18','23:19:06',46928,16,272),(2199962,'parang machete','2019-01-16','08:04:41',44000,37,217),(2201337,'percocet','2019-03-11','14:20:41',62882,7,210),(2224833,'glock','2019-01-26','11:39:59',85247,46,218),(2233083,'C8','2019-06-21','05:56:17',39218,67,9),(2271360,'flashbang','2019-05-15','16:40:27',40322,55,34),(2300401,'cocaine','2019-01-21','02:07:32',48046,28,287),(2335002,'alcohol','2019-03-02','23:32:28',69682,46,269),(2338316,'crack','2019-05-12','02:24:59',60125,4,158),(2343193,'revolver','2019-01-16','08:04:41',78429,19,51),(2345386,'tapanga machete','2019-06-14','12:24:06',52974,22,210),(2372181,'brass knuckles','2019-01-17','08:34:14',98785,46,110),(2394783,'panga machete','2019-02-02','07:56:36',32112,28,24),(2412830,'crack','2019-04-14','04:00:47',23820,55,93),(2428079,'mushrooms','2019-04-22','02:33:28',56744,25,194),(2432553,'LSD','2019-04-15','18:02:45',49319,55,274),(2437734,'GHD','2019-05-09','12:10:24',61011,64,248),(2455099,'revolver','2019-02-09','18:51:00',75290,67,274),(2460341,'heroin','2019-03-20','18:33:01',51578,13,23),(2471494,'beretta','2019-03-14','15:37:06',26390,7,221),(2480674,'desert eagle','2019-06-08','23:23:41',66310,70,201),(2511930,'marijuana','2019-01-17','07:56:03',83937,70,165),(2532756,'crystal meth','2019-03-09','13:25:53',77895,43,155),(2532768,'heavy machete','2019-05-01','23:14:37',83805,37,21),(2560979,'barong machete','2019-01-16','18:58:59',56797,55,290),(2563277,'LSD','2019-06-26','01:31:57',56972,22,269),(2573978,'crack','2019-01-18','07:55:23',57408,40,113),(2575477,'GHD','2019-04-09','06:19:37',50369,40,84),(2575646,'alcohol','2019-05-08','21:29:13',23917,10,66),(2579367,'revolver','2019-02-08','14:02:33',86610,31,234),(2581921,'brass knuckles','2019-03-06','08:52:52',65950,70,191),(2606156,'alcohol','2019-04-04','19:02:19',84950,43,189),(2607752,'magnum','2019-05-13','11:21:59',77967,49,138),(2629447,'panga machete','2019-06-10','19:37:36',28427,55,285),(2633192,'crystal meth','2019-05-07','10:35:39',40482,28,1),(2666703,'evidenceName','2019-04-01','05:51:12',91792,55,198),(2670026,'bowie machete','2019-02-12','12:10:09',58769,64,268),(2676651,'AK47','2019-05-08','07:55:08',52036,1,59),(2688940,'throw bar','2019-02-23','01:19:25',75355,40,277),(2707332,'heroin','2019-05-29','02:34:26',85132,49,251),(2707501,'anabolics','2019-06-10','17:04:39',31873,10,58),(2711603,'panga machete','2019-02-20','05:07:40',41039,55,296),(2718974,'percocet','2019-01-03','02:22:28',28196,73,110),(2721424,'grenade','2019-05-22','18:24:32',38067,40,91),(2724158,'cane machete','2019-04-02','23:04:26',31480,28,8),(2764742,'alcohol','2019-05-09','03:56:42',86189,13,139),(2770348,'moltov cocktail','2019-04-12','11:37:12',73610,1,268),(2812909,'panga machete','2019-04-01','05:51:12',24907,19,172),(2816426,'scissors','2019-05-08','21:21:14',85362,55,51),(2816649,'latin machete','2019-06-05','12:36:59',67785,22,79),(2827509,'oxy','2019-03-20','16:58:35',55097,25,187),(2831265,'flashbang','2019-01-19','12:14:30',85447,31,268),(2838348,'Shotgun','2019-03-12','21:29:30',68840,22,167),(2841499,'opiods','2019-04-10','05:42:30',25379,55,206),(2841833,'marijuana','2019-04-09','06:19:37',65346,73,214),(2854690,'LSD','2019-02-19','10:53:37',81574,40,27),(2858316,'AR15','2019-05-06','10:28:29',44542,67,62),(2868072,'baseball bat','2019-06-27','13:12:53',68746,34,299),(2870686,'oxy','2019-05-28','13:42:04',87235,61,154),(2886720,'opiods','2019-04-15','23:15:19',73698,49,197),(2886799,'crack','2019-04-20','07:23:46',43925,22,18),(2943339,'bomb','2019-05-13','21:26:30',47298,40,178),(2974194,'baseball bat','2019-03-02','23:32:28',40918,31,26),(2983389,'barong machete','2019-02-28','20:04:53',90932,28,172),(2985422,'cocaine','2019-05-15','17:59:32',90012,31,268),(2988563,'moltov cocktail','2019-06-26','23:06:53',88679,58,231),(3019917,'pocket knife','2019-01-08','20:54:45',72739,25,0),(3027060,'evidenceName','2019-03-04','08:34:16',99470,22,225),(3060919,'parang machete','2019-03-19','04:41:29',53398,34,250),(3062741,'heroin','2019-01-03','00:29:10',40347,49,109),(3063677,'heroin','2019-01-06','02:40:29',70703,10,49),(3079897,'bazuka','2019-01-02','10:30:59',36601,55,281),(3093839,'barong machete','2019-06-06','02:36:18',80744,4,31),(3130174,'moltov cocktail','2019-03-31','14:01:07',46022,37,211),(3131584,'throw bar','2019-02-27','19:34:37',69012,43,286),(3149272,'MDMA','2019-04-09','12:05:58',81599,55,127),(3175815,'magnum','2019-03-21','01:24:24',97985,73,293),(3179471,'pocket knife','2019-01-04','23:22:11',23169,70,111),(3206750,'AR15','2019-03-06','12:02:14',29145,19,122),(3223190,'AR15','2019-04-20','20:48:02',95106,1,120),(3232694,'Rifle','2019-04-09','00:46:40',82995,73,4),(3234507,'Rifle','2019-05-07','10:35:39',87481,34,176),(3244277,'opiods','2019-05-18','02:24:14',87413,61,7),(3248981,'throw bar','2019-02-02','20:09:51',34739,43,119),(3254062,'C8','2019-06-08','17:22:36',31654,34,141),(3259324,'opiods','2019-02-25','19:17:48',37268,58,208),(3267846,'revolver','2019-05-08','07:55:08',24120,52,226),(3273067,'heroin','2019-04-20','23:16:17',50948,52,29),(3281589,'grenade','2019-04-04','06:45:40',37788,58,48),(3301266,'marijuana','2019-02-02','19:53:16',21719,4,176),(3301500,'karambit','2019-01-10','07:09:53',64507,7,152),(3316793,'throw bar','2019-06-06','05:42:55',62292,55,244),(3342193,'pocket knife','2019-06-29','22:05:31',38698,37,50),(3348705,'flashbang','2019-05-11','03:47:52',66815,31,203),(3357563,'GHD','2019-06-26','08:02:05',24426,1,61),(3380123,'Rifle','2019-05-06','09:14:46',63933,61,233),(3380726,'magnum','2019-03-02','23:32:28',49588,58,269),(3385171,'grenade','2019-03-29','17:09:36',88489,46,277),(3388984,'magnum','2019-01-23','17:17:25',65581,67,24),(3432514,'brass knuckles','2019-04-14','04:12:17',83190,52,124),(3433339,'oxy','2019-06-06','14:22:53',25712,61,171),(3451937,'glock','2019-03-26','05:50:28',61093,64,107),(3459160,'Shotgun','2019-05-14','04:27:51',80577,13,168),(3463292,'MDMA','2019-04-29','16:36:14',55503,28,92),(3465569,'desert eagle','2019-05-06','10:29:05',90475,40,98),(3481126,'DMT','2019-05-22','18:24:32',45658,64,187),(3484571,'LSD','2019-04-04','19:02:19',50109,70,174),(3489576,'desert eagle','2019-06-21','21:48:56',62257,13,10),(3512943,'opiods','2019-06-25','12:21:55',38258,13,85),(3534973,'heroin','2019-02-06','08:39:15',72579,1,181),(3553493,'grenade','2019-06-04','18:00:48',28003,46,80),(3558955,'grenade','2019-02-18','17:13:54',27543,16,263),(3600449,'desert eagle','2019-04-13','03:27:54',36514,70,222),(3613543,'Sniper','2019-01-16','17:46:49',45095,25,167),(3639662,'marijuana','2019-04-13','16:30:13',96769,58,129),(3642534,'opiods','2019-02-13','11:31:38',52944,13,74),(3667112,'scissors','2019-06-18','04:19:03',50842,46,86),(3697248,'crack','2019-06-10','19:37:36',81872,10,79),(3705408,'scissors','2019-01-06','21:43:11',65875,7,150),(3726961,'baseball bat','2019-04-06','17:41:28',51840,43,18),(3728494,'moltov cocktail','2019-04-18','04:26:49',68109,43,223),(3744104,'scissors','2019-03-09','03:06:16',59872,43,11),(3749826,'AK47','2019-02-28','15:36:35',93723,58,212),(3768851,'MDMA','2019-03-29','00:46:14',66634,70,79),(3769314,'Shotgun','2019-04-05','04:01:58',36906,25,188),(3822851,'tapanga machete','2019-05-07','14:44:55',46020,19,267),(3842558,'anabolics','2019-05-22','13:12:27',93398,7,201),(3842736,'GHD','2019-06-21','15:02:35',34093,19,232),(3864212,'cane machete','2019-03-25','06:15:26',72942,55,201),(3866689,'cane machete','2019-06-22','07:17:44',62426,55,274),(3880494,'LSD','2019-02-09','18:51:00',23294,10,62),(3881022,'bolo machete','2019-05-26','16:22:54',97727,13,216),(3881139,'throw bar','2019-05-01','04:08:37',83294,16,109),(3886684,'flashbang','2019-02-20','03:31:23',59721,10,127),(3914782,'bowie machete','2019-02-15','18:14:51',58879,7,170),(3930972,'tapanga machete','2019-02-23','01:08:05',70393,28,143),(3949191,'GHD','2019-04-28','11:06:14',78405,13,10),(3949329,'steroids','2019-04-24','21:03:34',35410,67,260),(3961437,'oxy','2019-02-02','11:19:10',56235,46,130),(3971801,'Shotgun','2019-06-08','17:57:02',52335,25,237),(3972677,'steroids','2019-06-02','20:56:40',81625,16,252),(3975844,'mushrooms','2019-06-07','09:11:16',51326,55,12),(4004802,'GHD','2019-06-02','14:00:21',65784,43,99),(4007698,'Rifle','2019-04-10','02:34:19',45323,64,184),(4011075,'magnum','2019-02-19','07:15:55',63964,1,222),(4034421,'opiods','2019-02-05','06:26:18',60663,43,213),(4037712,'pocket knife','2019-04-19','21:59:41',67841,67,105),(4040815,'MDMA','2019-03-23','20:45:16',78157,4,160),(4041769,'parang machete','2019-03-24','10:00:48',50108,67,166),(4054886,'oxy','2019-02-05','09:49:23',28615,13,269),(4058651,'throw bar','2019-01-25','00:23:26',65157,49,161),(4058956,'karambit','2019-06-13','14:59:01',63865,25,18),(4065770,'glock','2019-05-18','12:02:35',63654,37,113),(4071989,'marijuana','2019-02-15','22:05:29',78144,55,97),(4079115,'percocet','2019-05-24','00:50:06',25044,73,98),(4096118,'heroin','2019-05-15','16:40:27',85862,67,175),(4114918,'karambit','2019-06-13','14:59:01',46480,52,91),(4120473,'bazuka','2019-06-28','22:28:51',21538,16,53),(4128483,'Sniper','2019-03-31','03:23:35',78893,10,218),(4135185,'flashbang','2019-04-28','06:52:13',93213,1,299),(4141880,'panga machete','2019-01-22','07:19:51',39433,10,166),(4142585,'heavy machete','2019-04-26','09:39:35',26495,40,129),(4143842,'opiods','2019-01-09','22:18:09',80180,1,175),(4146166,'scissors','2019-02-24','22:36:11',28288,16,109),(4165361,'revolver','2019-05-31','22:57:48',44354,31,152),(4188684,'oxy','2019-03-22','14:14:10',92294,52,90),(4197060,'AK47','2019-06-27','23:31:27',52372,28,125),(4206700,'flashbang','2019-01-25','08:03:22',20813,37,242),(4282791,'C8','2019-04-24','01:44:47',90414,19,268),(4294656,'oxy','2019-05-15','11:31:23',72547,49,9),(4295392,'DMT','2019-04-10','06:28:05',81001,13,147),(4319379,'oxy','2019-06-17','15:13:17',79194,40,118),(4355351,'crystal meth','2019-03-15','00:26:37',93101,13,298),(4380634,'crystal meth','2019-06-04','00:26:02',63414,13,176),(4391410,'axe','2019-05-22','21:12:19',41512,19,169),(4424192,'C8','2019-04-07','21:46:18',51270,49,160),(4431076,'MDMA','2019-06-08','17:57:02',35381,34,32),(4433953,'desert eagle','2019-01-29','15:57:21',33974,7,174),(4438152,'opiods','2019-02-26','00:30:15',63437,22,74),(4457869,'bowie machete','2019-01-04','15:42:24',27544,37,295),(4492306,'alcohol','2019-02-15','12:44:46',79227,55,89),(4507527,'panga machete','2019-01-09','22:47:08',98909,22,111),(4516924,'LSD','2019-01-10','02:10:17',29851,10,120),(4530346,'desert eagle','2019-01-14','06:08:04',45019,52,80),(4565724,'bolo machete','2019-05-22','07:50:19',39592,4,62),(4566559,'DMT','2019-02-09','21:33:34',78483,46,186),(4567709,'bazuka','2019-01-01','09:07:10',85175,28,240),(4590271,'evidenceName','2019-04-17','14:58:38',96503,4,127),(4595697,'revolver','2019-06-26','23:06:53',57535,16,230),(4617120,'mushrooms','2019-04-22','02:33:28',89992,52,124),(4633244,'Sniper','2019-04-17','22:39:43',83513,46,39),(4633524,'GHD','2019-06-08','09:36:24',96853,19,111),(4639101,'DMT','2019-06-24','12:42:48',93602,49,121),(4650575,'crack','2019-05-28','00:43:07',81835,61,32),(4685417,'kukri machete','2019-03-19','01:14:20',47042,4,42),(4696643,'bomb','2019-04-20','23:16:17',67272,7,5),(4726730,'bowie machete','2019-02-12','14:49:10',66655,61,2),(4738882,'percocet','2019-03-25','06:15:26',99584,52,71),(4740823,'axe','2019-06-05','21:52:16',28030,40,148),(4767433,'Sniper','2019-02-01','05:46:12',64178,64,102),(4779193,'golok machete','2019-05-27','17:13:49',81968,16,121),(4804822,'GHD','2019-04-27','23:39:14',37045,61,107),(4805273,'Rifle','2019-04-06','08:35:18',55841,10,179),(4824316,'GHD','2019-02-10','20:13:57',77220,73,92),(4840780,'revolver','2019-06-11','18:53:06',99500,13,265),(4852860,'pocket knife','2019-03-24','14:17:45',73086,1,218),(4873620,'LSD','2019-02-01','05:46:12',80671,40,86),(4878196,'cocaine','2019-06-23','18:09:53',84373,10,35),(4879951,'heroin','2019-02-28','20:57:17',28205,46,81),(4888483,'revolver','2019-03-19','01:14:20',92114,70,295),(4900597,'panga machete','2019-02-06','08:39:15',21156,28,214),(4916923,'marijuana','2019-03-27','20:23:30',83178,10,117),(4931695,'marijuana','2019-01-19','15:21:10',88380,43,90),(4939978,'anabolics','2019-02-13','11:31:38',41052,49,159),(4949284,'scissors','2019-01-05','10:44:18',66164,61,288),(4982738,'AK47','2019-05-24','19:43:13',27399,49,199),(5000840,'karambit','2019-06-25','04:36:02',32975,19,269),(5023481,'mushrooms','2019-06-19','02:50:42',33098,64,211),(5041987,'latin machete','2019-06-18','23:19:06',39002,55,300),(5061167,'latin machete','2019-03-01','05:50:14',89750,73,237),(5064559,'Sniper','2019-02-24','22:29:54',43329,70,19),(5071693,'crystal meth','2019-01-11','04:58:29',51297,55,78),(5142350,'LSD','2019-05-01','02:15:08',84407,7,11),(5144321,'flashbang','2019-01-25','01:43:14',44831,61,210),(5152942,'C8','2019-04-15','17:38:14',64088,16,292),(5193362,'DMT','2019-06-06','05:42:55',54991,70,233),(5196341,'steroids','2019-06-22','06:56:59',56747,49,247),(5197679,'AR15','2019-02-01','23:20:39',32917,10,201),(5206590,'percocet','2019-06-21','11:16:18',35355,73,290),(5216978,'magnum','2019-05-12','13:07:30',79084,34,229),(5253488,'scissors','2019-02-20','17:12:45',97190,67,44),(5253563,'panga machete','2019-05-30','07:20:11',69795,28,259),(5270176,'karambit','2019-05-17','23:12:31',89573,67,274),(5274330,'cocaine','2019-02-08','13:34:38',91590,25,71),(5299015,'percocet','2019-01-09','22:18:09',89532,40,16),(5301139,'crack','2019-05-11','21:58:10',33316,49,80),(5321889,'beretta','2019-02-10','23:12:52',95736,67,61),(5343657,'marijuana','2019-02-11','03:34:25',97841,13,27),(5345316,'bomb','2019-04-27','16:39:39',61344,49,153),(5372464,'heroin','2019-05-30','20:21:21',45490,31,169),(5374481,'scissors','2019-06-18','23:13:05',35780,49,187),(5382555,'kukri machete','2019-05-20','19:06:48',65626,22,219),(5398077,'brass knuckles','2019-04-02','23:04:26',90156,73,146),(5418582,'flashbang','2019-05-30','06:56:12',58901,52,285),(5419015,'throw bar','2019-05-12','04:31:57',79178,55,266),(5425481,'flashbang','2019-02-21','03:11:41',95573,70,96),(5430143,'throw bar','2019-02-05','06:22:15',24841,55,55),(5441912,'brass knuckles','2019-02-13','05:47:00',51554,52,230),(5452485,'LSD','2019-04-08','13:06:37',62974,61,227),(5454861,'steroids','2019-06-25','04:36:02',72617,46,275),(5463431,'beretta','2019-03-19','15:51:56',99087,19,172),(5466199,'AR15','2019-04-20','07:23:46',87631,67,256),(5485350,'alcohol','2019-01-12','15:35:40',47448,1,250),(5526341,'Shotgun','2019-02-25','10:10:47',37502,49,178),(5543000,'barong machete','2019-03-28','09:18:53',79390,61,44),(5546877,'baseball bat','2019-01-26','06:00:14',41291,25,251),(5553683,'glock','2019-03-05','10:56:33',29804,70,112),(5605188,'AK47','2019-05-06','11:39:17',53525,37,88),(5630860,'steroids','2019-05-03','16:17:28',90859,13,276),(5633942,'anabolics','2019-02-20','00:05:59',35114,70,223),(5637278,'steroids','2019-02-18','22:13:47',51893,1,177),(5645632,'DMT','2019-01-05','10:44:18',49264,49,181),(5661920,'steroids','2019-03-02','15:00:26',38637,25,259),(5693246,'karambit','2019-02-06','11:33:20',87547,16,14),(5709174,'bolo machete','2019-04-09','20:42:10',74331,31,176),(5719717,'heavy machete','2019-03-29','00:46:14',87454,58,46),(5723048,'grenade','2019-06-19','11:50:57',97485,73,148),(5730299,'Shotgun','2019-02-02','08:53:06',57691,22,189),(5751055,'heavy machete','2019-03-07','03:05:55',65920,58,76),(5758023,'AR15','2019-05-06','10:28:29',73091,43,116),(5762378,'heroin','2019-01-28','09:33:40',95900,34,92),(5793034,'cocaine','2019-01-14','14:29:30',46257,58,188),(5797800,'latin machete','2019-04-22','03:29:04',29349,49,161),(5798504,'brass knuckles','2019-06-21','11:16:18',62825,28,34),(5799624,'baseball bat','2019-03-24','20:18:13',23660,70,44),(5807891,'AK47','2019-06-05','11:31:54',46099,22,68),(5808852,'flashbang','2019-01-21','02:07:32',78803,28,132),(5829472,'bolo machete','2019-06-10','03:46:29',61578,67,237),(5869006,'Rifle','2019-03-13','20:12:23',35229,55,236),(5869909,'LSD','2019-05-13','21:26:30',57125,22,294),(5873687,'baseball bat','2019-01-11','15:24:30',46475,73,177),(5879309,'beretta','2019-02-09','05:10:09',49879,31,226),(5882805,'steroids','2019-06-01','15:21:52',72376,46,157),(5891359,'moltov cocktail','2019-04-10','06:28:05',50809,7,102),(5910180,'karambit','2019-06-06','01:20:03',29562,28,216),(5931104,'cane machete','2019-01-16','18:58:59',66669,25,68),(5937784,'opiods','2019-03-19','10:47:10',22135,61,280),(5946995,'alcohol','2019-05-30','15:06:10',79423,40,276),(5961635,'bomb','2019-01-16','04:27:51',52162,43,160),(5998421,'crack','2019-04-11','12:16:32',65000,31,228),(6004767,'DMT','2019-02-09','23:16:22',59250,46,100),(6027268,'C8','2019-05-22','21:12:19',97314,46,261),(6030619,'MDMA','2019-06-10','19:37:36',89177,16,182),(6042576,'karambit','2019-06-18','16:34:29',21381,52,227),(6047997,'bazuka','2019-02-15','12:44:46',21170,7,280),(6048712,'alcohol','2019-03-12','21:29:30',42954,37,199),(6051469,'crack','2019-05-20','16:09:54',32028,28,147),(6071681,'flashbang','2019-02-13','22:56:39',74626,28,94),(6114536,'axe','2019-02-20','19:54:39',49834,28,84),(6114723,'MDMA','2019-02-20','03:31:23',33470,40,28),(6115784,'anabolics','2019-04-12','19:57:51',82014,34,142),(6158666,'beretta','2019-02-11','09:37:54',30804,40,161),(6160585,'kukri machete','2019-06-26','14:38:50',87568,61,121),(6186656,'heroin','2019-04-17','14:58:38',27474,64,134),(6190646,'grenade','2019-06-05','11:31:54',57483,70,49),(6202496,'LSD','2019-01-24','09:22:00',85536,37,189),(6246395,'mushrooms','2019-02-02','08:53:06',28798,52,66),(6261173,'throw bar','2019-05-18','23:26:53',31672,43,297),(6279256,'mushrooms','2019-02-12','03:18:43',52938,31,51),(6281981,'latin machete','2019-04-01','10:50:36',20765,34,31),(6299938,'AK47','2019-01-17','11:08:32',45300,1,48),(6305058,'Rifle','2019-01-18','21:41:41',47343,43,93),(6306156,'bowie machete','2019-05-13','05:46:05',55431,49,143),(6317391,'marijuana','2019-05-03','12:28:25',94827,13,193),(6323653,'tapanga machete','2019-05-15','18:02:02',75849,70,168),(6345027,'bazuka','2019-05-02','11:05:46',68622,4,156),(6347234,'revolver','2019-01-09','10:08:58',23408,22,128),(6365494,'heroin','2019-03-14','09:20:20',46128,46,35),(6374015,'opiods','2019-06-06','02:51:57',88161,19,287),(6375664,'MDMA','2019-04-10','05:42:30',50443,37,243),(6388344,'pocket knife','2019-01-19','11:01:11',90440,4,96),(6390848,'MDMA','2019-03-03','02:35:07',31724,4,110),(6425920,'brass knuckles','2019-01-28','00:52:51',85373,43,19),(6446337,'glock','2019-03-25','07:20:36',92631,37,116),(6461897,'parang machete','2019-01-05','01:33:21',59621,34,277),(6469551,'Sniper','2019-02-17','01:38:11',51404,4,12),(6489878,'crack','2019-04-17','14:58:38',40476,1,282),(6492156,'oxy','2019-03-01','04:24:48',22548,19,292),(6510592,'scissors','2019-02-01','19:48:41',37563,37,49),(6547299,'baseball bat','2019-03-20','18:33:01',52488,43,296),(6555907,'kukri machete','2019-04-17','05:42:21',36198,25,293),(6571549,'crystal meth','2019-01-27','00:00:26',87877,16,295),(6571562,'cocaine','2019-01-04','07:44:19',55289,67,134),(6591804,'axe','2019-03-27','01:23:06',60251,40,185),(6593357,'bomb','2019-03-06','08:52:52',56926,61,5),(6622365,'throw bar','2019-02-01','19:48:41',40815,64,93),(6641185,'karambit','2019-03-23','21:20:02',63294,7,62),(6650328,'C8','2019-03-09','17:58:41',81843,1,164),(6658327,'percocet','2019-02-06','11:33:20',89628,13,107),(6658504,'heavy machete','2019-05-26','22:46:57',29173,46,27),(6665096,'percocet','2019-06-02','05:05:34',30856,40,25),(6666029,'magnum','2019-05-30','23:01:55',57653,28,74),(6684819,'Rifle','2019-05-17','23:12:31',32181,64,22),(6701253,'revolver','2019-03-13','03:37:04',92568,13,271),(6703911,'oxy','2019-06-02','08:12:53',95930,67,72),(6729458,'scissors','2019-01-24','17:04:42',50034,16,298),(6739115,'anabolics','2019-01-29','21:49:54',84315,4,272),(6762910,'revolver','2019-04-07','21:46:18',53106,64,178),(6763958,'latin machete','2019-01-26','11:17:55',36500,19,205),(6788078,'heavy machete','2019-03-01','23:55:23',44184,37,41),(6790437,'marijuana','2019-01-25','01:03:39',97522,61,89),(6801385,'AR15','2019-05-02','11:05:46',96667,70,199),(6801929,'MDMA','2019-05-24','00:07:32',39847,67,189),(6808043,'scissors','2019-01-03','17:02:16',88695,7,58),(6853558,'DMT','2019-03-16','15:09:10',55376,10,15),(6866850,'cocaine','2019-04-24','03:59:44',22007,4,32),(6868967,'latin machete','2019-05-11','21:58:10',21681,7,80),(6914118,'tapanga machete','2019-01-25','08:03:22',31167,55,156),(6918929,'axe','2019-05-07','14:44:55',23718,70,161),(6932754,'heroin','2019-05-05','02:08:48',28028,28,187),(6941406,'pocket knife','2019-02-22','13:49:04',51166,7,258),(6953536,'Sniper','2019-02-12','20:11:37',57261,25,146),(6961089,'GHD','2019-05-28','20:50:26',69535,4,146),(6970915,'parang machete','2019-06-20','01:04:39',72753,49,288),(6989918,'scissors','2019-04-13','19:19:31',32982,4,141),(6995186,'steroids','2019-01-24','02:23:57',93046,22,149),(7007290,'opiods','2019-05-12','07:33:37',90492,73,239),(7009580,'percocet','2019-01-24','09:22:00',48293,13,262),(7011451,'MDMA','2019-05-09','23:20:27',80982,73,67),(7014101,'flashbang','2019-06-26','23:06:53',66308,7,184),(7015968,'crack','2019-01-03','00:29:10',82488,16,222),(7019499,'desert eagle','2019-01-01','09:07:10',70474,70,189),(7035755,'oxy','2019-06-24','19:48:25',75567,43,71),(7041705,'LSD','2019-06-06','02:51:57',21575,10,182),(7043029,'cocaine','2019-05-17','14:52:34',57702,49,224),(7055043,'crystal meth','2019-01-30','17:46:26',42651,1,32),(7065657,'heroin','2019-06-22','07:17:44',50934,19,136),(7075355,'mushrooms','2019-02-05','11:56:09',20665,73,133),(7107981,'mushrooms','2019-01-22','07:19:51',80583,43,98),(7139291,'mushrooms','2019-04-24','21:03:34',91246,28,199),(7150396,'bolo machete','2019-03-23','02:35:54',64445,40,205),(7155899,'panga machete','2019-06-11','18:53:06',93390,43,182),(7164314,'kukri machete','2019-06-24','19:48:25',81629,58,1),(7170905,'karambit','2019-05-11','07:54:08',70348,19,153),(7180804,'axe','2019-04-11','12:18:15',96698,55,198),(7182340,'magnum','2019-06-10','05:57:40',24607,1,145),(7184171,'kukri machete','2019-05-19','12:37:31',72612,40,194),(7186806,'evidenceName','2019-05-03','11:31:01',71556,43,125),(7186901,'axe','2019-04-04','05:28:28',21357,73,295),(7189210,'baseball bat','2019-03-03','18:55:34',36763,37,38),(7193739,'cocaine','2019-01-26','19:12:29',78856,64,90),(7197855,'parang machete','2019-05-06','11:39:17',34525,73,220),(7199767,'throw bar','2019-04-28','23:01:05',42594,61,122),(7206132,'barong machete','2019-05-28','13:42:04',71426,1,291),(7213715,'throw bar','2019-06-19','11:50:57',30324,58,264),(7216935,'alcohol','2019-03-15','18:58:28',63182,46,148),(7221644,'AK47','2019-03-14','22:12:49',89146,55,54),(7223376,'barong machete','2019-02-17','06:00:48',86859,46,40),(7225018,'steroids','2019-02-27','14:45:24',37629,61,149),(7238212,'percocet','2019-06-05','12:36:59',24959,37,258),(7244951,'beretta','2019-03-15','18:58:28',30492,25,249),(7246296,'LSD','2019-06-06','02:36:18',48540,61,185),(7263979,'brass knuckles','2019-05-07','15:40:09',32879,55,99),(7273679,'bowie machete','2019-04-05','20:00:26',84886,43,62),(7279786,'latin machete','2019-04-22','03:29:32',42793,55,10),(7301776,'baseball bat','2019-05-01','02:15:08',29013,28,90),(7305999,'evidenceName','2019-03-14','09:20:20',22262,31,8),(7306683,'beretta','2019-04-26','07:42:12',24275,34,122),(7315266,'anabolics','2019-05-10','00:52:01',31601,61,16),(7316892,'pocket knife','2019-01-05','09:55:34',60636,25,213),(7326277,'beretta','2019-01-13','03:08:39',52618,13,149),(7326852,'Sniper','2019-03-30','23:45:42',20408,10,240),(7337330,'AR15','2019-02-08','11:56:33',57716,67,67),(7338247,'Rifle','2019-05-19','09:30:27',51573,40,292),(7339706,'bowie machete','2019-06-03','23:28:19',65820,40,83),(7351832,'desert eagle','2019-03-06','08:52:52',65283,28,104),(7354131,'glock','2019-02-04','03:46:53',41666,64,91),(7354522,'golok machete','2019-06-08','17:57:02',90344,22,109),(7361081,'pocket knife','2019-04-12','11:37:12',32301,7,90),(7371434,'parang machete','2019-02-21','18:44:44',91346,13,83),(7394912,'Sniper','2019-06-29','23:24:34',96817,1,248),(7424667,'cane machete','2019-03-01','08:35:43',35460,58,238),(7424728,'beretta','2019-02-05','14:15:10',55670,49,50),(7441298,'baseball bat','2019-05-09','03:56:42',64243,13,86),(7442254,'heroin','2019-04-11','23:01:53',21557,7,174),(7453969,'flashbang','2019-01-06','18:11:01',43635,70,85),(7458916,'revolver','2019-05-24','00:50:06',79882,46,284),(7473237,'crystal meth','2019-05-23','09:02:23',97854,49,272),(7483457,'AR15','2019-06-20','11:55:28',38324,55,78),(7502217,'steroids','2019-03-16','15:09:10',90903,58,69),(7514179,'baseball bat','2019-03-02','21:51:04',52655,67,151),(7521782,'steroids','2019-03-02','21:51:04',24208,13,113),(7543157,'baseball bat','2019-05-04','03:15:41',83000,58,226),(7572737,'GHD','2019-05-11','03:47:52',50477,55,248),(7579348,'desert eagle','2019-05-24','00:41:50',80173,55,180),(7587869,'flashbang','2019-06-07','09:11:16',45496,64,169),(7590872,'barong machete','2019-02-16','10:08:03',62214,64,148),(7594268,'bomb','2019-06-17','05:29:28',63374,61,232),(7602907,'GHD','2019-03-31','13:32:02',50335,73,100),(7631606,'bowie machete','2019-01-18','07:55:23',52284,1,98),(7642297,'revolver','2019-06-20','11:55:28',89621,64,65),(7656158,'crack','2019-03-23','13:40:46',31381,16,70),(7656401,'evidenceName','2019-06-19','16:43:47',70319,25,291),(7659155,'AK47','2019-02-11','09:37:54',76003,52,201),(7661196,'steroids','2019-05-06','09:14:46',95092,31,63),(7665354,'oxy','2019-06-08','08:50:12',26648,61,81),(7667840,'heroin','2019-03-26','21:12:28',79391,49,221),(7691199,'moltov cocktail','2019-05-12','01:05:42',25540,1,278),(7701661,'mushrooms','2019-02-05','06:26:18',44963,13,86),(7716965,'bolo machete','2019-01-16','17:46:49',73324,61,60),(7746605,'heavy machete','2019-05-02','05:28:09',85532,61,184),(7773540,'percocet','2019-02-05','22:03:56',80044,37,188),(7785632,'LSD','2019-03-31','03:23:35',65248,70,156),(7785754,'mushrooms','2019-04-11','16:48:19',88704,61,47),(7789902,'crack','2019-01-01','18:17:54',45756,52,211),(7795868,'DMT','2019-06-05','16:49:03',35051,13,113),(7805564,'pocket knife','2019-01-03','07:34:46',46093,34,145),(7809940,'latin machete','2019-01-16','09:56:05',34281,37,16),(7811403,'C8','2019-01-20','00:23:05',68265,13,1),(7814769,'DMT','2019-01-19','01:08:16',86158,55,88),(7822621,'AK47','2019-02-05','11:56:09',54362,64,174),(7829545,'LSD','2019-02-08','11:56:33',97300,43,112),(7842766,'parang machete','2019-01-08','06:47:04',52004,67,30),(7873429,'desert eagle','2019-05-30','23:01:55',69096,40,208),(7881620,'karambit','2019-06-19','23:45:27',20440,37,299),(7886479,'karambit','2019-01-11','20:48:47',99390,34,207),(7886970,'GHD','2019-02-12','20:11:37',77845,43,127),(7893157,'karambit','2019-05-03','11:31:01',84982,37,291),(7898791,'opiods','2019-05-08','07:55:08',96097,4,32),(7910132,'Sniper','2019-02-12','15:18:34',82643,7,71),(7918004,'baseball bat','2019-02-09','21:33:34',49738,1,248),(7928405,'Shotgun','2019-04-17','22:39:43',24795,10,204),(7936100,'parang machete','2019-03-03','22:40:34',34714,49,228),(7945441,'throw bar','2019-01-24','17:35:05',76393,16,141),(7955176,'AK47','2019-05-11','07:54:08',80396,34,195),(7955837,'anabolics','2019-04-25','09:00:23',70051,1,225),(7988780,'cocaine','2019-04-08','21:55:51',98631,40,15),(7998233,'throw bar','2019-05-13','05:46:05',20548,52,60),(7998366,'cocaine','2019-04-07','18:21:57',79477,13,70),(8006153,'bomb','2019-04-14','04:12:17',74070,19,290),(8007129,'MDMA','2019-01-15','15:59:38',29939,46,69),(8016070,'MDMA','2019-02-27','14:45:24',74509,52,252),(8029984,'MDMA','2019-03-17','01:30:20',44470,73,93),(8034272,'DMT','2019-02-08','13:34:38',43007,61,68),(8047780,'Sniper','2019-04-06','21:22:10',26031,40,12),(8049060,'AK47','2019-03-23','21:20:02',65771,37,248),(8070147,'marijuana','2019-06-11','14:51:41',92515,19,213),(8083586,'GHD','2019-04-10','23:07:33',35967,16,50),(8089469,'axe','2019-03-20','16:58:35',35766,4,148),(8097510,'flashbang','2019-02-07','05:39:29',28004,28,79),(8103925,'evidenceName','2019-05-05','02:08:48',45309,70,175),(8113144,'kukri machete','2019-06-02','14:00:21',76246,7,288),(8124870,'parang machete','2019-06-05','18:32:03',42810,70,206),(8135910,'bazuka','2019-02-12','03:18:43',43226,16,272),(8150919,'mushrooms','2019-01-03','20:25:08',23824,7,115),(8153488,'oxy','2019-02-26','06:35:23',56067,67,172),(8157069,'cane machete','2019-06-06','01:20:03',31477,13,213),(8157612,'brass knuckles','2019-02-23','10:37:33',37602,19,72),(8184976,'magnum','2019-01-08','06:47:04',57175,31,183),(8202172,'axe','2019-05-01','02:15:08',55881,43,52),(8220282,'mushrooms','2019-02-24','16:05:37',34949,61,129),(8246293,'moltov cocktail','2019-02-08','17:46:21',97887,4,91),(8249961,'magnum','2019-03-14','21:13:03',81502,46,162),(8277065,'MDMA','2019-04-17','05:28:15',50663,55,127),(8278347,'percocet','2019-06-22','06:56:59',50211,70,287),(8286146,'AR15','2019-01-07','19:33:30',25169,4,226),(8294505,'percocet','2019-02-16','10:08:03',59641,70,264),(8310059,'baseball bat','2019-02-08','09:03:19',72308,22,22),(8314076,'brass knuckles','2019-04-19','08:25:33',25055,40,161),(8338364,'cane machete','2019-01-12','00:55:30',75064,4,26),(8340856,'golok machete','2019-02-01','13:29:49',41614,25,228),(8349058,'bowie machete','2019-01-11','23:50:10',71367,61,183),(8364425,'marijuana','2019-06-09','00:39:29',26324,4,120),(8378363,'pocket knife','2019-03-23','04:23:41',29479,31,287),(8378870,'alcohol','2019-05-29','17:00:03',27781,43,205),(8409558,'anabolics','2019-01-24','07:31:47',95355,31,222),(8413576,'bazuka','2019-03-03','16:41:47',97226,19,171),(8430306,'cocaine','2019-05-26','11:00:21',80950,46,128),(8437187,'flashbang','2019-06-08','17:57:02',31649,67,32),(8501534,'bolo machete','2019-03-30','23:45:42',65859,61,271),(8504061,'glock','2019-01-25','01:03:39',39807,37,52),(8513032,'revolver','2019-05-21','13:50:37',69438,1,80),(8531871,'tapanga machete','2019-02-24','22:29:54',55941,67,125),(8533474,'bazuka','2019-05-07','15:40:09',31673,31,205),(8536002,'GHD','2019-06-01','11:26:10',50633,22,104),(8538736,'LSD','2019-06-02','20:56:40',87048,34,0),(8555243,'anabolics','2019-04-15','18:02:45',63894,13,196),(8566743,'C8','2019-02-26','06:35:23',91141,13,245),(8568297,'scissors','2019-03-10','23:56:53',70564,22,282),(8576789,'axe','2019-02-13','22:56:39',96821,67,63),(8580810,'Shotgun','2019-03-16','15:09:10',56293,58,106),(8587673,'percocet','2019-05-12','01:05:42',96668,64,241),(8591392,'karambit','2019-06-21','05:56:17',20416,31,245),(8592046,'pocket knife','2019-04-15','05:18:31',43218,28,274),(8612125,'anabolics','2019-05-19','09:30:27',21326,22,178),(8633066,'oxy','2019-01-13','04:19:05',59773,13,181),(8649061,'cane machete','2019-06-02','05:05:34',21098,25,15),(8657207,'desert eagle','2019-03-01','08:35:43',81658,22,248),(8675011,'magnum','2019-05-19','12:37:31',52544,46,163),(8690713,'cane machete','2019-05-26','16:22:54',21475,40,257),(8701918,'heroin','2019-05-02','15:29:05',92674,4,4),(8715086,'parang machete','2019-06-11','14:51:41',76655,34,113),(8731068,'heroin','2019-04-27','16:39:39',89862,67,256),(8763190,'scissors','2019-05-22','13:12:27',48514,1,194),(8770093,'GHD','2019-02-28','20:57:17',63092,1,166),(8771785,'anabolics','2019-03-11','15:43:46',94632,1,137),(8818938,'mushrooms','2019-06-10','17:04:39',55808,49,110),(8819444,'LSD','2019-03-03','02:35:07',35321,70,249),(8842328,'moltov cocktail','2019-01-07','10:14:39',76019,28,101),(8857029,'alcohol','2019-03-26','13:07:01',89634,16,284),(8864958,'karambit','2019-02-28','01:06:00',76093,16,119),(8867648,'LSD','2019-04-11','16:48:19',83591,37,213),(8876308,'alcohol','2019-02-06','14:17:22',76850,70,155),(8878222,'beretta','2019-01-20','08:20:18',90759,67,68),(8891144,'Shotgun','2019-05-10','00:52:01',43742,58,251),(8917473,'baseball bat','2019-01-27','00:00:26',85355,31,228),(8922925,'bowie machete','2019-06-26','01:31:57',25388,64,120),(8943098,'AR15','2019-06-02','08:12:53',89098,16,56),(8951526,'pocket knife','2019-01-17','07:56:03',85063,4,181),(8951624,'revolver','2019-03-02','18:36:11',90132,16,87),(8990276,'magnum','2019-02-13','05:40:28',27376,22,188),(8990721,'golok machete','2019-01-06','21:43:11',79544,37,29),(9002041,'grenade','2019-03-06','08:52:52',81583,61,255),(9064031,'bomb','2019-02-18','01:44:23',99967,55,57),(9073365,'oxy','2019-02-24','16:05:37',76936,64,188),(9074986,'LSD','2019-02-12','12:30:20',98674,61,197),(9082947,'beretta','2019-03-17','01:30:20',54595,22,13),(9090099,'throw bar','2019-01-11','15:24:30',82184,70,14),(9098272,'mushrooms','2019-02-15','22:05:29',37557,19,48),(9100172,'percocet','2019-01-16','06:34:22',93652,55,278),(9116455,'DMT','2019-03-14','09:20:20',90289,4,123),(9144694,'karambit','2019-02-21','12:22:50',37989,40,140),(9144877,'golok machete','2019-05-17','05:10:15',88826,52,47),(9175380,'karambit','2019-01-06','07:02:52',94090,70,28),(9179113,'Rifle','2019-03-14','09:20:20',83047,43,64),(9181549,'GHD','2019-06-21','15:02:35',34692,34,107),(9191777,'kukri machete','2019-01-16','06:34:22',47145,34,91),(9193192,'mushrooms','2019-05-17','19:32:41',90520,73,17),(9204843,'crack','2019-02-21','03:11:41',91960,13,79),(9209653,'revolver','2019-01-28','09:33:40',33651,25,105),(9209796,'axe','2019-04-20','20:48:02',42925,67,298),(9214221,'crystal meth','2019-03-16','15:09:10',25427,4,270),(9233507,'percocet','2019-02-04','03:46:53',67200,61,30),(9246475,'golok machete','2019-02-13','04:56:08',55608,13,64),(9255444,'anabolics','2019-02-05','09:49:23',69344,40,5),(9259469,'cocaine','2019-02-18','16:36:01',68943,58,93),(9272411,'crystal meth','2019-03-22','07:11:24',87852,13,111),(9273628,'marijuana','2019-06-27','21:28:42',27160,43,244),(9291142,'C8','2019-03-24','14:17:45',38128,1,25),(9314810,'brass knuckles','2019-05-26','15:15:01',99863,37,156),(9327581,'axe','2019-02-23','14:27:07',70844,58,2),(9329181,'panga machete','2019-03-21','01:24:24',49355,34,93),(9329644,'bowie machete','2019-02-10','21:08:52',26428,28,263),(9332843,'steroids','2019-04-04','05:28:28',94700,28,273),(9347592,'brass knuckles','2019-02-13','04:56:08',93006,25,158),(9360152,'crack','2019-01-23','16:42:52',89838,4,136),(9373602,'alcohol','2019-01-17','14:08:08',54343,4,128),(9418552,'grenade','2019-06-04','09:22:12',37487,19,61),(9471542,'Shotgun','2019-03-24','14:36:12',76527,16,235),(9505308,'flashbang','2019-01-29','17:27:31',87854,25,58),(9513860,'DMT','2019-04-22','03:29:32',88792,22,176),(9516830,'percocet','2019-04-24','03:59:44',74523,61,135),(9526156,'karambit','2019-02-04','09:05:52',60809,46,214),(9548321,'bolo machete','2019-06-09','19:39:47',96409,28,177),(9560754,'crack','2019-02-04','09:05:52',47970,46,23),(9572861,'golok machete','2019-05-23','17:45:31',59667,64,65),(9577729,'parang machete','2019-01-06','07:02:52',45826,37,23),(9588235,'scissors','2019-03-14','21:13:03',20963,49,113),(9591946,'alcohol','2019-01-19','16:19:36',55227,7,0),(9626001,'cane machete','2019-04-05','23:17:39',37820,22,89),(9648736,'baseball bat','2019-04-22','03:29:04',41686,31,144),(9650022,'bolo machete','2019-01-29','21:49:54',63396,31,15),(9651864,'scissors','2019-04-06','21:22:10',51605,52,8),(9660712,'barong machete','2019-02-24','19:02:54',83157,25,72),(9673953,'cane machete','2019-05-06','10:28:29',75641,10,114),(9684097,'anabolics','2019-05-01','02:15:08',32851,73,211),(9686155,'marijuana','2019-05-30','16:15:48',36887,40,124),(9692577,'magnum','2019-03-19','15:51:56',54128,67,244),(9693948,'evidenceName','2019-01-04','15:42:24',78595,58,75),(9697623,'DMT','2019-03-01','04:24:48',90448,22,25),(9698202,'AK47','2019-05-02','08:51:15',66608,31,51),(9702695,'bazuka','2019-01-30','02:11:24',68452,52,7),(9708746,'barong machete','2019-02-25','10:10:47',27317,70,107),(9711952,'revolver','2019-06-25','22:42:42',37126,73,243),(9722139,'barong machete','2019-04-03','04:21:35',64676,73,282),(9726016,'heavy machete','2019-01-03','00:29:10',89121,13,250),(9732476,'heroin','2019-02-20','00:05:59',87135,16,180),(9750749,'magnum','2019-03-16','02:52:29',60552,46,243),(9755585,'grenade','2019-02-02','20:09:51',54152,64,221),(9759622,'glock','2019-03-20','18:33:01',55797,40,5),(9824306,'tapanga machete','2019-06-18','23:27:50',23583,31,126),(9827754,'marijuana','2019-06-07','09:11:16',85579,52,136),(9836539,'LSD','2019-02-08','07:04:20',28245,1,88),(9851566,'heavy machete','2019-02-18','17:13:54',57291,58,251),(9877276,'Shotgun','2019-02-02','11:19:10',49304,1,163),(9893143,'marijuana','2019-01-05','01:33:21',20599,52,227),(9925620,'mushrooms','2019-06-01','11:26:10',80648,46,124),(9931428,'scissors','2019-06-09','19:39:47',59485,34,178),(9938827,'axe','2019-01-26','19:12:29',33683,7,55),(9953967,'anabolics','2019-02-20','05:07:40',20878,22,238),(9956602,'steroids','2019-04-16','20:55:34',49694,64,59),(9974083,'marijuana','2019-05-18','02:03:10',65731,70,235),(9976929,'anabolics','2019-03-09','06:11:20',50635,73,205);
/*!40000 ALTER TABLE `evidence` ENABLE KEYS */;
UNLOCK TABLES;

--
-- Table structure for table `evidence_log`
--

DROP TABLE IF EXISTS `evidence_log`;
/*!40101 SET @saved_cs_client     = @@character_set_client */;
/*!50503 SET character_set_client = utf8mb4 */;
CREATE TABLE `evidence_log` (
  `evidenceType` varchar(150) DEFAULT NULL,
  `date` date NOT NULL,
  `time` time NOT NULL,
  `noOfEvidenceCollected` int DEFAULT NULL,
  `description` text,
  `logType` varchar(50) NOT NULL,
  `officerSIN` int NOT NULL,
  PRIMARY KEY (`date`,`time`),
  KEY `idx_evidence_log_date` (`date`),
  KEY `idx_evidence_log_time` (`time`),
  KEY `EvidofficerSIN` (`officerSIN`),
  CONSTRAINT `EvidofficerSIN` FOREIGN KEY (`officerSIN`) REFERENCES `officer` (`officerSocialInsuranceNumber`)
) ENGINE=InnoDB DEFAULT CHARSET=utf8mb4 COLLATE=utf8mb4_0900_ai_ci;
/*!40101 SET character_set_client = @saved_cs_client */;

--
-- Dumping data for table `evidence_log`
--

LOCK TABLES `evidence_log` WRITE;
/*!40000 ALTER TABLE `evidence_log` DISABLE KEYS */;
INSERT INTO `evidence_log` VALUES ('blood','2019-01-01','09:07:10',4,'0','remove',392691851),('soil','2019-01-01','18:17:54',4,'0','remove',741294953),('fibers','2019-01-02','10:30:59',3,'I think I could convince Tom to put you on the list.','add',341624401),('tissues','2019-01-03','00:29:10',1,'0','remove',779000150),('blood','2019-01-03','02:22:28',4,'0','removeadd',656705370),('tool marks','2019-01-03','07:34:46',4,'I will have to be more careful.','view',470061419),('alcohols (ethanol)','2019-01-03','17:02:16',2,'0','remove',779000150),('resins, plastics','2019-01-03','20:25:08',4,'My parents are from China.','add',367669545),('fingerprints','2019-01-04','07:44:19',2,'0','view',366610476),('rubber material','2019-01-04','15:42:24',0,'0','view',341624401),('firearms and ammunition','2019-01-04','23:22:11',4,'0','add',462210063),('tool marks','2019-01-05','01:33:21',0,'0','view',889126637),('drugs and toxic substances','2019-01-05','09:55:34',0,'She was determined to summit Mount Everest before she turned twenty-nine.','view',394574691),('petroleum products','2019-01-05','10:44:18',4,'We can go to Paris.','view',664755712),('gunshot residues','2019-01-06','02:03:00',1,'0','view',394574691),('paints','2019-01-06','02:40:29',0,'This dinner is so delicious that I can\'t stop eating.','add',727708210),('impressions (shoe prints, bite mark, etc...)','2019-01-06','07:02:52',0,'0','view',394574691),('documents','2019-01-06','18:11:01',1,'He knows English better than I do.','view',394574691),('fingerprints','2019-01-06','21:43:11',2,'0','view',699664469),('body fluids','2019-01-07','10:14:39',0,'Never do that again!','view',355238043),('fibers','2019-01-07','19:33:30',3,'You\'re making the biggest mistake of your life.','view',800486935),('paints','2019-01-08','06:47:04',0,'0','view',660248589),('explosive residues','2019-01-08','20:54:45',3,'0','view',392691851),('feathers','2019-01-09','10:08:58',4,'0','remove',437232463),('blood','2019-01-09','22:18:09',4,'0','remove',393684226),('impressions (shoe prints, bite mark, etc...)','2019-01-09','22:47:08',0,'0','remove',392691851),('soil','2019-01-10','02:10:17',4,'0','remove',625475868),('rubber material','2019-01-10','07:09:53',3,'0','remove',364565643),('body fluids','2019-01-11','01:42:38',1,'He’s a natural.','view',660248589),('rubber material','2019-01-11','04:58:29',0,'0','view',471579755),('serial numbers','2019-01-11','15:24:30',0,'0','view',394574691),('hair','2019-01-11','20:48:47',1,'The monkey bit the apple and spat it at the giraffe.','remove',436034617),('documents','2019-01-11','23:50:10',3,'0','view',884969567),('petroleum products','2019-01-12','00:55:30',1,'0','view',884969567),('soil','2019-01-12','13:22:44',2,'There used to be big trees around my house.','remove',860339112),('tool marks','2019-01-12','15:35:40',0,'0','add',567946034),('hair','2019-01-13','03:08:39',4,'0','remove',394574691),('fingerprints','2019-01-13','04:19:05',1,'0','view',513977587),('blood','2019-01-14','06:08:04',4,'Are your grandparents doing well?','view',392691851),('glass','2019-01-14','14:29:30',0,'0','add',883635201),('bones','2019-01-15','15:59:38',0,'The boys are in the championship wrestling match.','add',394574691),('bones','2019-01-16','04:27:51',3,'0','add',327846608),('drugs and toxic substances','2019-01-16','06:34:22',0,'0','add',528804133),('soil','2019-01-16','08:04:41',1,'0','add',494236484),('drugs and toxic substances','2019-01-16','09:56:05',0,'The course starts next Sunday.','remove',644752393),('petroleum products','2019-01-16','17:46:49',0,'0','view',883635201),('feathers','2019-01-16','18:58:59',2,'0','view',579447638),('tissues','2019-01-17','07:56:03',2,'0','view',661210162),('pollen','2019-01-17','08:34:14',4,'They employed him as a consultant.','view',699606353),('hair','2019-01-17','11:08:32',4,'On top of all that, her parents told her yesterday that they were getting a divorce.','remove',760117004),('alcohols (ethanol)','2019-01-17','14:08:08',0,'Are your grandparents doing well?','view',644752393),('drugs and toxic substances','2019-01-18','07:55:23',1,'He neither smokes nor drinks.','view',650233856),('fingerprints','2019-01-18','12:35:01',2,'You should consider the positive aspects of this breakup.','remove',644752393),('soil','2019-01-18','21:41:41',1,'0','view',866217237),('tissues','2019-01-19','01:08:16',0,'0','add',370746977),('fingerprints','2019-01-19','11:01:11',1,'Never do that again!','view',366610476),('tissues','2019-01-19','12:14:30',1,'0','view',660248589),('glass','2019-01-19','15:21:10',1,'0','add',392691851),('pollen','2019-01-19','16:19:36',1,'They employed him as a consultant.','view',392691851),('documents','2019-01-20','00:23:05',3,'A big tree in the field was struck by lightning.','remove',337266752),('firearms and ammunition','2019-01-20','08:20:18',4,'There used to be a big cherry tree in the garden.','view',394574691),('feathers','2019-01-21','02:07:32',1,'0','view',873972953),('glass','2019-01-22','07:19:51',2,'0','view',463511955),('glass','2019-01-23','16:42:52',3,'This dinner is so delicious that I can\'t stop eating.','add',755726646),('drugs and toxic substances','2019-01-23','17:17:25',1,'0','remove',377460327),('fingerprints','2019-01-24','02:23:57',3,'0','view',766173446),('soil','2019-01-24','07:31:47',3,'0','add',392691851),('pollen','2019-01-24','09:22:00',1,'0','add',392691851),('tissues','2019-01-24','17:04:42',4,'When I was a kid, I had a best friend named Marissa.','view',392691851),('explosive residues','2019-01-24','17:35:05',4,'I will have to be more careful.','view',437969511),('tissues','2019-01-25','00:23:26',1,'Our new car is not very nice.','add',686027473),('blood','2019-01-25','01:03:39',0,'0','view',393265782),('body fluids','2019-01-25','01:43:14',0,'0','add',432799565),('explosive residues','2019-01-25','08:03:22',2,'0','view',355238043),('firearms and ammunition','2019-01-26','06:00:14',1,'The boys are in the championship wrestling match.','remove',447113136),('explosive residues','2019-01-26','11:17:55',3,'0','add',394574691),('bones','2019-01-26','11:39:59',2,'0','add',585105511),('pollen','2019-01-26','19:12:29',0,'0','remove',394574691),('fibers','2019-01-27','00:00:26',2,'0','add',366610476),('fingerprints','2019-01-27','15:37:31',2,'0','view',394574691),('resins, plastics','2019-01-28','00:52:51',0,'0','removeadd',783973422),('alcohols (ethanol)','2019-01-28','09:33:40',1,'0','add',546853549),('petroleum products','2019-01-29','15:57:21',2,'0','add',897125855),('firearms and ammunition','2019-01-29','17:27:31',4,'0','add',455050645),('feathers','2019-01-29','21:49:54',0,'0','remove',356190816),('gunshot residues','2019-01-30','02:11:24',2,'She doesn’t teach chemistry.','view',800486935),('resins, plastics','2019-01-30','15:02:02',1,'My parents are from China.','view',827070246),('feathers','2019-01-30','17:46:26',1,'0','view',394574691),('bones','2019-02-01','05:46:12',1,'0','add',889126637),('hair','2019-02-01','13:29:49',4,'Mary enjoys cooking.','add',710961206),('firearms and ammunition','2019-02-01','19:48:41',0,'0','view',456848298),('firearms and ammunition','2019-02-01','23:20:39',1,'That is very nice of you to say.','view',644752393),('explosive residues','2019-02-02','07:56:36',1,'When she got her new ID, they hole-punched her old one.','add',800221423),('petroleum products','2019-02-02','08:53:06',3,'0','add',688839658),('firearms and ammunition','2019-02-02','11:19:10',3,'0','view',518176986),('pollen','2019-02-02','19:53:16',0,'Wiggle your fingers!','remove',579447638),('glass','2019-02-02','20:09:51',1,'0','view',689237716),('petroleum products','2019-02-04','03:46:53',2,'0','view',644752393),('resins, plastics','2019-02-04','09:05:52',2,'A big tree in the field was struck by lightning.','view',662654218),('impressions (shoe prints, bite mark, etc...)','2019-02-05','06:22:15',0,'0','add',812310360),('blood','2019-02-05','06:26:18',0,'0','add',886348303),('pollen','2019-02-05','09:49:23',2,'0','remove',491639191),('soil','2019-02-05','11:56:09',4,'The boys are in the championship wrestling match.','view',763175877),('explosive residues','2019-02-05','14:15:10',3,'0','view',780036786),('bones','2019-02-05','22:03:56',4,'0','remove',392851769),('bones','2019-02-06','04:58:47',1,'0','view',486124408),('explosive residues','2019-02-06','08:39:15',0,'0','view',740235314),('petroleum products','2019-02-06','11:33:20',1,'0','add',392691851),('wood material','2019-02-06','14:17:22',3,'0','view',644752393),('soil','2019-02-07','05:39:29',1,'Turning the page is important to progress.','view',579447638),('body fluids','2019-02-07','13:02:44',3,'0','view',491639191),('blood','2019-02-08','07:04:20',4,'We had a snow storm last weekend.','view',650233856),('tissues','2019-02-08','09:03:19',1,'We had a snow storm last weekend.','remove',341624401),('drugs and toxic substances','2019-02-08','11:56:33',4,'0','remove',618234805),('petroleum products','2019-02-08','13:34:38',1,'0','remove',714152849),('body fluids','2019-02-08','14:02:33',4,'0','view',486124408),('alcohols (ethanol)','2019-02-08','17:46:21',3,'0','view',534748322),('firearms and ammunition','2019-02-08','20:18:25',0,'0','view',638319060),('hair','2019-02-09','05:10:09',0,'She was determined to summit Mount Everest before she turned twenty-nine.','view',601562304),('blood','2019-02-09','18:35:51',3,'0','remove',392691851),('hair','2019-02-09','18:51:00',4,'0','view',419785274),('blood','2019-02-09','21:33:34',3,'0','remove',326923207),('explosive residues','2019-02-09','23:16:22',2,'0','view',394574691),('gunshot residues','2019-02-10','19:56:45',1,'I drink less water than him.','view',547740336),('drugs and toxic substances','2019-02-10','20:13:57',2,'You\'re simply the best.','view',394574691),('explosive residues','2019-02-10','21:08:52',1,'0','add',858875790),('paints','2019-02-10','23:12:52',4,'0','add',653871937),('fibers','2019-02-11','03:34:25',0,'He neither smokes nor drinks.','remove',370987328),('fibers','2019-02-11','09:37:54',2,'0','view',703714694),('rubber material','2019-02-11','21:19:52',4,'0','add',394574691),('blood','2019-02-12','03:18:43',2,'0','view',341624401),('resins, plastics','2019-02-12','12:10:09',4,'0','view',775562551),('blood','2019-02-12','12:30:20',1,'0','remove',432799565),('wood material','2019-02-12','14:49:10',4,'0','remove',644752393),('pollen','2019-02-12','15:18:34',1,'I\'m a huge fan of the arts.','add',589817246),('resins, plastics','2019-02-12','20:11:37',0,'0','add',462597760),('body fluids','2019-02-13','04:56:08',4,'0','view',394574691),('hair','2019-02-13','05:40:28',0,'0','add',341624401),('petroleum products','2019-02-13','05:47:00',2,'0','add',422559112),('resins, plastics','2019-02-13','11:31:38',3,'0','remove',560400879),('documents','2019-02-13','22:56:39',0,'0','remove',882695702),('alcohols (ethanol)','2019-02-15','12:44:46',0,'0','add',394574691),('serial numbers','2019-02-15','18:14:51',3,'0','view',519478084),('documents','2019-02-15','22:05:29',1,'0','view',589817246),('tool marks','2019-02-16','10:08:03',1,'0','remove',554583510),('hair','2019-02-17','01:38:11',1,'0','removeadd',392691851),('glass','2019-02-17','06:00:48',2,'0','add',394574691),('petroleum products','2019-02-18','01:44:23',3,'Mind your own business!','add',530726522),('soil','2019-02-18','16:36:01',2,'We had a snow storm last weekend.','add',379264145),('rubber material','2019-02-18','17:13:54',4,'0','view',575806629),('serial numbers','2019-02-18','21:05:42',2,'0','add',644752393),('body fluids','2019-02-18','22:13:47',2,'We had a snow storm last weekend.','view',863576453),('alcohols (ethanol)','2019-02-19','07:15:55',2,'He neither smokes nor drinks.','add',392691851),('pollen','2019-02-19','10:53:37',4,'0','view',394574691),('hair','2019-02-20','00:05:59',2,'0','remove',392691851),('resins, plastics','2019-02-20','03:31:23',1,'0','remove',531893260),('drugs and toxic substances','2019-02-20','05:07:40',3,'0','remove',840454258),('hair','2019-02-20','17:12:45',2,'0','remove',341624401),('petroleum products','2019-02-20','17:14:36',4,'0','remove',843207618),('bones','2019-02-20','19:54:39',2,'0','remove',721456494),('tissues','2019-02-21','03:11:41',2,'0','view',394574691),('gunshot residues','2019-02-21','12:22:50',0,'He neither smokes nor drinks.','view',859099953),('body fluids','2019-02-21','18:44:44',3,'0','add',742067236),('explosive residues','2019-02-22','03:37:49',4,'This dinner is so delicious that I can\'t stop eating.','view',644752393),('tool marks','2019-02-22','13:49:04',3,'0','remove',456345645),('soil','2019-02-23','01:08:05',1,'0','view',530184671),('paints','2019-02-23','01:19:25',4,'Nothing hurts like the truth.','view',379371696),('bones','2019-02-23','10:37:33',3,'0','remove',370987328),('bones','2019-02-23','14:27:07',4,'0','view',463511955),('documents','2019-02-24','16:05:37',2,'I\'m a huge fan of the arts.','add',352834829),('impressions (shoe prints, bite mark, etc...)','2019-02-24','19:02:54',2,'0','add',365782684),('pollen','2019-02-24','22:29:54',2,'0','add',699606353),('firearms and ammunition','2019-02-24','22:36:11',2,'0','view',710961206),('fibers','2019-02-25','10:10:47',2,'0','view',439639676),('impressions (shoe prints, bite mark, etc...)','2019-02-25','19:17:48',0,'That is very nice of you to say.','view',800486935),('tool marks','2019-02-26','00:30:15',4,'When she got her new ID, they hole-punched her old one.','remove',385687200),('fingerprints','2019-02-26','06:35:23',0,'0','add',644752393),('drugs and toxic substances','2019-02-27','14:45:24',0,'0','view',810862099),('petroleum products','2019-02-27','18:23:30',1,'We had a snow storm last weekend.','remove',394574691),('alcohols (ethanol)','2019-02-27','19:34:37',3,'I\'ll make a list and give it to Samantha.','add',644752393),('fingerprints','2019-02-28','01:06:00',2,'0','view',392691851),('impressions (shoe prints, bite mark, etc...)','2019-02-28','15:36:35',0,'0','add',498861904),('body fluids','2019-02-28','20:04:53',0,'0','view',392691851),('serial numbers','2019-02-28','20:57:17',0,'0','view',589549268),('blood','2019-03-01','04:24:48',2,'0','add',800486935),('drugs and toxic substances','2019-03-01','05:50:14',0,'When I was a kid, I had a best friend named Marissa.','remove',416876463),('blood','2019-03-01','08:35:43',4,'0','view',341624401),('documents','2019-03-01','23:55:23',0,'0','add',394574691),('feathers','2019-03-02','15:00:26',0,'0','view',328051905),('pollen','2019-03-02','18:36:11',1,'0','view',800486935),('documents','2019-03-02','21:51:04',1,'0','add',699606353),('fibers','2019-03-02','23:32:28',0,'0','add',632604130),('paints','2019-03-03','02:35:07',0,'Mary enjoys cooking.','view',394574691),('soil','2019-03-03','16:41:47',4,'He knows English better than I do.','view',884969567),('firearms and ammunition','2019-03-03','18:55:34',0,'The boys are in the championship wrestling match.','add',800486935),('firearms and ammunition','2019-03-03','22:40:34',3,'0','remove',644752393),('tool marks','2019-03-04','08:34:16',4,'0','view',393684226),('blood','2019-03-05','10:56:33',2,'0','view',840454258),('paints','2019-03-05','12:29:59',2,'0','view',859426620),('pollen','2019-03-06','08:52:52',3,'0','view',574603888),('blood','2019-03-06','12:02:14',3,'0','remove',394574691),('wood material','2019-03-07','03:05:55',4,'0','add',392691851),('fibers','2019-03-07','13:33:55',2,'Never do that again!','view',653871937),('hair','2019-03-09','03:06:16',4,'0','view',394574691),('hair','2019-03-09','06:11:20',3,'0','view',517410254),('explosive residues','2019-03-09','13:25:53',3,'0','view',644752393),('body fluids','2019-03-09','17:58:41',0,'When I was a kid, I had a best friend named Marissa.','remove',596000845),('tool marks','2019-03-10','23:56:53',4,'You should consider the positive aspects of this breakup.','view',825642404),('paints','2019-03-11','14:20:41',2,'Nothing hurts like the truth.','add',357282590),('petroleum products','2019-03-11','15:43:46',0,'Are your grandparents doing well?','removeadd',659316398),('feathers','2019-03-12','21:29:30',3,'0','view',644752393),('alcohols (ethanol)','2019-03-13','03:37:04',0,'0','view',394574691),('alcohols (ethanol)','2019-03-13','20:12:23',2,'0','add',440900211),('pollen','2019-03-13','22:17:33',4,'0','add',589817246),('resins, plastics','2019-03-14','09:20:20',4,'0','add',396764087),('documents','2019-03-14','15:37:06',3,'0','remove',430561757),('soil','2019-03-14','21:13:03',2,'0','remove',644752393),('wood material','2019-03-14','22:12:49',2,'0','add',451278062),('body fluids','2019-03-14','23:11:08',0,'0','view',714152849),('hair','2019-03-15','00:26:37',3,'0','add',341624401),('tool marks','2019-03-15','18:58:28',4,'0','view',392691851),('fibers','2019-03-16','02:52:29',1,'0','remove',644752393),('explosive residues','2019-03-16','15:09:10',4,'0','add',524257415),('feathers','2019-03-17','01:30:20',4,'He read the report.','view',645811205),('resins, plastics','2019-03-18','02:02:47',4,'0','remove',341624401),('documents','2019-03-19','01:14:20',0,'0','view',572756650),('impressions (shoe prints, bite mark, etc...)','2019-03-19','04:41:29',1,'We already know the truth.','view',392691851),('fingerprints','2019-03-19','10:47:10',1,'0','remove',392691851),('gunshot residues','2019-03-19','15:51:56',3,'0','view',779000150),('bones','2019-03-20','16:58:35',2,'0','view',466886054),('firearms and ammunition','2019-03-20','18:33:01',3,'0','view',644752393),('pollen','2019-03-21','01:24:24',0,'0','remove',644752393),('fingerprints','2019-03-22','07:11:24',0,'0','view',772359989),('soil','2019-03-22','14:14:10',3,'0','view',653871937),('serial numbers','2019-03-23','02:35:54',3,'Nothing hurts like the truth.','view',326923207),('tissues','2019-03-23','04:23:41',2,'0','view',546449494),('alcohols (ethanol)','2019-03-23','13:40:46',0,'0','view',392691851),('explosive residues','2019-03-23','20:45:16',2,'The boys are in the championship wrestling match.','add',644752393),('wood material','2019-03-23','21:20:02',1,'0','remove',394574691),('documents','2019-03-24','10:00:48',2,'0','ew',501270801),('fibers','2019-03-24','14:17:45',3,'0','remove',386464555),('bones','2019-03-24','14:36:12',2,'Once you master cooking, you’ll start tweaking popular recipes, and that’s when it becomes even more fun.','view',421954665),('explosive residues','2019-03-24','14:39:59',4,'Turning the page is important to progress.','view',394574691),('wood material','2019-03-24','20:18:13',3,'Deodorant helps to prevent embarrassing moments.','remove',843875438),('gunshot residues','2019-03-25','06:15:26',4,'0','view',830318938),('tissues','2019-03-25','07:20:36',1,'He didn\'t mean to smash the window.','view',392691851),('petroleum products','2019-03-26','05:50:28',4,'Tom is used to driving a pickup truck, but he\'s never driven a monster truck.','view',402980232),('glass','2019-03-26','13:07:01',2,'0','remove',399218880),('tool marks','2019-03-26','21:12:28',2,'0','add',486124408),('tool marks','2019-03-27','01:23:06',0,'I miss the beach.','remove',456345645),('resins, plastics','2019-03-27','13:57:33',0,'0','add',394574691),('soil','2019-03-27','20:23:30',3,'0','view',740235314),('body fluids','2019-03-28','09:18:53',1,'Are we not on the same page?','view',355238043),('gunshot residues','2019-03-29','00:46:14',3,'0','view',414505438),('serial numbers','2019-03-29','17:09:36',0,'0','remove',800486935),('fibers','2019-03-30','23:45:42',3,'0','remove',571656440),('explosive residues','2019-03-31','03:23:35',0,'You\'re making the biggest mistake of your life.','view',343933084),('impressions (shoe prints, bite mark, etc...)','2019-03-31','13:32:02',2,'0','view',432799565),('gunshot residues','2019-03-31','14:01:07',0,'0','add',385796716),('glass','2019-04-01','05:51:12',3,'0','view',364565643),('fingerprints','2019-04-01','10:50:36',1,'0','remove',889126637),('serial numbers','2019-04-02','23:04:26',2,'0','view',644752393),('paints','2019-04-03','04:21:35',1,'0','remove',463511955),('drugs and toxic substances','2019-04-03','21:25:52',1,'0','view',364565643),('gunshot residues','2019-04-04','05:28:28',4,'0','view',531966335),('tissues','2019-04-04','06:45:40',1,'Get away from me, you slimy little worm!','add',569531822),('fingerprints','2019-04-04','19:02:19',3,'0','add',800486935),('fibers','2019-04-05','04:01:58',1,'0','view',408698183),('paints','2019-04-05','20:00:26',0,'The fan is blowing in my face right now.','view',392691851),('fingerprints','2019-04-05','23:17:39',2,'0','view',401271769),('resins, plastics','2019-04-06','08:35:18',2,'We can go to Paris.','view',760094267),('fingerprints','2019-04-06','17:41:28',1,'0','view',530157809),('pollen','2019-04-06','21:22:10',3,'0','view',450697805),('petroleum products','2019-04-07','18:21:57',1,'0','add',394574691),('feathers','2019-04-07','21:46:18',2,'0','add',758710486),('petroleum products','2019-04-08','13:06:37',4,'0','add',852040439),('drugs and toxic substances','2019-04-08','21:55:51',0,'0','view',392691851),('rubber material','2019-04-09','00:46:40',0,'My parents are from China.','remove',432799565),('glass','2019-04-09','04:52:45',4,'Never do that again!','add',491639191),('explosive residues','2019-04-09','06:19:37',2,'0','add',392691851),('rubber material','2019-04-09','12:05:58',1,'0','view',392691851),('body fluids','2019-04-09','20:42:10',4,'0','view',601626159),('impressions (shoe prints, bite mark, etc...)','2019-04-10','02:34:19',2,'0','remove',415736575),('documents','2019-04-10','05:42:30',0,'0','remove',450697805),('rubber material','2019-04-10','06:28:05',0,'You should consider the positive aspects of this breakup.','view',644752393),('fibers','2019-04-10','23:07:33',1,'Nothing hurts like the truth.','view',392691851),('wood material','2019-04-11','12:16:32',2,'My parents are from China.','remove',371235307),('pollen','2019-04-11','12:18:15',3,'May I come in?','remove',394574691),('feathers','2019-04-11','16:48:19',3,'Our new car is not very nice.','remove',513938920),('hair','2019-04-11','23:01:53',0,'Never do that again!','add',368404704),('tissues','2019-04-12','11:37:12',4,'0','add',516961334),('paints','2019-04-12','12:06:59',1,'You should consider the positive aspects of this breakup.','view',883635201),('explosive residues','2019-04-12','19:57:51',3,'0','add',393684226),('paints','2019-04-13','03:27:54',0,'0','add',573764483),('fibers','2019-04-13','16:30:13',2,'Never do that again!','add',863576453),('blood','2019-04-13','19:19:31',0,'0','view',538347515),('impressions (shoe prints, bite mark, etc...)','2019-04-14','04:00:47',0,'I have a brochure for our vacation.','add',680969919),('impressions (shoe prints, bite mark, etc...)','2019-04-14','04:12:17',3,'0','view',405728006),('body fluids','2019-04-15','05:18:31',4,'0','removeadd',432799565),('documents','2019-04-15','17:38:14',0,'0','remove',844682296),('feathers','2019-04-15','18:02:45',1,'0','remove',644752393),('body fluids','2019-04-15','23:15:19',0,'0','add',628006683),('gunshot residues','2019-04-16','20:55:34',0,'My biggest problem is deciding what I should wear.','remove',660248589),('alcohols (ethanol)','2019-04-17','05:28:15',0,'Our new car is not very nice.','remove',644752393),('explosive residues','2019-04-17','05:42:21',4,'0','view',743176910),('paints','2019-04-17','14:58:38',2,'0','add',379387614),('impressions (shoe prints, bite mark, etc...)','2019-04-17','22:39:43',4,'0','view',714152849),('tissues','2019-04-18','04:26:49',2,'0','remove',488542009),('paints','2019-04-19','03:46:37',3,'0','remove',553626824),('resins, plastics','2019-04-19','08:25:33',4,'Are your grandparents doing well?','view',800486935),('blood','2019-04-19','21:59:41',1,'0','view',394574691),('rubber material','2019-04-20','07:23:46',4,'0','view',365782684),('wood material','2019-04-20','20:48:02',2,'0','remove',864601969),('wood material','2019-04-20','23:16:17',0,'0','remove',563095620),('glass','2019-04-21','18:47:30',4,'I like the Wimbledon.','remove',355238043),('wood material','2019-04-22','02:33:28',2,'0','remove',341624401),('wood material','2019-04-22','03:29:04',1,'0','add',586309450),('fibers','2019-04-22','03:29:32',4,'0','add',660248589),('glass','2019-04-24','01:44:47',1,'0','add',432799565),('firearms and ammunition','2019-04-24','02:33:07',0,'Come on down!','view',394574691),('petroleum products','2019-04-24','03:59:44',3,'0','view',729807996),('alcohols (ethanol)','2019-04-24','21:03:34',0,'0','add',689948182),('bones','2019-04-25','09:00:23',4,'He didn\'t mean to smash the window.','add',390266168),('drugs and toxic substances','2019-04-26','07:42:12',4,'0','add',800486935),('wood material','2019-04-26','09:39:35',2,'The road to hell is paved with good intentions.','view',394574691),('serial numbers','2019-04-27','02:21:48',4,'There is nothing else to do today.','add',570444075),('firearms and ammunition','2019-04-27','16:39:39',2,'0','add',863576453),('glass','2019-04-27','23:39:14',1,'The boys are in the championship wrestling match.','view',554485563),('explosive residues','2019-04-28','06:52:13',4,'0','view',341624401),('pollen','2019-04-28','11:06:14',2,'You\'re simply the best.','add',644752393),('tool marks','2019-04-28','23:01:05',3,'You should consider the positive aspects of this breakup.','remove',793807160),('impressions (shoe prints, bite mark, etc...)','2019-04-29','16:36:14',0,'0','add',508735127),('alcohols (ethanol)','2019-04-30','16:58:52',2,'0','add',367669545),('paints','2019-05-01','02:15:08',1,'0','view',350761179),('fibers','2019-05-01','04:08:37',1,'0','view',392691851),('gunshot residues','2019-05-01','23:14:37',3,'My biggest problem is deciding what I should wear.','view',859426620),('serial numbers','2019-05-02','05:28:09',0,'0','view',513874169),('soil','2019-05-02','08:51:15',2,'0','add',665433491),('firearms and ammunition','2019-05-02','11:05:46',4,'0','view',385687867),('resins, plastics','2019-05-02','15:29:05',1,'0','view',644752393),('drugs and toxic substances','2019-05-03','11:31:01',2,'0','remove',800486935),('serial numbers','2019-05-03','12:28:25',1,'You\'re simply the best.','remove',450697805),('feathers','2019-05-03','16:17:28',4,'0','view',394574691),('feathers','2019-05-04','03:15:41',3,'I have a brochure for our vacation.','remove',397642733),('resins, plastics','2019-05-05','02:08:48',3,'0','remove',327846608),('serial numbers','2019-05-05','14:39:53',2,'0','add',399181188),('impressions (shoe prints, bite mark, etc...)','2019-05-06','09:14:46',3,'0','remove',644752393),('resins, plastics','2019-05-06','10:28:29',1,'0','add',328095255),('pollen','2019-05-06','10:29:05',3,'0','view',644752393),('tool marks','2019-05-06','11:39:17',0,'On top of all that, her parents told her yesterday that they were getting a divorce.','remove',341624401),('petroleum products','2019-05-07','10:35:39',0,'0','view',800486935),('tool marks','2019-05-07','14:44:55',4,'My parents are from China.','view',601626159),('drugs and toxic substances','2019-05-07','15:40:09',3,'0','remove',394574691),('firearms and ammunition','2019-05-07','22:40:29',3,'0','remove',328214753),('fingerprints','2019-05-08','07:55:08',0,'0','view',491964457),('impressions (shoe prints, bite mark, etc...)','2019-05-08','21:21:14',1,'0','view',486124408),('tool marks','2019-05-08','21:29:13',4,'0','view',392691851),('resins, plastics','2019-05-09','03:56:42',0,'0','view',779000150),('gunshot residues','2019-05-09','12:10:24',2,'0','view',450697805),('gunshot residues','2019-05-09','23:20:27',3,'0','view',884969567),('alcohols (ethanol)','2019-05-10','00:52:01',4,'0','view',392691851),('resins, plastics','2019-05-11','03:47:52',1,'0','add',528449720),('rubber material','2019-05-11','07:54:08',4,'Tragedy brings hope.','view',840454258),('bones','2019-05-11','21:58:10',2,'0','remove',394574691),('gunshot residues','2019-05-12','01:05:42',2,'0','view',392691851),('paints','2019-05-12','02:24:59',4,'The monkey bit the apple and spat it at the giraffe.','view',735012903),('serial numbers','2019-05-12','04:31:57',0,'Our new car is not very nice.','add',367669545),('serial numbers','2019-05-12','07:33:37',1,'0','remove',800486935),('rubber material','2019-05-12','13:07:30',0,'She wanted to paint her walls blue, which she thought was a calming color, but her landlord had a no-paint policy.','remove',653871937),('tissues','2019-05-13','05:46:05',1,'0','view',825873644),('rubber material','2019-05-13','11:21:59',4,'0','view',502936317),('firearms and ammunition','2019-05-13','21:26:30',2,'0','view',517592976),('fingerprints','2019-05-14','04:27:51',3,'0','remove',484198099),('fingerprints','2019-05-15','03:47:22',1,'This dinner is so delicious that I can\'t stop eating.','remove',463511955),('gunshot residues','2019-05-15','11:31:23',2,'She doesn’t teach chemistry.','view',760094267),('gunshot residues','2019-05-15','16:40:27',4,'0','add',872044176),('fingerprints','2019-05-15','17:59:32',1,'0','add',800486935),('firearms and ammunition','2019-05-15','18:02:02',2,'0','remove',392691851),('alcohols (ethanol)','2019-05-17','05:10:15',3,'0','remove',392691851),('soil','2019-05-17','14:52:34',2,'The boys are in the championship wrestling match.','remove',327846608),('feathers','2019-05-17','19:32:41',0,'Are your grandparents doing well?','view',889126637),('bones','2019-05-17','23:12:31',4,'0','add',341624401),('bones','2019-05-18','02:03:10',3,'0','add',392691851),('gunshot residues','2019-05-18','02:24:14',2,'0','view',644752393),('tissues','2019-05-18','12:02:35',0,'0','view',394574691),('hair','2019-05-18','23:26:53',2,'0','view',439248696),('glass','2019-05-19','09:30:27',0,'0','view',658384984),('serial numbers','2019-05-19','12:37:31',0,'0','view',650233856),('feathers','2019-05-20','16:09:54',0,'0','view',394574691),('bones','2019-05-20','19:06:48',4,'He read the report.','view',760094267),('fingerprints','2019-05-21','13:50:37',3,'0','add',644752393),('bones','2019-05-22','07:50:19',4,'Pikachu used foot massage.','view',802729417),('drugs and toxic substances','2019-05-22','11:18:14',2,'This dinner is so delicious that I can\'t stop eating.','add',394574691),('serial numbers','2019-05-22','13:12:27',4,'0','remove',714152849),('alcohols (ethanol)','2019-05-22','18:24:32',1,'0','view',432799565),('tissues','2019-05-22','21:12:19',0,'0','add',644752393),('gunshot residues','2019-05-23','09:02:23',0,'0','view',392691851),('explosive residues','2019-05-23','15:12:19',4,'0','remove',326923207),('documents','2019-05-23','17:45:31',0,'0','view',370987328),('gunshot residues','2019-05-24','00:07:32',0,'0','remove',644752393),('fingerprints','2019-05-24','00:41:50',4,'0','remove',392691851),('glass','2019-05-24','00:50:06',4,'0','view',689237716),('serial numbers','2019-05-24','19:43:13',0,'0','add',390817670),('pollen','2019-05-26','11:00:21',4,'0','add',507354350),('alcohols (ethanol)','2019-05-26','15:15:01',3,'Why do they call New York the Big Apple?','view',427295009),('hair','2019-05-26','16:22:54',4,'0','add',560494271),('wood material','2019-05-26','22:46:57',1,'0','add',394574691),('tissues','2019-05-27','17:13:49',4,'I think I could convince Tom to put you on the list.','view',808888198),('fingerprints','2019-05-28','00:43:07',2,'He neither smokes nor drinks.','add',392691851),('wood material','2019-05-28','13:42:04',4,'Nothing hurts like the truth.','remove',370987328),('impressions (shoe prints, bite mark, etc...)','2019-05-28','20:50:26',4,'Our new car is not very nice.','add',710961206),('hair','2019-05-29','00:41:58',3,'Nothing hurts like the truth.','add',840454258),('wood material','2019-05-29','02:34:26',1,'0','remove',394574691),('petroleum products','2019-05-29','17:00:03',4,'She wanted to paint her walls blue, which she thought was a calming color, but her landlord had a no-paint policy.','view',547859103),('tool marks','2019-05-30','06:56:12',2,'0','add',800486935),('bones','2019-05-30','07:20:11',0,'0','view',644752393),('glass','2019-05-30','15:06:10',1,'0','add',589432490),('bones','2019-05-30','16:15:48',2,'0','add',551934630),('documents','2019-05-30','20:21:21',2,'0','view',365782684),('paints','2019-05-30','21:43:47',0,'0','remove',394574691),('soil','2019-05-30','23:01:55',4,'0','view',392691851),('drugs and toxic substances','2019-05-31','22:57:48',3,'0','add',370987328),('rubber material','2019-06-01','11:26:10',2,'0','add',865963754),('glass','2019-06-01','15:21:52',0,'0','add',827796879),('tool marks','2019-06-02','05:05:34',4,'0','remove',699606353),('fibers','2019-06-02','08:12:53',1,'0','add',860339112),('impressions (shoe prints, bite mark, etc...)','2019-06-02','14:00:21',3,'0','remove',392691851),('tissues','2019-06-02','20:56:40',1,'0','add',644752393),('tissues','2019-06-03','02:29:48',2,'0','add',627999109),('alcohols (ethanol)','2019-06-03','23:28:19',3,'Our new car is not very nice.','view',760094267),('explosive residues','2019-06-04','00:26:02',1,'0','add',689237716),('blood','2019-06-04','09:22:12',3,'0','add',392691851),('tool marks','2019-06-04','18:00:48',1,'Never do that again!','remove',665769171),('glass','2019-06-05','04:50:19',1,'You should consider the positive aspects of this breakup.','remove',501362938),('tissues','2019-06-05','11:04:37',1,'My parents are from China.','add',650233856),('fingerprints','2019-06-05','11:31:54',2,'0','add',660248589),('serial numbers','2019-06-05','12:36:59',4,'0','view',392691851),('drugs and toxic substances','2019-06-05','16:49:03',1,'0','add',431470778),('documents','2019-06-05','18:32:03',1,'0','add',394574691),('body fluids','2019-06-05','21:52:16',3,'0','view',545596965),('body fluids','2019-06-06','01:20:03',2,'0','add',394574691),('wood material','2019-06-06','02:36:18',0,'0','add',394574691),('serial numbers','2019-06-06','02:51:57',4,'We already know the truth.','add',644752393),('glass','2019-06-06','05:42:55',0,'0','view',341624401),('rubber material','2019-06-06','14:22:53',2,'0','add',883635201),('hair','2019-06-06','18:32:29',2,'0','view',392691851),('pollen','2019-06-07','09:11:16',0,'0','remove',753035541),('petroleum products','2019-06-08','08:50:12',1,'0','add',394574691),('paints','2019-06-08','09:36:24',3,'0','add',589817246),('soil','2019-06-08','17:22:36',1,'We had a snow storm last weekend.','view',821907812),('tool marks','2019-06-08','17:57:02',0,'0','add',860339112),('fibers','2019-06-08','22:49:34',3,'0','add',341624401),('impressions (shoe prints, bite mark, etc...)','2019-06-08','23:23:41',2,'I love frozen yogurt.','view',644752393),('alcohols (ethanol)','2019-06-09','00:39:29',0,'0','remove',456345645),('documents','2019-06-09','19:39:47',0,'0','view',392691851),('serial numbers','2019-06-10','03:46:29',3,'0','view',514873028),('rubber material','2019-06-10','05:57:40',4,'Are your grandparents doing well?','remove',341624401),('soil','2019-06-10','17:04:39',2,'Are your grandparents doing well?','add',392691851),('alcohols (ethanol)','2019-06-10','19:37:36',4,'0','remove',601626159),('impressions (shoe prints, bite mark, etc...)','2019-06-10','23:45:52',1,'0','view',551934630),('tissues','2019-06-11','14:51:41',2,'0','remove',392691851),('fibers','2019-06-11','18:53:06',3,'We had a snow storm last weekend.','add',477113165),('impressions (shoe prints, bite mark, etc...)','2019-06-13','14:59:01',0,'0','add',644752393),('body fluids','2019-06-14','12:24:06',4,'0','removeadd',554723445),('glass','2019-06-17','05:29:28',3,'He neither smokes nor drinks.','view',392691851),('impressions (shoe prints, bite mark, etc...)','2019-06-17','15:13:17',3,'My parents are from China.','add',327846608),('paints','2019-06-18','04:19:03',1,'0','view',367669545),('body fluids','2019-06-18','16:34:29',0,'0','remove',394574691),('rubber material','2019-06-18','23:13:05',0,'0','view',689237716),('documents','2019-06-18','23:19:06',4,'0','view',644752393),('gunshot residues','2019-06-18','23:27:50',1,'Tragedy brings hope.','add',644752393),('hair','2019-06-19','02:50:42',2,'0','view',873535569),('glass','2019-06-19','11:50:57',0,'0','add',392691851),('explosive residues','2019-06-19','16:43:47',1,'0','add',740235314),('glass','2019-06-19','23:45:27',1,'0','view',356821895),('serial numbers','2019-06-20','01:04:39',0,'I miss the beach.','remove',644752393),('wood material','2019-06-20','11:55:28',1,'0','remove',660248589),('explosive residues','2019-06-21','05:56:17',3,'0','add',493598423),('wood material','2019-06-21','11:16:18',0,'0','removeadd',644752393),('soil','2019-06-21','15:02:35',1,'0','add',551934630),('tool marks','2019-06-21','21:48:56',3,'He’s a natural.','remove',791799673),('body fluids','2019-06-22','06:56:59',1,'0','view',491639191),('hair','2019-06-22','07:17:44',3,'0','view',830318938),('blood','2019-06-23','18:09:53',2,'0','view',678371500),('drugs and toxic substances','2019-06-24','12:42:48',4,'Our new car is not very nice.','remove',393684226),('body fluids','2019-06-24','19:48:25',3,'0','remove',517585068),('tissues','2019-06-25','04:36:02',1,'0','add',366610476),('paints','2019-06-25','12:21:55',4,'0','view',644752393),('glass','2019-06-25','22:42:42',2,'I love rain.','view',326923207),('fibers','2019-06-26','01:31:57',4,'Once you master cooking, you’ll start tweaking popular recipes, and that’s when it becomes even more fun.','add',644752393),('documents','2019-06-26','08:02:05',1,'You should consider the positive aspects of this breakup.','add',689681130),('drugs and toxic substances','2019-06-26','14:38:50',1,'0','add',585391713),('documents','2019-06-26','23:06:53',1,'0','view',394574691),('feathers','2019-06-27','13:12:53',0,'0','remove',800486935),('resins, plastics','2019-06-27','21:28:42',2,'He neither smokes nor drinks.','view',392691851),('feathers','2019-06-27','23:31:27',3,'0','view',860339112),('alcohols (ethanol)','2019-06-28','22:28:51',0,'0','remove',859426620),('resins, plastics','2019-06-29','01:17:14',2,'Deodorant helps to prevent embarrassing moments.','add',341624401),('drugs and toxic substances','2019-06-29','22:05:31',3,'0','add',394574691),('impressions (shoe prints, bite mark, etc...)','2019-06-29','23:24:34',3,'0','add',644752393);
/*!40000 ALTER TABLE `evidence_log` ENABLE KEYS */;
UNLOCK TABLES;

--
-- Table structure for table `evidence_storage`
--

DROP TABLE IF EXISTS `evidence_storage`;
/*!40101 SET @saved_cs_client     = @@character_set_client */;
/*!50503 SET character_set_client = utf8mb4 */;
CREATE TABLE `evidence_storage` (
  `storageNo` int NOT NULL,
  `lockerNo` int NOT NULL,
  `totalNoOfLockers` int DEFAULT NULL,
  PRIMARY KEY (`storageNo`),
  KEY `idx_evidence_storage_storageNo` (`storageNo`),
  CONSTRAINT `storageNom` FOREIGN KEY (`storageNo`) REFERENCES `storage` (`storageNo`)
) ENGINE=InnoDB DEFAULT CHARSET=utf8mb4 COLLATE=utf8mb4_0900_ai_ci;
/*!40101 SET character_set_client = @saved_cs_client */;

--
-- Dumping data for table `evidence_storage`
--

LOCK TABLES `evidence_storage` WRITE;
/*!40000 ALTER TABLE `evidence_storage` DISABLE KEYS */;
INSERT INTO `evidence_storage` VALUES (1,54,71),(4,89,87),(7,48,36),(10,51,67),(13,45,99),(16,79,37),(19,87,51),(22,56,69),(25,88,70),(28,53,57),(31,50,82),(34,58,30),(37,66,62),(40,77,81),(43,58,36),(46,85,100),(49,51,79),(52,78,48),(55,82,66),(58,56,35),(61,63,39),(64,85,90),(67,46,32),(70,87,83),(73,69,30);
/*!40000 ALTER TABLE `evidence_storage` ENABLE KEYS */;
UNLOCK TABLES;

--
-- Table structure for table `officer`
--

DROP TABLE IF EXISTS `officer`;
/*!40101 SET @saved_cs_client     = @@character_set_client */;
/*!50503 SET character_set_client = utf8mb4 */;
CREATE TABLE `officer` (
  `rank` varchar(50) NOT NULL,
  `salary` int unsigned NOT NULL,
  `noOfYrsEmployed` int NOT NULL,
  `stationNo` int NOT NULL,
  `officerSocialInsuranceNumber` int NOT NULL,
  PRIMARY KEY (`officerSocialInsuranceNumber`),
  KEY `stationNo_idx` (`stationNo`),
  KEY `officerSocialInsuranceNumber_idx` (`officerSocialInsuranceNumber`),
  CONSTRAINT `officerSocialInsuranceNumber` FOREIGN KEY (`officerSocialInsuranceNumber`) REFERENCES `people` (`socialInsuranceNumber`),
  CONSTRAINT `stationNo` FOREIGN KEY (`stationNo`) REFERENCES `station` (`stationNo`)
) ENGINE=InnoDB DEFAULT CHARSET=utf8mb4 COLLATE=utf8mb4_0900_ai_ci;
/*!40101 SET character_set_client = @saved_cs_client */;

--
-- Dumping data for table `officer`
--

LOCK TABLES `officer` WRITE;
/*!40000 ALTER TABLE `officer` DISABLE KEYS */;
INSERT INTO `officer` VALUES ('Deputy Chief of Police',86878,46,15,325195305),('Superintendent',72794,13,14,326923207),('Deputy Chief of Police',122990,60,19,327846608),('Superintendent',88275,22,22,328051905),('Staff Superintendent',130436,43,23,328095255),('Superintendent',111954,50,10,328214753),('Constable',149951,65,24,337266752),('Staff Sergeant and Detective Sergeant',85742,6,4,341624401),('Inspector',102759,60,25,341692040),('Constable',127033,27,21,343933084),('Deputy Chief of Police',115326,10,20,350761179),('Inspector',84549,54,3,352834829),('Staff Superintendent',79902,52,6,355238043),('Staff Superintendent',124739,10,13,356190816),('Staff Inspector',113495,0,14,356821895),('Deputy Chief of Police',79682,41,20,357282590),('Constable',63296,53,2,364565643),('Constable',81060,31,15,365782684),('Staff Sergeant and Detective Sergeant',63998,24,25,366610476),('Staff Superintendent',71760,2,3,367669545),('Chief of Police',129103,2,9,368404704),('Deputy Chief of Police',129252,55,22,370746977),('Inspector',75270,49,10,370987328),('Sergeant and Detective',66393,10,13,371235307),('Sergeant and Detective',105731,22,4,377460327),('Staff Sergeant and Detective Sergeant',84180,46,7,379264145),('Deputy Chief of Police',139890,50,2,379371696),('Deputy Chief of Police',71711,14,1,379387614),('Deputy Chief of Police',127328,58,19,385687200),('Superintendent',112288,31,4,385687867),('Staff Superintendent',108929,37,14,385796716),('Inspector',113393,36,6,386464555),('Staff Superintendent',80257,51,22,390266168),('Staff Inspector',146080,15,12,390817670),('Inspector',146977,28,4,392691851),('Staff Superintendent',138400,22,24,392851769),('Staff Inspector',94706,4,13,393265782),('Inspector',128230,12,1,393684226),('Constable',71513,9,7,394574691),('Deputy Chief of Police',134531,35,23,396764087),('Staff Inspector',73190,41,12,397642733),('Inspector',109077,24,24,399181188),('Superintendent',108228,35,24,399218880),('Sergeant and Detective',91976,54,14,401271769),('Staff Superintendent',90751,23,4,401638655),('Chief of Police',149113,62,8,402980232),('Staff Superintendent',139946,60,21,405728006),('Sergeant and Detective',83206,57,7,408698183),('Staff Superintendent',128390,25,24,414505438),('Deputy Chief of Police',101399,64,25,415736575),('Staff Sergeant and Detective Sergeant',64859,39,1,416876463),('Staff Sergeant and Detective Sergeant',99846,6,13,419785274),('Inspector',81522,58,16,421954665),('Staff Inspector',131332,51,5,422559112),('Sergeant and Detective',132068,26,15,427295009),('Staff Inspector',99600,57,10,430561757),('Chief of Police',126781,60,14,431470778),('Constable',79820,24,8,432799565),('Staff Superintendent',64731,16,9,435208694),('Chief of Police',145430,59,2,436007662),('Chief of Police',99256,61,18,436034617),('Staff Inspector',60777,7,17,437232463),('Inspector',80558,20,15,437969511),('Inspector',141379,39,15,439248696),('Staff Inspector',131338,47,21,439639676),('Chief of Police',74559,49,11,440900211),('Chief of Police',134573,36,9,443994653),('Inspector',135098,6,23,447113136),('Staff Inspector',102569,34,1,450697805),('Staff Superintendent',106150,67,3,451278062),('Constable',130529,66,10,455050645),('Staff Superintendent',107249,42,22,456345645),('Superintendent',101558,52,8,456848298),('Superintendent',143528,19,18,462210063),('Deputy Chief of Police',148196,39,16,462597760),('Staff Sergeant and Detective Sergeant',90559,6,6,463511955),('Chief of Police',61984,47,17,465425655),('Sergeant and Detective',94053,42,19,466886054),('Staff Inspector',130603,18,10,470061419),('Chief of Police',69162,21,21,471579755),('Inspector',66806,61,20,477113165),('Chief of Police',98167,8,11,479624029),('Chief of Police',122115,35,4,483128742),('Sergeant and Detective',102076,15,19,484198099),('Superintendent',80352,41,9,486124408),('Staff Sergeant and Detective Sergeant',134992,60,2,488542009),('Superintendent',118188,40,18,491639191),('Constable',70108,23,13,491964457),('Deputy Chief of Police',88955,44,5,493598423),('Staff Sergeant and Detective Sergeant',71276,15,1,494236484),('Staff Superintendent',84358,54,7,498861904),('Sergeant and Detective',125059,33,11,499876022),('Staff Sergeant and Detective Sergeant',121128,40,10,501270801),('Staff Sergeant and Detective Sergeant',82437,15,21,501362938),('Sergeant and Detective',122088,22,22,502936317),('Deputy Chief of Police',133075,28,17,507354350),('Inspector',87221,54,10,507974798),('Constable',131007,41,8,508735127),('Sergeant and Detective',147717,35,3,513874169),('Staff Inspector',136949,26,22,513938920),('Inspector',61844,30,19,513977587),('Deputy Chief of Police',70661,56,1,514873028),('Chief of Police',100513,47,11,516961334),('Inspector',81938,29,16,517410254),('Staff Sergeant and Detective Sergeant',146784,57,2,517585068),('Deputy Chief of Police',134896,16,8,517592976),('Superintendent',110020,44,25,518176986),('Sergeant and Detective',108223,19,25,519478084),('Constable',130618,58,9,524257415),('Deputy Chief of Police',102314,57,11,528449720),('Staff Inspector',84816,65,1,528804133),('Sergeant and Detective',111273,30,5,530157809),('Sergeant and Detective',123796,38,11,530184671),('Chief of Police',69983,55,20,530726522),('Superintendent',81762,66,23,531893260),('Inspector',122122,44,12,531966335),('Chief of Police',83491,55,7,534748322),('Staff Sergeant and Detective Sergeant',124054,23,22,538347515),('Staff Superintendent',66194,14,21,545596965),('Inspector',107007,4,17,546449494),('Constable',84200,37,13,546853549),('Superintendent',66763,37,5,547740336),('Staff Inspector',118715,53,19,547859103),('Inspector',68385,14,25,550543903),('Chief of Police',142362,30,23,551934630),('Staff Superintendent',136961,53,18,553626824),('Staff Inspector',111548,14,2,554485563),('Staff Sergeant and Detective Sergeant',71200,55,23,554583510),('Deputy Chief of Police',129207,31,1,554723445),('Deputy Chief of Police',68732,16,16,558074071),('Superintendent',61568,44,21,560400879),('Constable',130069,10,9,560494271),('Staff Sergeant and Detective Sergeant',119822,52,15,563095620),('Staff Superintendent',143055,14,16,567946034),('Superintendent',114016,9,23,569531822),('Staff Sergeant and Detective Sergeant',92986,60,10,570444075),('Inspector',114608,19,25,571656440),('Superintendent',109807,5,25,572756650),('Superintendent',68644,51,18,573764483),('Deputy Chief of Police',82353,48,12,574603888),('Staff Sergeant and Detective Sergeant',63667,49,12,575806629),('Constable',61866,40,14,579447638),('Constable',73418,48,17,585105511),('Constable',81257,56,17,585391713),('Chief of Police',144587,51,2,585434675),('Staff Sergeant and Detective Sergeant',141040,12,11,586309450),('Staff Inspector',133411,63,24,589432490),('Deputy Chief of Police',134497,40,8,589549268),('Staff Sergeant and Detective Sergeant',68308,66,14,589817246),('Staff Inspector',105513,32,20,596000845),('Chief of Police',78153,37,14,598049421),('Superintendent',101630,56,11,601562304),('Sergeant and Detective',70263,4,8,601626159),('Sergeant and Detective',93536,38,6,618234805),('Constable',69078,61,16,622768431),('Staff Inspector',92196,10,19,625475868),('Sergeant and Detective',120468,4,9,627999109),('Superintendent',84025,27,3,628006683),('Sergeant and Detective',128993,1,24,632604130),('Staff Sergeant and Detective Sergeant',69329,24,18,638319060),('Staff Inspector',72135,48,7,644752393),('Inspector',139642,47,12,645811205),('Chief of Police',91494,49,2,650233856),('Staff Inspector',131418,11,5,651950090),('Staff Sergeant and Detective Sergeant',79690,12,19,653871937),('Superintendent',60586,34,6,656705370),('Sergeant and Detective',62663,17,19,658384984),('Staff Inspector',145862,12,15,658932849),('Deputy Chief of Police',106466,8,17,659316398),('Superintendent',74968,20,3,660248589),('Chief of Police',83451,59,20,661210162),('Deputy Chief of Police',76650,21,12,662654218),('Staff Inspector',86369,46,3,664755712),('Superintendent',127081,28,18,665433491),('Chief of Police',62647,16,8,665769171),('Staff Sergeant and Detective Sergeant',65336,31,5,676570350),('Deputy Chief of Police',122973,51,5,678371500),('Inspector',64068,31,8,678538374),('Constable',138552,32,16,680969919),('Inspector',134040,14,11,686027473),('Superintendent',94678,62,13,688839658),('Deputy Chief of Police',146897,62,19,689237716),('Sergeant and Detective',117543,67,4,689681130),('Superintendent',80320,19,9,689948182),('Staff Inspector',97199,13,16,699606353),('Sergeant and Detective',132745,22,7,699664469),('Staff Inspector',142708,30,15,703714694),('Constable',98484,27,18,706654055),('Inspector',92152,3,24,710961206),('Chief of Police',79532,50,21,714152849),('Staff Superintendent',123295,29,25,721456494),('Constable',69609,56,22,727708210),('Staff Superintendent',93461,38,25,729807996),('Superintendent',77796,53,24,735012903),('Superintendent',118545,61,11,740235314),('Constable',119781,4,4,741294953),('Staff Inspector',83193,17,7,742067236),('Chief of Police',78144,27,7,743176910),('Sergeant and Detective',84307,6,23,753035541),('Inspector',86914,8,6,755726646),('Sergeant and Detective',116875,33,5,758079313),('Sergeant and Detective',136805,50,5,758710486),('Chief of Police',144568,48,23,760094267),('Deputy Chief of Police',123092,47,20,760117004),('Inspector',137570,61,4,763175877),('Chief of Police',70158,33,2,766173446),('Staff Superintendent',110999,42,17,772359989),('Staff Superintendent',110106,4,6,775562551),('Staff Sergeant and Detective Sergeant',143482,38,13,779000150),('Constable',64619,3,1,780036786),('Staff Inspector',88627,31,3,783882569),('Staff Inspector',70928,35,23,783973422),('Inspector',68818,26,21,791799673),('Chief of Police',119775,33,10,793807160),('Inspector',130527,59,14,800221423),('Constable',60549,48,3,800486935),('Constable',131961,39,9,802729417),('Sergeant and Detective',112427,58,3,808888198),('Staff Sergeant and Detective Sergeant',92218,26,16,810862099),('Staff Sergeant and Detective Sergeant',77820,34,18,812310360),('Deputy Chief of Police',91407,31,14,821907812),('Superintendent',81694,46,5,825642404),('Staff Inspector',87303,17,4,825873644),('Staff Superintendent',120422,29,1,827070246),('Chief of Police',103025,29,21,827796879),('Chief of Police',89436,33,15,830318938),('Staff Superintendent',148264,5,18,840454258),('Superintendent',60577,32,6,842456178),('Inspector',71728,21,20,843207618),('Chief of Police',73980,32,8,843875438),('Staff Inspector',87513,20,17,844682296),('Staff Superintendent',139766,21,17,852040439),('Sergeant and Detective',134270,10,2,858875790),('Chief of Police',113821,43,15,859099953),('Superintendent',106284,20,20,859426620),('Staff Sergeant and Detective Sergeant',121651,41,12,860339112),('Staff Superintendent',77009,26,20,863576453),('Chief of Police',62594,66,13,864601969),('Superintendent',131288,61,16,865963754),('Staff Inspector',66477,44,22,866217237),('Staff Superintendent',133533,45,10,872044176),('Inspector',109608,5,7,873535569),('Constable',64959,33,13,873972953),('Staff Inspector',119948,39,6,878931344),('Staff Inspector',130080,56,24,882695702),('Staff Inspector',134044,24,12,883635201),('Constable',122835,26,22,884969567),('Staff Superintendent',106455,60,9,886348303),('Staff Inspector',145007,18,6,889126637),('Constable',89742,4,12,897125855);
/*!40000 ALTER TABLE `officer` ENABLE KEYS */;
UNLOCK TABLES;

--
-- Table structure for table `people`
--

DROP TABLE IF EXISTS `people`;
/*!40101 SET @saved_cs_client     = @@character_set_client */;
/*!50503 SET character_set_client = utf8mb4 */;
CREATE TABLE `people` (
  `socialInsuranceNumber` int NOT NULL,
  `fName` varchar(50) NOT NULL,
  `lName` varchar(50) NOT NULL,
  `homePhoneNumber` varchar(15) NOT NULL,
  `dateOfBirth` varchar(20) NOT NULL,
  `address` varchar(250) NOT NULL,
  `ethnicity` varchar(50) NOT NULL,
  `sex` varchar(50) NOT NULL,
  `city` varchar(50) NOT NULL,
  PRIMARY KEY (`socialInsuranceNumber`),
  UNIQUE KEY `socialInsuranceNumber_UNIQUE` (`socialInsuranceNumber`),
  KEY `city_idx` (`city`),
  KEY `idx_people_socialInsuranceNumber` (`socialInsuranceNumber`),
  CONSTRAINT `city` FOREIGN KEY (`city`) REFERENCES `area` (`city`)
) ENGINE=InnoDB DEFAULT CHARSET=utf8mb4 COLLATE=utf8mb4_0900_ai_ci;
/*!40101 SET character_set_client = @saved_cs_client */;

--
-- Dumping data for table `people`
--

LOCK TABLES `people` WRITE;
/*!40000 ALTER TABLE `people` DISABLE KEYS */;
INSERT INTO `people` VALUES (325195305,'Tracey','Erdely','6479997538','1931-03-02','Male','15 Rusk Trail','Asian','NORTH YORK'),(325232634,'Gibbie','Berr','5194319196','1994-07-12','Genderfluid','7 Blaine Way','Indigenous peoples','AURORA'),(325544980,'Riley','Kettlestringes','9053534239','1966-12-27','Genderfluid','6 Di Loreto Hill','Native Hawaiians','RICHMOND HILL'),(325980901,'Kala','Sutehall','6479994469','1950-11-19','Genderqueer','91771 Vernon Street','Assyrian','PICKERING'),(326923207,'Shirline','Gwyer','6479996657','1965-05-23','Genderqueer','434 Manley Park','Pacific Islander','LONDON'),(327519267,'Simon','Awton','5192567378','2011-09-27','Non-binary','89 Karstens Street','African Americans','MILTON'),(327846608,'Pincus','Ghidoni','6479993453','1964-07-28','Genderqueer','7 Debs Hill','South Asian','SCARBOROUGH'),(328051905,'Melania','MacVagh','5198111085','2000-04-04','Agender','84 Canary Street','European','RICHMOND HILL'),(328095255,'Nicky','Christofe','5193069232','1945-11-01','Genderfluid','167 Evergreen Center','White','NORTH YORK'),(328214753,'Barbette','Zorzi','5198594753','1965-10-30','Bigender','98132 Briar Crest Crossing','Black','ORANGEVILLE'),(329535483,'Lindsy','Elintune','5199947524','1995-08-21','Non-binary','7180 Miller Drive','Inuit','VAUGHN'),(329538782,'Benito','Binnion','6479991427','1937-06-11','Male','236 Grayhawk Street','Hispanic and Latino Americans','BARRIE'),(330747244,'Simon','Klimentyev','6479991080','1940-01-27','Male','4572 Shelley Terrace','African Americans','VAUGHN'),(332474353,'Karlen','Scurfield','9056599628','2000-07-17','Genderqueer','9 Novick Center','Arabs','KLEINBURG'),(332910613,'Ernest','Petrasch','6479988217','1967-03-23','Polygender','12458 Express Way','Black','NORTH YORK'),(333133422,'Bar','Avent','5192586375','1985-09-14','Genderfluid','4441 Grover Court','European','NORTH YORK'),(333163112,'Mark','Hearns','6479999086','1992-06-15','Bigender','6 Spohn Street','Arabs','PICKERING'),(333842037,'Adela','Zealander','9057698526','1980-09-26','Polygender','4628 Petterle Way','Inuit','VAUGHN'),(334001284,'Turner','Sturges','6479990845','1976-08-24','Bigender','10391 Bashford Pass','Pacific Islander','BRAMPTON'),(334059286,'Alene','Dunwoody','6479988307','1995-08-17','Bigender','6 Dorton Terrace','Black','TORONTO'),(334279932,'Benn','Skocroft','6479997666','1950-02-02','Male','06 Stoughton Pass','Native Americans','ORANGEVILLE'),(334494989,'Hans','Wheelan','9055538777','1934-03-23','Genderqueer','413 Blackbird Plaza','Metis','SCARBOROUGH'),(335655036,'Baillie','Igglesden','6479989952','1995-07-21','Polygender','49 Del Sol Circle','First Nations','PICKERING'),(335906980,'Jamesy','Jewett','5194217801','1967-05-09','Bigender','07488 School Way','Native Hawaiians','AJAX'),(336233072,'Pauly','Elen','5194650687','1934-08-05','Non-binary','47 Graedel Lane','First Nations','RICHMOND HILL'),(337266752,'Barron','Stampe','5196983174','1961-02-02','Genderqueer','850 Roxbury Avenue','White','AURORA'),(337532899,'Philippine','Hastler','9055618344','1934-04-05','Female','260 Longview Terrace','Indigenous peoples','ORANGEVILLE'),(337843056,'Helen','Skydall','6479987932','1945-05-04','Female','33695 Upham Junction','Hispanic and Latino Americans','OSHAWA'),(337970075,'Karyl','Gravenell','9054963574','1943-01-23','Female','74124 Armistice Court','Assyrian','BARRIE'),(338033798,'Zacharias','Juanico','9057659835','1963-10-06','Genderqueer','7 Walton Street','First Nations','AURORA'),(338890061,'Madge','Greetland','5193551992','2009-03-01','Bigender','7011 Heath Place','Cubans','WINDSOR'),(339229175,'Brittan','Jee','5197322277','1984-10-13','Non-binary','3 Center Street','First Nations','MISSISSAUGA'),(339321499,'Fraze','Sweetenham','5199323916','2010-03-04','Polygender','74580 Carpenter Junction','First Nations','BARRIE'),(339575345,'Ben','Calkin','9055845580','1983-03-08','Non-binary','9163 Nancy Lane','Assyrian','TORONTO'),(340035589,'Marchall','Ainger','6479999894','1997-06-02','Male','11106 Eagle Crest Way','South Asian','MILTON'),(340334706,'Elle','Budding','6479989592','1998-01-25','Bigender','154 Roth Pass','Native Hawaiians','MISSISSAUGA'),(340341317,'Dagny','Sikora','9059480678','2012-04-20','Male','56 4th Road','Arabs','BARRIE'),(340739824,'Sonnie','Postins','6479999819','1964-02-06','Polygender','08 Westridge Plaza','Arabs','SARNIA'),(341624401,'Ketti','deKnevet','9052654181','1932-08-29','Genderqueer','75253 Arkansas Lane','Mexicans','VAUGHN'),(341692040,'Lyn','Frankes','5193151393','1997-10-21','Female','6 Kings Circle','Black','MARKHAM'),(343307599,'Gayel','Balharry','5197900793','1933-04-23','Agender','71 Fremont Drive','Metis','SCARBOROUGH'),(343933084,'Gwyneth','Websdale','9056167344','1984-12-09','Bigender','9 Westerfield Court','Native Hawaiians','MARKHAM'),(345342995,'Delainey','Mylechreest','6479998021','2000-12-26','Male','19 Melody Hill','Black','PICKERING'),(345503808,'Gratia','McKibbin','6479995321','1931-11-23','Female','94 Scoville Point','Indigenous peoples','AJAX'),(346151223,'Babbie','Spurritt','6479997951','1961-04-26','Genderqueer','911 4th Trail','Assyrian','WHITBY'),(346440665,'Damita','Roeby','9056609657','1932-10-31','Agender','2936 South Avenue','Asian','BARRIE'),(347266897,'Marcellina','Duberry','9053273416','1966-03-09','Non-binary','3704 Golf Course Trail','White','NEWMARKET'),(347535283,'Felita','Sorey','6479989422','1932-07-24','Genderfluid','6 Drewry Avenue','Black','MILTON'),(347599814,'Rosana','Spilsbury','6479992072','2001-06-03','Female','333 Continental Junction','Pacific Islander','OSHAWA'),(348399748,'Agatha','Pay','6479998227','1930-03-27','Bigender','358 Union Parkway','First Nations','RICHMOND HILL'),(349060710,'Ashlen','Bloor','6479988274','1951-12-13','Agender','5801 Sherman Circle','Pashtun','PARKDALE'),(350462737,'Lesly','Slader','9053598704','1997-06-24','Genderqueer','98 Fordem Parkway','Indigenous peoples','NORTH YORK'),(350484465,'Robinetta','Liversage','6479995499','1931-07-21','Non-binary','13799 Anhalt Lane','Arabs','OSHAWA'),(350761179,'Lilias','Bernakiewicz','5194466494','1959-11-09','Polygender','8 Summerview Drive','Native Americans','BRAMPTON'),(350795749,'Louisa','Childs','9056298655','1940-01-12','Bigender','67862 Steensland Plaza','Native Americans','KLEINBURG'),(351294584,'Casandra','Tate','9058774871','1971-05-02','Bigender','3854 Springs Place','Black','SCARBOROUGH'),(352834829,'Deloris','Salters','6479992017','1981-05-06','Polygender','12855 Nelson Terrace','Inuit','NEWMARKET'),(353640605,'Giana','Cardew','5197329803','1933-04-27','Genderqueer','7118 Maple Alley','Alaska Natives','NORTH YORK'),(354239660,'Nollie','Bettles','6479999103','1946-01-27','Agender','625 Beilfuss Street','European','KLEINBURG'),(354328085,'Ram','Callway','6479993034','1966-10-22','Male','0 Bunting Plaza','South Asian','SCARBOROUGH'),(355238043,'Brianne','Muldowney','6479997788','1959-09-19','Agender','53 Oriole Street','Mexicans','SARNIA'),(355496006,'Ward','Andrich','5195956370','1960-06-28','Agender','37 Di Loreto Pass','Cubans','KLEINBURG'),(355600233,'Louisa','Lowndsbrough','9053984466','2012-09-19','Male','70974 Mccormick Junction','Arabs','MARKHAM'),(356190816,'Thorpe','Figgess','5194448710','1933-09-23','Agender','9 Butternut Street','Black','MARKHAM'),(356222252,'Phelia','Holah','9053135843','1930-10-23','Genderqueer','73855 Truax Parkway','Native Hawaiians','TORONTO'),(356821895,'Fair','Ferfulle','9057164016','1982-02-17','Agender','3053 Eliot Crossing','Hispanic and Latino Americans','KLEINBURG'),(357282590,'Guthry','Rintoul','6479989185','1964-12-24','Male','62 Harper Place','Indigenous peoples','MARKHAM'),(357412041,'Winfield','Pinshon','9052885173','1979-07-06','Bigender','3 Carberry Road','Metis','OAKVILLE'),(357623594,'Charlotte','Tomkins','5196418053','2007-10-24','Male','39938 Di Loreto Hill','Indigenous peoples','LONDON'),(358573193,'Orel','Vigers','6479988357','1988-05-14','Genderfluid','39 Bunker Hill Hill','Native Hawaiians','AURORA'),(360137929,'Javier','Falconbridge','6479990081','1983-05-21','Agender','58350 Grasskamp Drive','Black','LONDON'),(360174901,'Ramona','Hoyle','9058343229','1983-09-15','Polygender','5608 Maryland Way','African Americans','PARKDALE'),(360249593,'Tadeo','Newlands','6479993432','1997-12-28','Genderfluid','39632 Mesta Center','Indigenous peoples','AURORA'),(360682929,'Augusto','Leverett','9058965291','1970-10-16','Genderqueer','32981 Arkansas Alley','Alaska Natives','VAUGHN'),(360874411,'Shandra','Trusler','9057037690','1941-05-06','Agender','8202 Bellgrove Crossing','First Nations','PARKDALE'),(361099328,'Dion','Ferrettino','6479991866','1982-08-29','Non-binary','6 Forest Run Drive','Native Hawaiians','RICHMOND HILL'),(361679373,'Adair','O\'Carmody','5199066033','1975-12-25','Non-binary','092 Leroy Avenue','Arabs','ORANGEVILLE'),(361946294,'Charil','Wrennall','6479989729','1946-08-05','Male','06 Jenna Lane','South Asian','LONDON'),(362416622,'Ashlie','Eames','6479996005','1982-09-11','Polygender','556 Cordelia Way','Cubans','CALEDON'),(362456327,'Nancey','Sparkwill','6479999412','2003-11-11','Bigender','28921 Roxbury Crossing','Asian','MILTON'),(362755923,'Roda','Dallewater','5194218526','1955-02-28','Male','8 Luster Pass','Hispanic and Latino Americans','NEWMARKET'),(362980901,'Milzie','Bissell','6479995167','1933-07-01','Bigender','7 Rieder Trail','Native Americans','TORONTO'),(363434474,'Bradly','Rakes','5197734521','1942-10-01','Non-binary','5 Macpherson Crossing','Pacific Islander','AJAX'),(364565643,'Terrijo','Nerne','9057737090','1957-03-07','Polygender','9 Algoma Way','Asian','WINDSOR'),(364952744,'Robbi','Sacaze','6479991560','1963-08-17','Female','49536 Veith Street','Mexicans','SCARBOROUGH'),(365046598,'Robinson','Woodworth','9057737846','1976-03-26','Male','0 Hudson Point','Inuit','NORTH YORK'),(365116301,'Davidde','Hardwick','5199587777','1954-04-01','Genderfluid','0306 Buena Vista Alley','European','OAKVILLE'),(365348467,'Shari','Monelli','5198478324','1959-01-26','Bigender','22723 Mitchell Terrace','South Asian','NEWMARKET'),(365598030,'Winston','Choffin','5197009778','1989-07-06','Genderqueer','302 Beilfuss Parkway','European','BARRIE'),(365782684,'Antoine','Fireman','6479991971','1934-02-12','Agender','4 Johnson Place','Native Hawaiians','MISSISSAUGA'),(366610476,'Nana','Auten','9059347119','1988-08-25','Genderqueer','575 Gulseth Street','Metis','WINDSOR'),(367101895,'Vic','Daynter','9057064257','1958-03-11','Genderqueer','4204 Saint Paul Drive','Indigenous peoples','TORONTO'),(367669545,'Spenser','McOmish','9052549454','1972-12-17','Female','001 Dryden Avenue','Cubans','WINDSOR'),(367853058,'Anissa','Kettel','6479991427','1996-02-01','Genderfluid','914 Summit Point','Assyrian','OAKVILLE'),(368404704,'Erskine','Tutill','9056057540','1943-10-06','Male','955 Pleasure Street','Inuit','PARKDALE'),(368837599,'Stacy','Kitchingman','5196734517','1942-09-14','Non-binary','89077 Rockefeller Street','South Asian','TORONTO'),(369367359,'Tresa','Cardenas','6479995739','1960-11-14','Genderqueer','505 Pennsylvania Junction','European','NEWMARKET'),(369447808,'Tara','McPartlin','9057978449','1931-08-04','Agender','556 Browning Park','Assyrian','MARKHAM'),(370254725,'Wiley','Pickersgill','9053511449','1968-08-02','Agender','808 4th Parkway','Black','PICKERING'),(370746977,'Garwood','Lawday','6479999536','1977-11-25','Agender','23035 Fremont Trail','Assyrian','BRAMPTON'),(370757355,'Sigismundo','Gerding','5195676972','1989-02-02','Bigender','4452 Eliot Drive','Mexicans','WHITBY'),(370987328,'Olga','Skirvin','9059698922','1974-10-08','Genderfluid','75452 Center Parkway','Metis','AJAX'),(371235307,'Blinnie','Paul','9055885968','1942-11-25','Bigender','945 Union Plaza','Arabs','MARKHAM'),(371415086,'Niki','Frankland','5197518493','1982-09-08','Agender','282 Hoffman Crossing','Metis','BRAMPTON'),(371983132,'Halsey','Duchatel','5196300613','2000-06-18','Non-binary','11 Mandrake Circle','Inuit','BURLINGTON'),(372223162,'Garek','Hellen','6479992605','1957-02-04','Polygender','742 Brickson Park Drive','Native Americans','BURLINGTON'),(372578192,'Harlene','Will','5193976808','1976-06-06','Female','509 Debs Trail','Assyrian','BRAMPTON'),(372901498,'Joelie','Skirvane','9058138045','1989-06-04','Male','20575 Ridgeway Terrace','Native Americans','ORANGEVILLE'),(374530171,'Adolpho','Thurnham','6479989572','2003-02-26','Non-binary','945 Sommers Court','South Asian','PARKDALE'),(374657886,'Reyna','Dellow','5194592291','2001-09-22','Genderqueer','3 Ramsey Place','Pacific Islander','AURORA'),(375037895,'Hamlin','Laidlow','5194725797','1948-01-10','Agender','32 Kennedy Crossing','Indigenous peoples','BARRIE'),(375548763,'Benny','Levet','6479988267','1948-01-19','Polygender','630 Maple Wood Trail','Hispanic and Latino Americans','SCARBOROUGH'),(376502209,'Junina','MacAndrew','6479999167','1949-08-07','Bigender','0102 Sunnyside Circle','Native Americans','KLEINBURG'),(376924936,'Pierette','Fawdry','5193260915','1932-10-20','Polygender','13563 Northport Trail','Cubans','MILTON'),(377421489,'Nilson','Glisane','6479993414','1980-04-22','Female','6069 Roth Place','Alaska Natives','OAKVILLE'),(377460327,'Aleksandr','Brandon','6479998358','1938-06-16','Agender','9624 Sommers Plaza','African Americans','AJAX'),(378421266,'Elenore','Chanson','9058791937','1995-02-21','Agender','212 West Drive','Hispanic and Latino Americans','OSHAWA'),(379264145,'Kirsten','Gymlett','6479998553','2011-01-07','Polygender','385 Melody Street','Metis','MILTON'),(379371696,'Stanley','Klaffs','6479999473','2004-11-19','Male','1323 Union Way','Pacific Islander','BRAMPTON'),(379387614,'Noak','Crookshanks','6479991725','1977-03-21','Bigender','1 Fieldstone Alley','European','SCARBOROUGH'),(379451099,'Franky','Jeremiah','6479997114','1958-06-09','Non-binary','76155 Pawling Court','First Nations','AURORA'),(379640046,'Engracia','Saenz','6479995307','1932-05-09','Male','708 Garrison Parkway','Pashtun','RICHMOND HILL'),(380185035,'Grayce','Clawson','9055136347','1944-01-10','Agender','9 Moose Junction','Black','WINDSOR'),(381167290,'Marnie','Carroll','6479995711','1973-02-12','Male','2 Rutledge Point','Cubans','AURORA'),(382194738,'Klarrisa','Gaines','6479993605','1992-10-10','Polygender','83 Surrey Court','European','NEWMARKET'),(382726021,'Emeline','Tabert','9059059765','1997-04-10','Polygender','1140 Bayside Street','Metis','AJAX'),(383017136,'Emmalynn','Bleby','6479998790','1957-04-06','Non-binary','227 Eastlawn Junction','Cubans','ORANGEVILLE'),(383457436,'Cassandre','Hendriks','5199265368','1982-12-24','Male','67318 Northfield Pass','Inuit','KLEINBURG'),(383901031,'Rey','Nodin','5199654021','1991-06-28','Non-binary','4 Onsgard Avenue','European','CALEDON'),(383970517,'Del','Griswaite','9053848575','2009-08-18','Female','624 Schlimgen Court','African Americans','PARKDALE'),(384508199,'Dean','Simao','9058418853','2001-11-15','Female','688 Sunbrook Court','South Asian','KLEINBURG'),(384716446,'Susanne','Dinnage','9052910530','2008-02-12','Bigender','66295 Bellgrove Junction','Pashtun','RICHMOND HILL'),(385278835,'Gigi','Hrihorovich','6479997351','2011-05-26','Bigender','0 Havey Crossing','Arabs','ORANGEVILLE'),(385687200,'Camilla','Ivanchin','9054454974','1935-08-30','Bigender','22 Melody Terrace','Assyrian','OAKVILLE'),(385687867,'Syd','Annable','9053233893','1977-11-07','Bigender','456 Roth Way','European','AURORA'),(385796716,'Tammara','Bartosiak','6479998462','1974-07-05','Bigender','8 Waxwing Crossing','Cubans','LONDON'),(386248968,'Nerissa','Duesberry','6479999177','1964-03-03','Genderfluid','0 Bunting Point','Cubans','BRAMPTON'),(386464555,'Emanuel','Menchenton','6479991860','1934-08-15','Non-binary','60732 Miller Point','Indigenous peoples','WINDSOR'),(386689192,'Avie','Janning','9059503204','1940-12-04','Genderqueer','3 Division Point','Inuit','BURLINGTON'),(386952001,'Pattie','McLarnon','6479989418','2008-07-14','Polygender','293 Pond Point','Metis','OSHAWA'),(387130416,'Calvin','Jemison','6479993472','1978-09-08','Bigender','55 Sullivan Pass','Cubans','MILTON'),(388014641,'Gloriane','Goom','5193333519','1970-09-30','Genderqueer','077 Evergreen Junction','Native Americans','PARKDALE'),(390266168,'Correna','Newcomb','6479998195','1993-03-25','Polygender','34 Springs Alley','Inuit','MISSISSAUGA'),(390316657,'Dominik','Petworth','5198537654','1954-02-01','Non-binary','8 Moland Way','Alaska Natives','BARRIE'),(390629344,'Garner','Weeks','5199608557','1944-03-19','Female','6466 Golf Drive','South Asian','ORANGEVILLE'),(390817670,'Mabelle','Hanssmann','9057796192','1952-02-14','Female','06267 Monica Trail','White','MILTON'),(391430693,'Issy','Mahony','9057744106','1954-10-16','Female','77162 Clarendon Drive','Assyrian','MILTON'),(391954135,'Karna','Heifer','9057966757','1964-05-12','Female','70 Veith Pass','Cubans','PARKDALE'),(392627200,'Ike','Broomfield','9056186928','2009-11-22','Male','84 Moulton Junction','African Americans','SCARBOROUGH'),(392691851,'Gray','Galloway','9056003255','1958-06-19','Female','17 Helena Avenue','Inuit','AURORA'),(392796140,'Emmalee','Derbyshire','5195453299','1934-04-06','Non-binary','65505 Waxwing Drive','European','BURLINGTON'),(392835954,'Kayle','Cotsford','6479996643','1930-08-22','Genderfluid','5353 Green Ridge Alley','African Americans','ORANGEVILLE'),(392851769,'Debee','Dimitresco','6479988154','1943-05-03','Non-binary','9678 Goodland Place','Mexicans','NORTH YORK'),(392963197,'Tanner','Siggers','6479996686','1949-07-09','Female','38295 Mariners Cove Avenue','Mexicans','PICKERING'),(393265782,'Lissy','Tunnicliffe','6479989393','1986-04-15','Agender','2101 Arizona Plaza','Assyrian','LONDON'),(393684226,'Maura','Harrod','5196104195','1971-04-30','Male','2431 Transport Pass','Native Americans','MILTON'),(394574691,'Lyndy','Deekes','5196474784','1973-08-05','Genderqueer','8516 Steensland Road','Black','AJAX'),(395500476,'Dale','McGragh','6479994288','2006-08-16','Male','12714 Portage Lane','Pashtun','WHITBY'),(396143251,'Dorita','Delle','6479997539','1987-02-25','Polygender','702 Sachs Junction','South Asian','MILTON'),(396503944,'Davine','Hawton','6479995061','1942-03-15','Genderfluid','8712 Knutson Road','Asian','AJAX'),(396606854,'Delinda','Silbermann','9058213500','1996-12-28','Polygender','26 Lighthouse Bay Plaza','European','AURORA'),(396713744,'Elke','McMurrugh','5192773251','1966-11-23','Polygender','380 Holy Cross Circle','Alaska Natives','VAUGHN'),(396764087,'Gibby','Sieb','6479995825','1967-07-15','Female','6 Pepper Wood Junction','Assyrian','OSHAWA'),(397088027,'Washington','Gierth','5199928411','1930-06-05','Genderqueer','2583 Ridge Oak Way','White','OSHAWA'),(397618438,'Keely','Ragot','9054361232','1952-01-05','Genderqueer','9 Portage Plaza','South Asian','MISSISSAUGA'),(397642733,'Richart','Semiras','9055247896','2003-07-01','Non-binary','35 Caliangt Plaza','Alaska Natives','MISSISSAUGA'),(397780643,'Cybill','Sinson','6479996302','2002-06-02','Bigender','1 Scott Lane','White','WINDSOR'),(398266522,'Tedra','Bartram','6479990223','2008-01-19','Non-binary','9 Veith Point','Native Hawaiians','WHITBY'),(398354625,'Jess','Glandon','5194191685','1971-11-11','Genderfluid','87445 Sommers Trail','Native Hawaiians','AJAX'),(398860527,'Eadie','McNay','9054487591','1985-09-07','Agender','09341 Portage Plaza','Mexicans','PARKDALE'),(398967948,'Misha','Bamfield','5194936423','1995-05-23','Agender','609 Harper Place','First Nations','MILTON'),(399181188,'Perle','Phare','5194857346','2005-03-03','Female','79408 Vernon Junction','Mexicans','AURORA'),(399218880,'Grace','Habert','6479995070','1965-05-09','Polygender','1 Derek Point','Cubans','MISSISSAUGA'),(399905220,'Dorena','Vass','6479998207','1964-07-17','Genderfluid','7299 Valley Edge Pass','First Nations','AURORA'),(401194822,'Monroe','Dabels','5196175648','1965-01-04','Genderqueer','16 Dapin Road','Native Hawaiians','MARKHAM'),(401221830,'Massimiliano','Kabos','9058896826','1979-07-05','Bigender','261 Rusk Court','Cubans','NORTH YORK'),(401271769,'Husain','Holtom','9053238071','1950-09-26','Polygender','299 Tony Lane','Black','OAKVILLE'),(401452626,'Valery','Alleyn','6479998511','1958-07-08','Bigender','71144 Goodland Pass','Cubans','NEWMARKET'),(401638655,'Andras','Windham','9053965752','2011-04-09','Female','217 Dwight Hill','Asian','SARNIA'),(401698352,'Ray','MacFarlan','6479995339','1939-06-24','Genderfluid','14873 Lawn Avenue','Alaska Natives','LONDON'),(401943763,'Rozele','Moodey','9052945488','1967-06-06','Bigender','4089 Old Gate Road','Hispanic and Latino Americans','TORONTO'),(402581078,'Neal','Ewell','9056551794','1978-02-22','Non-binary','8 Onsgard Way','Black','KLEINBURG'),(402904528,'Ronald','Matthewes','9055050031','1972-01-23','Bigender','813 Hazelcrest Point','Pacific Islander','TORONTO'),(402980232,'Willey','Lots','5194104905','2000-06-08','Bigender','6857 Westerfield Alley','Hispanic and Latino Americans','NORTH YORK'),(403070840,'Vania','Stedall','6479996216','1954-05-16','Genderfluid','5 Merry Avenue','Alaska Natives','VAUGHN'),(403303877,'Gene','Antonognoli','5199090135','1997-06-06','Bigender','42237 Fulton Terrace','Asian','ORANGEVILLE'),(403695443,'Cristin','Veeler','9057217172','1959-03-03','Female','38899 Chive Place','Alaska Natives','WHITBY'),(404627793,'Pearla','Grocott','5196891453','2005-05-22','Polygender','1593 Sutherland Crossing','Indigenous peoples','BRAMPTON'),(405487332,'Kathryne','Bruhnicke','6479992736','1993-09-07','Genderfluid','171 Brickson Park Place','South Asian','OAKVILLE'),(405546560,'Huberto','Demare','6479987885','2009-06-26','Genderqueer','001 Eliot Crossing','Native Hawaiians','AJAX'),(405728006,'Thayne','Dahlback','6479990764','1975-02-13','Non-binary','7164 Lakeland Avenue','Metis','TORONTO'),(405976067,'Sol','McCrystal','5197149297','1929-10-31','Bigender','1278 Center Trail','First Nations','SARNIA'),(406314372,'Chester','Tomaszewski','5197749665','1934-03-12','Female','46 Westerfield Terrace','Metis','KLEINBURG'),(406508175,'Natalina','Scading','9056519015','1956-04-29','Male','63198 Aberg Point','European','BURLINGTON'),(407565929,'Siouxie','Bretland','6479992068','1993-06-09','Non-binary','38126 Orin Street','Metis','OAKVILLE'),(407765815,'Rafa','Pearsey','6479990909','1988-11-29','Genderqueer','7 Mallory Junction','White','MILTON'),(407954769,'Vincents','Woodson','6479993618','1969-08-05','Polygender','9256 Brentwood Pass','Native Americans','ORANGEVILLE'),(408083999,'Laurena','Borthram','6479988946','2001-05-11','Non-binary','6 Utah Point','Native Americans','LONDON'),(408285670,'Willy','Vost','6479988619','2009-06-18','Genderfluid','8879 Little Fleur Point','Assyrian','OAKVILLE'),(408698183,'Bradan','Disbrey','5195834589','1986-01-26','Genderfluid','807 Talmadge Plaza','Native Americans','LONDON'),(408729720,'Laureen','De Meyer','6479993694','1976-04-27','Agender','0208 Vidon Way','Native Americans','OSHAWA'),(409709720,'Ranee','Smallthwaite','9053471062','1973-11-20','Genderqueer','55 Troy Way','Mexicans','AURORA'),(410111847,'Brandie','Greenly','6479993013','1953-03-20','Genderfluid','3772 Algoma Alley','Native Hawaiians','KLEINBURG'),(410355878,'Alard','Waddam','5199026003','1939-05-16','Non-binary','68276 Summerview Center','African Americans','WINDSOR'),(410691361,'Ilka','Tobin','9054418421','2002-03-15','Agender','42 Hoepker Street','Pacific Islander','AJAX'),(411712831,'Lavina','Consadine','9052421133','1942-05-14','Agender','19266 Vernon Place','Alaska Natives','BURLINGTON'),(411724636,'Nikkie','Shaul','6479992477','1954-10-27','Female','594 Elka Street','Black','TORONTO'),(411849611,'Cathlene','Pennazzi','6479998403','2001-05-10','Male','3 Fairfield Alley','Pacific Islander','ORANGEVILLE'),(412364717,'Hendrika','Conachie','6479998375','1962-04-14','Bigender','6 Vermont Center','Assyrian','AURORA'),(412799579,'Ardyth','Peagram','9056021080','1990-06-07','Non-binary','65161 Miller Terrace','Indigenous peoples','PARKDALE'),(414126452,'Gabriell','McGinny','9056837470','1991-03-15','Genderqueer','35743 Carpenter Alley','Assyrian','OSHAWA'),(414469412,'Francklin','Sustins','9057902858','1997-06-13','Male','0739 Fremont Drive','Asian','VAUGHN'),(414505438,'Marietta','Butrimovich','5196008169','1995-05-09','Non-binary','873 Vera Plaza','Alaska Natives','OSHAWA'),(414543543,'Trix','Avison','6479989829','1986-03-31','Genderfluid','14823 Fair Oaks Center','Native Americans','NORTH YORK'),(414669828,'Durante','Fagence','6479995066','2012-01-25','Genderqueer','90672 Starling Court','Mexicans','CALEDON'),(415055562,'Moritz','Woolhouse','9057225293','1987-01-21','Genderqueer','470 Talmadge Court','First Nations','OAKVILLE'),(415373336,'Tirrell','Michallat','6479990833','1929-01-27','Genderfluid','9 Weeping Birch Crossing','Cubans','SARNIA'),(415598710,'Taite','MacClure','9058729934','1960-01-26','Polygender','0986 Randy Terrace','Black','AURORA'),(415736575,'Bruis','Scanlan','5199765574','1933-03-08','Bigender','32795 Messerschmidt Crossing','Pashtun','KLEINBURG'),(416654854,'Anya','Baal','5197729509','1941-10-06','Genderqueer','84 Butterfield Plaza','Native Americans','MILTON'),(416750427,'Peri','Piotr','6479995167','1938-11-13','Non-binary','40 Monterey Trail','Pacific Islander','PARKDALE'),(416876463,'Tiffy','Shawdforth','6479995136','1966-02-07','Polygender','86438 Lunder Parkway','Pashtun','SCARBOROUGH'),(417005959,'Gayle','Prate','6479988745','1963-10-15','Polygender','7771 Lakewood Street','African Americans','PICKERING'),(417638381,'Vanda','Waistell','9055873578','1935-05-01','Genderfluid','0375 Morningstar Road','Native Hawaiians','PICKERING'),(418272909,'Sheeree','Elderidge','6479993470','1965-03-15','Genderqueer','97 Lotheville Pass','Alaska Natives','BURLINGTON'),(418494403,'Zerk','Scini','9056781425','1956-08-18','Non-binary','01 Paget Lane','Arabs','CALEDON'),(418714613,'Cori','Muldownie','6479999353','1965-02-17','Female','1858 Eastwood Terrace','Mexicans','VAUGHN'),(418941955,'Kennith','Barnfield','6479992038','1931-01-22','Polygender','5 Maple Way','White','BURLINGTON'),(419785274,'Corbie','Crumly','5195342675','1992-02-02','Bigender','066 Amoth Lane','Native Hawaiians','AJAX'),(420094212,'Ham','De Ambrosis','6479993046','1997-11-19','Genderfluid','3335 Village Green Point','Arabs','BRAMPTON'),(420397173,'Christan','Casoni','5196097770','1937-04-17','Polygender','2 Kennedy Center','African Americans','BRAMPTON'),(421954665,'Beck','Fayre','6479989922','1934-10-21','Non-binary','6 Cascade Point','Inuit','NEWMARKET'),(421966333,'Erhard','Fretwell','9056775318','1973-06-19','Female','83 Surrey Drive','Asian','SARNIA'),(422070197,'Ingamar','Birkhead','9057811482','1989-10-29','Male','2 Village Junction','Alaska Natives','PARKDALE'),(422559112,'Vida','Starrs','6479994604','1990-11-26','Polygender','5 Manley Crossing','Cubans','KLEINBURG'),(422679430,'Ailyn','Every','9059497602','1932-07-03','Genderqueer','59554 Pepper Wood Junction','African Americans','SARNIA'),(422690926,'Rodolph','Greenhalgh','9059246506','1956-04-25','Polygender','13322 Eliot Drive','Arabs','MARKHAM'),(423106965,'Kaia','Koppen','6479992729','1949-07-11','Male','40 Northridge Terrace','Native Hawaiians','ORANGEVILLE'),(424652400,'Mattie','Yerbury','5195233600','1964-11-19','Bigender','76 Shelley Point','Native Americans','CALEDON'),(425079139,'Smitty','Klehyn','9054518705','1991-02-04','Agender','2 Gina Plaza','Hispanic and Latino Americans','OSHAWA'),(425446234,'Nerissa','Ekless','5195765460','1974-09-01','Genderqueer','83 Montana Junction','Indigenous peoples','TORONTO'),(425836393,'Hynda','Altofts','5195127709','1941-06-18','Non-binary','0700 Artisan Parkway','White','KLEINBURG'),(425911631,'Creighton','Wager','9059486142','1948-08-12','Bigender','6 Corry Street','African Americans','AJAX'),(425931608,'Stacie','Sergean','6479997145','1967-07-19','Non-binary','1950 Paget Pass','Indigenous peoples','WINDSOR'),(426482775,'Nap','Rablan','6479994212','1953-02-07','Male','20 Rowland Center','Native Americans','WHITBY'),(426591795,'Jelene','Matitiaho','9059739585','1967-08-02','Agender','7 Bunker Hill Trail','Native Hawaiians','AJAX'),(426783724,'Roy','Puddephatt','9059854595','1949-10-13','Agender','512 Carey Terrace','Assyrian','OAKVILLE'),(427295009,'Bevvy','Malshinger','6479996124','2004-08-15','Agender','217 Fremont Plaza','Assyrian','SCARBOROUGH'),(428454631,'Elayne','Pressey','9052748648','1929-07-27','Female','81 Russell Plaza','Metis','AURORA'),(428583708,'Neddy','Armiger','5199629902','1947-03-14','Polygender','453 Mallard Way','Indigenous peoples','RICHMOND HILL'),(429001138,'Mitch','Scoterbosh','6479995415','1993-04-06','Genderfluid','9 Dovetail Center','Arabs','VAUGHN'),(429028557,'Susi','Whitter','9054482607','2012-10-05','Genderqueer','0993 Manitowish Parkway','White','BURLINGTON'),(429078610,'Lorianna','Cases','6479997654','2001-04-10','Female','76000 Granby Alley','Asian','CALEDON'),(429175379,'Goraud','Cristofori','6479988482','2002-05-15','Agender','0 Tennyson Place','Black','RICHMOND HILL'),(429630855,'Janetta','Codman','9056282067','1937-08-12','Male','49 Delladonna Avenue','Pashtun','SCARBOROUGH'),(430331234,'Dodi','Rooms','5196102950','1955-01-30','Bigender','970 Boyd Way','Assyrian','BARRIE'),(430561757,'Leela','Blueman','6479994283','1988-04-04','Genderfluid','7351 Stuart Pass','Black','KLEINBURG'),(430767647,'Boycie','Oxborrow','6479991840','2009-12-16','Non-binary','9312 Blackbird Street','Asian','NEWMARKET'),(431110028,'Juieta','Lancastle','9054308943','1937-09-03','Non-binary','3172 Anhalt Alley','Pashtun','WINDSOR'),(431180574,'Elle','Gregolin','9053757380','1929-10-21','Male','648 Union Street','European','VAUGHN'),(431470778,'Ansell','Bernhard','5195060830','1955-01-23','Genderqueer','09024 Prairieview Way','First Nations','RICHMOND HILL'),(431663754,'Petronella','Gaspard','9057437069','1975-05-20','Female','46 Hollow Ridge Road','Assyrian','PARKDALE'),(432388320,'Melessa','Montez','5198768955','1964-09-10','Agender','37 Vermont Center','White','BRAMPTON'),(432725302,'Mel','Ledingham','5196917643','1965-07-09','Bigender','2 Bay Crossing','Pashtun','KLEINBURG'),(432799565,'Ragnar','Raspison','6479992131','1963-04-20','Non-binary','14254 Bluejay Pass','Native Americans','TORONTO'),(433566131,'Rad','Seabridge','6479990992','1961-07-25','Male','17783 Kim Alley','Black','KLEINBURG'),(433970161,'Chelsae','Alflat','9054995269','1942-05-31','Bigender','883 Utah Road','Pacific Islander','MISSISSAUGA'),(434037120,'Andrei','Pashba','9056528502','1985-01-25','Non-binary','6581 Maryland Plaza','Alaska Natives','NEWMARKET'),(434311679,'Finley','Hundy','9055872042','2005-04-09','Non-binary','24 7th Plaza','Pacific Islander','KLEINBURG'),(435208694,'Danyelle','Filer','6479999533','1960-01-21','Genderqueer','0504 Del Sol Crossing','Inuit','OAKVILLE'),(436007662,'Michal','Lorking','5192940110','1980-02-28','Female','9 Manitowish Hill','White','BARRIE'),(436034617,'Nanette','Filyakov','9059657250','1931-10-22','Bigender','48 Bashford Avenue','Black','OSHAWA'),(436717180,'Toni','Niven','9059706189','2000-10-02','Male','459 Dayton Lane','Cubans','BRAMPTON'),(436773499,'Barton','Keningley','6479996495','1938-06-17','Genderfluid','01254 Hudson Junction','Alaska Natives','BARRIE'),(437232463,'Zenia','Mizzen','9053099994','1959-08-24','Female','483 Darwin Circle','African Americans','KLEINBURG'),(437969511,'Gianna','Crafter','9058789865','1970-11-22','Polygender','48626 Redwing Road','Cubans','OSHAWA'),(438513612,'Grover','Hamblyn','5194355886','1947-05-28','Genderqueer','765 Nancy Parkway','Hispanic and Latino Americans','BRAMPTON'),(438710675,'Aindrea','Lattos','9057438102','1931-10-24','Genderqueer','017 Ruskin Court','First Nations','NORTH YORK'),(439248696,'Angelica','Blaisdell','5195780093','1980-09-07','Female','9925 Old Gate Hill','Hispanic and Latino Americans','SARNIA'),(439639676,'Cinda','O\' Loughran','9057140243','1969-03-26','Polygender','4069 Magdeline Point','Cubans','BURLINGTON'),(440709065,'Remus','Ghirardi','9059809838','1956-02-27','Male','01 Annamark Plaza','Hispanic and Latino Americans','MISSISSAUGA'),(440900211,'Ikey','Churchin','6479991733','1997-10-30','Female','7094 Kedzie Road','Pashtun','OAKVILLE'),(441545501,'Blondelle','Vanderplas','9054768469','1963-05-27','Agender','671 Spaight Pass','First Nations','PARKDALE'),(442679053,'Sadie','Giacaponi','6479996811','1997-04-03','Genderqueer','24 Sunnyside Road','Cubans','OAKVILLE'),(442727300,'Chrotoem','Jachimak','5194333289','1997-08-29','Male','56527 Cottonwood Alley','Alaska Natives','OAKVILLE'),(443591344,'Hope','Kernoghan','6479993433','1960-11-23','Bigender','7 Oneill Place','Metis','BARRIE'),(443994653,'Tymothy','McCoy','6479999220','1932-12-04','Female','329 Warbler Point','Native Americans','VAUGHN'),(444017555,'Tad','De Malchar','9059212105','1971-06-06','Genderfluid','54695 Sundown Street','White','PARKDALE'),(444872509,'Jecho','Burmingham','9059332957','1991-11-04','Genderqueer','22 Old Shore Point','Mexicans','PARKDALE'),(446298702,'Brenn','Erbain','5192710085','2008-11-23','Male','34 Harbort Alley','Hispanic and Latino Americans','NORTH YORK'),(447113136,'Dora','Padden','5192621375','1945-05-04','Agender','1563 Meadow Valley Circle','First Nations','ORANGEVILLE'),(447759118,'Elaina','Dallicoat','5197741872','1984-11-08','Male','95301 Debs Court','Metis','BRAMPTON'),(448122828,'Starla','Othick','9053657329','1977-07-23','Polygender','2 Towne Terrace','White','NORTH YORK'),(448140174,'Gregorio','Fells','9059709417','1943-03-21','Female','0 Commercial Circle','White','NEWMARKET'),(448414228,'Isacco','Morshead','9058502818','1980-12-18','Agender','2109 Ilene Terrace','South Asian','PICKERING'),(449426182,'Kaycee','Pietrasik','5197722938','2009-10-24','Genderqueer','14282 Summerview Court','First Nations','OAKVILLE'),(449451881,'Galen','Corson','6479993903','1982-08-15','Genderqueer','801 Anhalt Terrace','Black','OSHAWA'),(450697805,'Ivonne','Blench','9052362041','1977-10-28','Polygender','96 Mayfield Way','African Americans','CALEDON'),(451273606,'Earlie','McGrey','5196093594','2003-09-27','Bigender','3657 Killdeer Crossing','South Asian','BARRIE'),(451278062,'Consuela','Zammett','6479999308','1954-12-14','Bigender','048 Stuart Place','African Americans','OAKVILLE'),(451429552,'Alma','Egell','5192937698','1978-07-07','Non-binary','81671 Debs Plaza','Pacific Islander','BRAMPTON'),(451839619,'Lory','Weatherburn','5193784930','1956-02-13','Male','63 Arapahoe Pass','Metis','WINDSOR'),(452090106,'Alvera','Balderson','5196025038','1979-07-08','Genderfluid','5156 Atwood Crossing','Inuit','BARRIE'),(452542071,'Claybourne','Heaviside','5196436305','1958-03-07','Polygender','51084 Golf View Crossing','Hispanic and Latino Americans','BURLINGTON'),(452602717,'Terry','Bedwell','9055197666','1986-01-01','Non-binary','376 Morning Hill','White','RICHMOND HILL'),(452849142,'Karita','Kneeland','9059003400','1943-11-21','Male','77 Saint Paul Lane','First Nations','WHITBY'),(453179081,'Tobiah','Muggach','9056053451','1962-10-05','Bigender','69 Del Mar Park','White','SCARBOROUGH'),(453811459,'Homerus','Mixter','5196287187','1961-05-18','Genderqueer','96340 Melvin Way','Asian','AJAX'),(454212790,'Rosella','Scholig','6479994708','1967-04-23','Non-binary','73 Milwaukee Terrace','Inuit','CALEDON'),(454297603,'Caspar','Truggian','6479988454','1936-03-09','Agender','2418 Hermina Court','White','CALEDON'),(454335083,'Teressa','De Malchar','6479989318','1952-12-19','Agender','76 Green Crossing','Alaska Natives','KLEINBURG'),(455050645,'Creight','Buckthought','6479989169','2000-09-23','Male','24206 Anderson Pass','African Americans','WINDSOR'),(456345645,'Evyn','Farnsworth','5195700239','1968-08-15','Agender','43369 Oakridge Terrace','Black','WHITBY'),(456848298,'Rubina','Witherup','6479994335','1947-01-20','Male','6248 Pepper Wood Point','European','SARNIA'),(458555933,'Van','MacCurley','6479995706','1988-09-13','Genderfluid','1028 Erie Lane','First Nations','MARKHAM'),(458943596,'Oona','Costall','9058420885','1974-01-27','Male','34487 High Crossing Pass','Mexicans','BARRIE'),(459185659,'Abbey','Leavesley','5197717822','1974-11-17','Genderqueer','1355 Cascade Terrace','Hispanic and Latino Americans','OSHAWA'),(459598169,'Maridel','Flexman','6479994104','1937-02-17','Bigender','13 Linden Parkway','South Asian','WHITBY'),(459866867,'Kelcy','Ertel','9054788321','1978-01-30','Female','4 Petterle Way','African Americans','PICKERING'),(460486162,'Kory','Janisson','6479999833','1944-03-24','Male','20002 Ludington Street','Arabs','SARNIA'),(460497720,'Berti','Macrae','6479988926','1996-09-28','Female','1 Prentice Avenue','Indigenous peoples','AURORA'),(461195126,'Alyce','Peppard','6479992223','1987-10-03','Agender','9644 Alpine Lane','Metis','NEWMARKET'),(462210063,'Tobi','Lockyer','5193238593','1953-09-10','Female','62 8th Point','First Nations','OAKVILLE'),(462597760,'Sisely','Mimmack','5196453271','1957-04-12','Female','66 Norway Maple Terrace','Pashtun','SCARBOROUGH'),(462671869,'Margette','Blackledge','6479997650','1965-11-12','Male','1797 Sunnyside Center','Cubans','AJAX'),(463453227,'Killie','Strutt','9055455401','1944-10-19','Genderfluid','83 Pierstorff Road','Inuit','KLEINBURG'),(463511955,'Baily','Cake','6479997431','1974-10-11','Genderqueer','10186 Maple Trail','White','KLEINBURG'),(463601433,'Marcie','Craythorne','6479994990','1940-09-12','Male','3 Dexter Plaza','Inuit','AURORA'),(464407009,'Camala','Bierman','6479990317','2007-01-04','Genderqueer','52 Weeping Birch Park','Alaska Natives','RICHMOND HILL'),(464913737,'Elwyn','Perrycost','9052965908','2008-10-04','Genderfluid','40 Veith Junction','Asian','RICHMOND HILL'),(464992729,'Abdel','Fawdery','9054734643','2010-08-22','Genderfluid','9288 Melrose Junction','European','OSHAWA'),(465425655,'Barris','Giacomasso','5194612669','1997-03-04','Agender','081 Mariners Cove Plaza','Assyrian','LONDON'),(466369846,'Jacquie','Portress','9056852369','1966-09-02','Genderfluid','9502 Merchant Park','Hispanic and Latino Americans','LONDON'),(466498449,'Matthieu','Cicccitti','9055954833','1933-09-13','Male','238 Superior Road','South Asian','MILTON'),(466875302,'Adair','Balogh','9054764665','1950-07-24','Polygender','219 Blue Bill Park Place','Alaska Natives','PARKDALE'),(466886054,'Timotheus','Bewlie','6479988828','2004-12-18','Genderqueer','55744 Main Hill','Mexicans','LONDON'),(467003843,'Alana','Blood','6479989638','2009-10-26','Male','75 Alpine Lane','African Americans','WINDSOR'),(468182035,'Crissie','Estcourt','6479996831','1956-11-17','Genderfluid','5 Park Meadow Park','Asian','OAKVILLE'),(468548158,'Friederike','Lockery','5193756701','1994-01-27','Male','9 Schurz Pass','African Americans','OAKVILLE'),(469254121,'Jose','O\'Griffin','5197457587','1989-09-08','Agender','99056 Londonderry Parkway','Alaska Natives','TORONTO'),(469731361,'Erika','Westgarth','9054801113','1980-07-29','Agender','8 Northview Trail','Pashtun','KLEINBURG'),(469927340,'Karie','Mars','9057102022','1949-11-18','Bigender','877 Norway Maple Trail','Black','OAKVILLE'),(470061419,'Worden','Kimbling','6479995775','1980-07-18','Bigender','1322 La Follette Crossing','Assyrian','BARRIE'),(470912100,'Opalina','Chuck','6479991630','1966-12-20','Male','337 Florence Alley','Native Hawaiians','WINDSOR'),(471317160,'Gaylene','Kupis','5199508294','1964-10-22','Male','6 Marcy Point','Inuit','KLEINBURG'),(471326337,'Letti','Geraghty','6479998184','1937-07-05','Female','179 Browning Street','Native Hawaiians','WHITBY'),(471579755,'Warden','Yvens','9057301191','1978-11-24','Genderqueer','6384 Mallory Alley','Pacific Islander','WINDSOR'),(471602289,'Joyan','Hasling','9059552126','1964-12-31','Bigender','3 Messerschmidt Pass','Pashtun','MARKHAM'),(472400832,'Danyette','Bunting','9054748395','1936-08-11','Non-binary','83 Huxley Junction','Asian','TORONTO'),(472550284,'Jade','Cromleholme','6479990420','2001-09-08','Polygender','24 Di Loreto Hill','White','LONDON'),(472586741,'Elna','Presslie','5194867893','1970-03-21','Female','8982 Oriole Place','European','SARNIA'),(472904066,'Crysta','Meigh','5199253973','1956-04-05','Female','45 Dorton Parkway','African Americans','LONDON'),(473381321,'Charo','Buesnel','9054399426','1998-11-21','Bigender','92429 Spenser Circle','Asian','VAUGHN'),(473494526,'Adair','Methingam','6479992131','1934-07-04','Genderqueer','040 Redwing Park','Asian','NEWMARKET'),(474795243,'Rafaela','Shewery','6479994586','1961-12-13','Non-binary','6 Merrick Park','White','BURLINGTON'),(474864909,'Angil','Ineson','6479994085','2005-02-11','Polygender','6 Mcbride Avenue','Indigenous peoples','ORANGEVILLE'),(475283743,'Karyl','Mitchelmore','6479989846','1933-08-18','Agender','90760 Vera Junction','Mexicans','WHITBY'),(475858482,'Lauri','Winnard','6479999746','1997-05-29','Genderfluid','83913 Longview Center','White','CALEDON'),(476018843,'Mehetabel','Blaszczak','9055718163','2005-06-07','Genderfluid','81 Declaration Plaza','Native Hawaiians','BURLINGTON'),(476210809,'Viki','Tellenbroker','6479993267','1986-08-16','Genderfluid','3653 Claremont Hill','South Asian','KLEINBURG'),(476420786,'Gena','Maulden','5194350289','1994-03-05','Male','34150 Hallows Center','White','PICKERING'),(476434722,'Filberte','Haskett','9057460535','1929-06-29','Male','22 Birchwood Alley','Indigenous peoples','MISSISSAUGA'),(477113165,'Eldin','Staddon','5194964613','1930-06-05','Agender','30 Schiller Park','Mexicans','BARRIE'),(477375312,'Cordula','Eads','9054062899','1947-08-17','Female','10311 Farragut Pass','Native Americans','LONDON'),(478177839,'Berny','Grimbaldeston','6479995146','1950-02-23','Female','5855 Holmberg Junction','Native Hawaiians','OAKVILLE'),(478310094,'Rochelle','Janz','6479998033','1998-12-22','Agender','94142 Kropf Road','Arabs','TORONTO'),(478319556,'Gearard','Dawbury','5197482595','1992-03-26','Male','20028 Green Ridge Street','Asian','OAKVILLE'),(478807688,'Arliene','Filan','9058515572','1941-01-16','Bigender','81217 Gulseth Road','African Americans','OSHAWA'),(478868195,'Dawn','Gurner','5193469943','1953-09-02','Agender','52013 Canary Center','Metis','RICHMOND HILL'),(479371313,'Hugues','MacNeilley','5196944590','1938-01-28','Genderfluid','0 South Center','Metis','PICKERING'),(479624029,'Dniren','Ziemke','6479989746','1990-03-24','Polygender','0 Bay Junction','Native Americans','BURLINGTON'),(479638530,'Wilfrid','Delacroix','6479993729','1971-11-18','Male','87578 Riverside Court','Pacific Islander','SARNIA'),(480681976,'Kalinda','Antonovic','6479994141','1979-03-04','Non-binary','86 Mayfield Lane','Arabs','VAUGHN'),(482378839,'Teddie','Hanhard','9056092381','1930-09-08','Male','4 Morning Hill','First Nations','PICKERING'),(482498353,'Letizia','O\'Sullivan','5199323371','1982-05-12','Genderqueer','20179 Declaration Circle','European','OSHAWA'),(483128742,'Juieta','Linwood','6479992404','1975-04-25','Genderqueer','1294 Packers Trail','Asian','MILTON'),(483389490,'Gustie','Sesons','6479990285','2011-12-10','Agender','0 Holy Cross Parkway','Asian','RICHMOND HILL'),(483776076,'Stormie','Scurlock','9052444889','1982-11-10','Male','67 Lakewood Junction','South Asian','AJAX'),(483979108,'Bev','Lundbech','6479991426','1939-11-27','Genderqueer','1 Hayes Court','Native Hawaiians','BRAMPTON'),(484198099,'Nani','Dufty','5199837197','1940-03-15','Genderfluid','6536 Laurel Street','Native Americans','OSHAWA'),(484230289,'Pearle','Sleet','5198323674','1962-02-02','Agender','81493 Fuller Crossing','EuropeanIndigenous peoples','PICKERING'),(484561297,'Prentice','Welton','6479991538','2005-04-26','Bigender','43 American Parkway','Hispanic and Latino Americans','LONDON'),(485633004,'Adriane','Minett','6479992808','1968-10-14','Non-binary','90146 Stuart Trail','Metis','RICHMOND HILL'),(485862048,'Shelagh','Fortesquieu','5194452367','1955-10-03','Female','58 Milwaukee Hill','Inuit','MILTON'),(486124408,'Francesca','Pozer','9057544647','2001-02-21','Non-binary','95181 Randy Court','Arabs','PARKDALE'),(486325454,'Loella','Audas','6479989979','1992-10-01','Non-binary','740 Meadow Valley Court','European','TORONTO'),(487208391,'Alie','Wernher','5199355117','1939-12-10','Bigender','51079 Randy Crossing','Cubans','WINDSOR'),(487697767,'Karlik','Mc Pake','6479998844','1936-06-02','Polygender','591 Mesta Avenue','Cubans','BRAMPTON'),(487926976,'Jourdain','Banger','6479999142','2002-06-25','Female','1 Luster Circle','Black','ORANGEVILLE'),(488063328,'Nedi','Stockney','9054536206','1947-07-22','Non-binary','056 Longview Center','Metis','WINDSOR'),(488491192,'Cherida','Saltsberg','6479998940','1931-01-06','Male','970 Mcguire Park','European','OAKVILLE'),(488542009,'Matias','Gealy','6479992542','2005-10-26','Male','67 Hallows Plaza','Mexicans','NORTH YORK'),(489209206,'Ezra','Seymer','9055236216','2009-10-29','Female','260 Crowley Hill','First Nations','MILTON'),(489886040,'Lorin','Pidgeley','6479996987','1987-04-29','Genderqueer','85 Mandrake Circle','Assyrian','NORTH YORK'),(490999906,'Kathryne','Golland','6479997991','1956-06-24','Male','342 Merry Hill','White','MISSISSAUGA'),(491033542,'Bryn','Garrod','9058171088','1979-10-19','Non-binary','89 Farragut Point','Pacific Islander','MILTON'),(491418221,'Wit','Krishtopaittis','5199840229','1980-04-14','Bigender','64 Bluejay Trail','Metis','BRAMPTON'),(491563606,'Gillian','Clue','6479989228','1931-07-14','Female','96826 Merry Way','Assyrian','BRAMPTON'),(491639191,'Vally','Gabbot','9058216342','1969-10-23','Agender','0 Muir Terrace','Alaska Natives','VAUGHN'),(491769071,'Merrily','Sambles','9055336677','1999-03-14','Polygender','1094 Sachtjen Way','South Asian','NORTH YORK'),(491964457,'Olenolin','Yerborn','5196940406','1985-02-26','Male','675 Eastwood Lane','Pashtun','KLEINBURG'),(492007021,'Darelle','Bainbridge','6479999790','1932-09-15','Female','7618 Surrey Center','South Asian','SARNIA'),(493448291,'Jacinthe','Dunnett','6479989131','1930-01-06','Bigender','9 Tennyson Parkway','Asian','MISSISSAUGA'),(493598423,'Mayor','Jouannot','6479994554','1974-09-21','Polygender','6394 Towne Plaza','Asian','WINDSOR'),(493728817,'Gran','Ferentz','6479990412','1945-01-07','Bigender','3 Meadow Valley Way','Hispanic and Latino Americans','NORTH YORK'),(494236484,'Anitra','Matonin','6479993171','1936-06-10','Polygender','18112 Kipling Point','Arabs','AURORA'),(494790393,'Sallie','Karppi','5198309430','2007-03-25','Bigender','55423 Lukken Plaza','Native Americans','AJAX'),(495460336,'Thorny','Onthank','5199596167','1931-03-09','Polygender','7968 Oak Drive','European','BRAMPTON'),(495790656,'Eveleen','Aitcheson','6479998014','1955-08-13','Genderqueer','5963 Grasskamp Plaza','Mexicans','WINDSOR'),(496796581,'Ofella','Oloshkin','9055537940','2000-04-11','Genderqueer','88 Thierer Center','Pashtun','WHITBY'),(497983841,'Karol','Fielden','6479998669','1963-12-17','Genderqueer','3562 Springview Avenue','Arabs','CALEDON'),(498284046,'Shana','Randell','6479989342','1954-07-26','Polygender','2 Moose Park','First Nations','OAKVILLE'),(498407962,'Netta','Sawdon','5193610186','1968-02-18','Genderfluid','7461 Grim Center','Pashtun','AURORA'),(498786416,'Tony','Capron','5194017705','1999-02-17','Bigender','97 Continental Street','Pashtun','MARKHAM'),(498814645,'Eleen','Langhor','6479998060','1980-03-10','Polygender','797 Oxford Circle','Pacific Islander','NEWMARKET'),(498861904,'Laetitia','Lacroutz','6479990662','1936-05-06','Female','4559 Darwin Parkway','Native Hawaiians','PARKDALE'),(499232202,'Trixie','Djekic','9057003086','1936-09-07','Polygender','6259 Schmedeman Crossing','Black','NORTH YORK'),(499626098,'Jojo','Choke','6479990355','1989-02-19','Female','3 Golf Course Park','Black','NEWMARKET'),(499793438,'Bradan','Dabney','5196950381','1951-10-13','Female','2084 Thierer Point','Asian','CALEDON'),(499860254,'Leonid','Bain','6479989200','1943-10-16','Genderqueer','5 Carberry Alley','Pashtun','SCARBOROUGH'),(499876022,'Garold','Scudders','5198932914','1981-01-25','Male','6381 Transport Drive','First Nations','BARRIE'),(500597556,'Roderic','Treadgall','6479999281','1990-07-30','Genderqueer','5 South Crossing','Black','SCARBOROUGH'),(501141625,'Silvester','Liveley','6479997825','1991-12-22','Male','6 Killdeer Way','Pashtun','CALEDON'),(501270801,'Reade','Calyton','6479995697','1990-04-23','Genderqueer','754 Corben Pass','First Nations','RICHMOND HILL'),(501362938,'Nikki','Di Maggio','6479998614','2008-03-21','Polygender','5188 Nelson Street','Metis','PICKERING'),(502019402,'Johann','Pope','9057615044','1981-09-29','Female','6514 Bluestem Circle','Native Hawaiians','VAUGHN'),(502936317,'Shurlocke','Sweeting','9057181282','1940-10-28','Agender','591 Sunbrook Circle','First Nations','WHITBY'),(503404105,'Alfonso','Vurley','9057475393','1999-12-29','Genderqueer','20 Iowa Crossing','Asian','TORONTO'),(504236335,'Trstram','McPheat','9054057572','1987-05-27','Non-binary','9790 Lunder Plaza','First Nations','MISSISSAUGA'),(504542609,'Marcel','Devigne','9057557767','1945-06-14','Genderqueer','0 Sheridan Alley','Mexicans','NEWMARKET'),(504589516,'Juliana','MacMaykin','5196024317','1993-09-15','Genderqueer','03 Shasta Junction','Cubans','AJAX'),(504951954,'Adrien','Steers','9059227805','1942-09-01','Genderqueer','82 Tony Way','Cubans','PICKERING'),(505783155,'Hayden','Lamborn','5199105589','1978-10-09','Genderfluid','560 Welch Lane','European','SARNIA'),(506653029,'Jeanette','Harbidge','5198143301','1985-11-18','Non-binary','65 Becker Park','Pacific Islander','NEWMARKET'),(506866918,'Claiborn','Screech','5197310758','1950-01-02','Genderfluid','76 Corry Lane','Arabs','WINDSOR'),(507354350,'Roman','Aubrun','5193490713','1999-11-20','Bigender','717 Toban Alley','Native Americans','OSHAWA'),(507420332,'Scott','Scragg','9054905007','1963-03-24','Genderqueer','244 Blue Bill Park Street','Mexicans','OSHAWA'),(507830260,'Jacqui','Semeniuk','9056245409','1933-03-22','Agender','57292 Mariners Cove Plaza','Indigenous peoples','ORANGEVILLE'),(507955340,'Bel','Seyffert','5194150352','1986-05-06','Agender','77 Forest Junction','Alaska Natives','LONDON'),(507974798,'Dion','Koeppe','9059115894','1942-02-10','Male','68 Becker Park','Black','MARKHAM'),(508408069,'Randie','Illingsworth','6479994956','1971-10-20','Bigender','4116 Autumn Leaf Plaza','South Asian','NEWMARKET'),(508604316,'Junette','Skipton','9058276416','1945-09-17','Female','0378 Saint Paul Terrace','Native Hawaiians','VAUGHN'),(508735127,'Kristien','Jobin','6479996362','1958-10-12','Genderqueer','91899 Sherman Park','Alaska Natives','WHITBY'),(508909434,'Deloria','Yellowley','6479994004','1940-09-23','Non-binary','424 Melvin Circle','White','TORONTO'),(509545528,'Dorisa','Manifold','9058972766','1957-03-09','Genderfluid','0067 Summerview Court','European','BARRIE'),(509583694,'Koren','O\'Hanley','6479997226','1963-04-24','Agender','262 Westend Hill','Mexicans','NEWMARKET'),(509940461,'Gwenore','O\'Fairy','5198425273','1945-11-25','Agender','538 Donald Circle','Assyrian','OAKVILLE'),(509968831,'Catlee','Knewstubb','6479995251','1989-05-05','Male','75590 Mcbride Terrace','Asian','OSHAWA'),(510033628,'Nonah','Collins','9055826136','1984-08-30','Agender','33 Carioca Road','White','PARKDALE'),(510650494,'Godfry','Gladdolph','6479998100','2009-11-09','Bigender','2610 Loomis Center','Mexicans','ORANGEVILLE'),(510738374,'Eudora','Farrah','6479993760','1969-09-16','Agender','0718 Clemons Point','Native Hawaiians','SARNIA'),(511267805,'Gaye','Ducroe','9056445852','1996-12-03','Female','3 Bobwhite Place','First Nations','WINDSOR'),(511554187,'Flori','Mulvey','6479997304','1999-08-30','Genderfluid','27 Westridge Drive','Pashtun','SCARBOROUGH'),(512587518,'Marrilee','Elcoux','6479994759','1932-01-30','Male','464 Oneill Avenue','Pashtun','ORANGEVILLE'),(513112492,'Randall','Tremmil','9055259279','2008-01-23','Male','89 Redwing Road','Alaska Natives','CALEDON'),(513369137,'Irv','Randleson','9054498010','1997-08-16','Non-binary','441 Brown Drive','Alaska Natives','NORTH YORK'),(513594718,'Agnola','Overy','9056409714','1948-01-30','Non-binary','05 Loeprich Lane','White','BARRIE'),(513770295,'Shamus','Bulloch','9055515324','1993-03-14','Genderqueer','60 Tony Trail','Mexicans','SARNIA'),(513874169,'Evered','Hanvey','6479988167','2011-08-13','Genderfluid','03408 Bashford Street','European','AURORA'),(513938920,'George','MacAlpine','9059802572','1996-05-09','Agender','176 Del Sol Crossing','Hispanic and Latino Americans','PICKERING'),(513977587,'Jordana','Mallalieu','6479989498','1942-02-20','Agender','3 Esker Trail','White','AURORA'),(514724130,'Winnie','Sellors','5198648665','1985-03-21','Male','9653 Killdeer Crossing','First Nations','SARNIA'),(514873028,'Walton','Mattsson','6479995422','1998-10-20','Non-binary','0922 Kingsford Drive','Arabs','NORTH YORK'),(515327501,'Odell','Norvell','9056047957','1989-01-08','Male','7 Fisk Avenue','South Asian','SCARBOROUGH'),(515907725,'Linnell','Sampey','9058117596','1947-02-13','Male','8116 8th Road','Mexicans','ORANGEVILLE'),(516961334,'Melloney','Swedeland','9056576618','1957-10-01','Genderfluid','0 Forest Run Road','Inuit','OAKVILLE'),(517410254,'Mona','Farrant','9057063096','1940-12-17','Male','5279 Johnson Hill','European','BURLINGTON'),(517585068,'Timotheus','Beetles','6479996267','1976-03-29','Genderqueer','09712 Onsgard Center','Alaska Natives','RICHMOND HILL'),(517592976,'Fenelia','Baumber','5195609325','1972-08-15','Non-binary','0826 Blackbird Parkway','Metis','BURLINGTON'),(518176986,'Roseanna','Shoebridge','9059338010','1965-04-15','Non-binary','79 Westend Hill','Arabs','SARNIA'),(518252787,'Randa','Daunay','9058055498','2011-01-01','Bigender','81022 Magdeline Road','Arabs','BURLINGTON'),(518861787,'Ozzie','Tidbury','9052857580','1929-12-31','Male','61 Pine View Center','Alaska Natives','PARKDALE'),(519466803,'Vic','Morales','9059426037','1957-04-18','Agender','89743 Lawn Place','African Americans','MILTON'),(519478084,'Ceciley','Vince','5196048340','1998-06-05','Genderqueer','6 Hudson Center','Indigenous peoples','BURLINGTON'),(520074640,'Hyacinthie','Shrigley','6479990685','1985-07-09','Bigender','532 Brentwood Drive','Alaska Natives','VAUGHN'),(520150741,'Erika','Lilywhite','9058381854','1953-12-13','Genderfluid','312 International Court','Inuit','BURLINGTON'),(520494571,'Beaufort','Wardroper','5197683986','1974-08-10','Male','65 Wayridge Place','White','OAKVILLE'),(520837512,'Lind','Kubczak','6479998852','1994-04-27','Bigender','6506 Goodland Park','European','SARNIA'),(521008723,'Ame','Djuricic','5199026108','1930-02-08','Bigender','6223 Pearson Park','Mexicans','NORTH YORK'),(521462892,'Niki','Melrose','6479989471','1945-01-15','Bigender','48 Holmberg Trail','Pashtun','VAUGHN'),(521840215,'Windham','Vinden','5194204286','1996-12-15','Female','9247 3rd Alley','Hispanic and Latino Americans','BRAMPTON'),(523698697,'Kattie','Harrod','6479997433','1951-10-07','Polygender','6 Birchwood Circle','Indigenous peoples','NORTH YORK'),(524257415,'Allix','Lygoe','6479989083','1960-05-27','Non-binary','1 Randy Terrace','Pacific Islander','PICKERING'),(524507024,'Hamilton','Bunkle','9056298038','1990-01-31','Non-binary','1205 Jenna Park','Inuit','ORANGEVILLE'),(524639796,'Jules','Thompsett','9059489461','1981-09-04','Male','0392 Golf Drive','First Nations','AJAX'),(524923164,'Mollie','Titt','6479992311','1973-03-16','Non-binary','73 Scott Lane','African Americans','CALEDON'),(525686722,'Shanon','Hansbury','5193610236','2007-10-18','Genderqueer','8 Waywood Street','Assyrian','AURORA'),(525973444,'Trudey','Pykerman','6479990858','1990-12-26','Genderqueer','62 Fremont Street','African Americans','AURORA'),(528314664,'Verene','Tommasi','5192915188','1952-07-16','Female','49 Pierstorff Trail','Inuit','ORANGEVILLE'),(528449720,'Ketty','Bergstrand','6479989982','1971-12-07','Male','3573 Bobwhite Lane','Native Americans','OAKVILLE'),(528551416,'Miof mela','Matteotti','9057938787','1970-02-07','Male','4375 Kipling Junction','Arabs','KLEINBURG'),(528804133,'Aluino','Wenham','5195195464','1932-05-06','Bigender','3193 Farwell Parkway','Pacific Islander','BURLINGTON'),(530157809,'Ford','Yeardsley','6479988772','1990-06-01','Genderfluid','65333 Stang Alley','Metis','ORANGEVILLE'),(530184671,'Antonella','Lyle','9055400653','1989-06-19','Male','5 Ridgeview Road','Arabs','RICHMOND HILL'),(530726522,'Rollo','Belf','5193952269','1988-03-28','Male','32499 Loomis Hill','Mexicans','AJAX'),(530954825,'Hestia','Cud','5193828682','1990-11-21','Bigender','21 Darwin Point','South Asian','LONDON'),(530991974,'Giffie','Doubrava','9053827713','1983-05-02','Agender','12662 Clove Avenue','Asian','CALEDON'),(531328702,'Vladimir','Shergill','6479997383','1959-08-16','Female','15206 Melby Junction','Arabs','AJAX'),(531396924,'Joana','McQuilty','9056886133','2007-12-10','Genderfluid','67 Maple Drive','Black','MILTON'),(531520511,'Tanhya','Sine','9059013328','1961-09-19','Non-binary','1 Tony Park','First Nations','OSHAWA'),(531591432,'Ayn','Norridge','9057438268','1992-12-13','Agender','44195 Erie Pass','Assyrian','AURORA'),(531893260,'Indira','Finlaison','9053886950','1975-07-11','Bigender','81 Ilene Center','Black','WINDSOR'),(531966335,'Goldarina','Venton','5199178086','1942-07-19','Polygender','2375 Dixon Way','Asian','KLEINBURG'),(533116434,'Raynell','Bamber','5199232245','1954-03-25','Agender','0 Dayton Pass','Assyrian','CALEDON'),(533345015,'Wileen','Ruthven','9053378621','1984-07-21','Genderfluid','76861 Mitchell Park','Metis','OSHAWA'),(533587547,'Skipper','Occleshaw','5194524497','1938-04-22','Male','2959 Canary Plaza','Hispanic and Latino Americans','OAKVILLE'),(533637409,'Guillemette','Heavyside','6479990207','1984-06-07','Polygender','582 Straubel Parkway','Metis','LONDON'),(533928548,'Corny','Bothen','5194642648','2001-05-05','Polygender','60430 Forest Run Circle','First Nations','BARRIE'),(534180175,'Emilie','Aarons','5196569830','1929-06-19','Non-binary','5 Fairview Pass','Pacific Islander','RICHMOND HILL'),(534748322,'Charita','Jiricka','6479992195','1938-03-17','Agender','09 Debra Point','Metis','SCARBOROUGH'),(534939737,'Nikolia','Guerrieri','5196206129','1932-06-26','Polygender','9825 Esker Trail','Asian','TORONTO'),(537319450,'Prentice','Sharma','6479997120','2006-10-13','Agender','4736 Anniversary Lane','First Nations','AURORA'),(537825688,'Victoria','Grishechkin','9054917390','1931-06-23','Male','69486 Upham Alley','Mexicans','BARRIE'),(538145498,'Olivia','Beauchamp','9053106814','1963-12-15','Genderqueer','0 Northwestern Alley','Native Americans','MISSISSAUGA'),(538347515,'Caressa','Grimshaw','5197489104','1959-07-14','Polygender','85361 Anhalt Street','Black','WHITBY'),(538601502,'Daloris','Wrathall','6479989847','1994-07-17','Female','49 Chive Crossing','White','WHITBY'),(539178513,'Daile','Cowdray','5197826976','1934-06-09','Female','6047 Stone Corner Plaza','First Nations','NEWMARKET'),(539327672,'Olenolin','Cuvley','6479989440','1938-01-20','Female','94 Browning Way','Indigenous peoples','BRAMPTON'),(539625116,'Gabey','McGaugie','9056026136','1945-02-16','Polygender','7161 Oxford Terrace','Native Hawaiians','PICKERING'),(540951313,'Penny','Sanderson','5193881664','1961-12-28','Non-binary','872 Main Hill','Native Americans','VAUGHN'),(542336204,'Daisy','Nial','5197862018','1942-09-19','Bigender','1 Brown Alley','Asian','MILTON'),(543042093,'Shirl','Plows','6479989778','1930-05-20','Polygender','60588 7th Court','Metis','OAKVILLE'),(543582552,'Eloise','Van\'t Hoff','6479992228','1942-02-14','Bigender','50584 Rowland Place','Pacific Islander','WINDSOR'),(543812484,'Rudolfo','Jewett','9054045402','1976-08-29','Genderfluid','0975 Rowland Point','Alaska Natives','AURORA'),(544564811,'Corie','MacGeaney','6479994082','2010-04-19','Genderqueer','52 Shopko Court','Hispanic and Latino Americans','WHITBY'),(545565288,'Gerrie','Ridler','9053991799','1946-06-07','Male','27 Pine View Court','Assyrian','VAUGHN'),(545596965,'Gard','O\'Gavin','9053168563','1953-06-16','Polygender','06 Everett Crossing','Arabs','BARRIE'),(545960239,'Hailee','Belshaw','5195491846','2010-04-06','Genderqueer','7885 Mallory Lane','Native Hawaiians','WHITBY'),(546449494,'Rutledge','Mundy','9054799370','1940-02-27','Non-binary','188 Merrick Alley','Mexicans','RICHMOND HILL'),(546499028,'Damara','Storms','5198423375','1995-12-13','Genderfluid','8203 Algoma Point','Assyrian','NEWMARKET'),(546803713,'Daune','Fackney','9054717924','1988-12-09','Non-binary','0619 Waxwing Park','Hispanic and Latino Americans','ORANGEVILLE'),(546853549,'Jacques','Laurentino','9054797469','1996-12-20','Female','62 Jana Avenue','Alaska Natives','BARRIE'),(547740336,'Tab','Vigers','5199344030','2009-10-23','Female','5 Karstens Circle','South Asian','WHITBY'),(547859103,'Marinna','Sirl','5197356552','2012-02-06','Genderfluid','3 Orin Park','First Nations','SARNIA'),(549879309,'Gary','Lacotte','6479988266','1999-06-30','Female','26 Fisk Park','Cubans','MISSISSAUGA'),(550168729,'Vikki','Laraway','6479999966','1952-07-15','Polygender','01 3rd Way','Metis','NEWMARKET'),(550543903,'Harriette','Ollerhad','6479993532','2000-03-15','Agender','57820 Fairview Terrace','Assyrian','NEWMARKET'),(551696155,'Field','Tugwell','9053371237','1942-10-05','Agender','6312 Anniversary Road','Native Americans','TORONTO'),(551934630,'Elbert','Cowl','5198134851','1987-08-16','Female','9971 West Park','South Asian','CALEDON'),(551956474,'Nerty','Reith','6479996144','1947-07-12','Female','70 Springs Crossing','White','MILTON'),(552260723,'Francklin','Yoxall','9054798855','1967-01-26','Agender','1 Reindahl Street','Hispanic and Latino Americans','WINDSOR'),(553069974,'Jenna','Pescott','5198245826','1947-07-28','Genderfluid','25 David Place','African Americans','OSHAWA'),(553626824,'Noni','Shuxsmith','9053867509','1934-05-16','Agender','852 Magdeline Road','African Americans','NEWMARKET'),(554006772,'Leena','Heinrici','6479988234','1977-11-10','Agender','945 Morrow Center','Cubans','MILTON'),(554485563,'Karlene','Romain','9058662484','1963-04-17','Bigender','64337 Stone Corner Place','Inuit','RICHMOND HILL'),(554583510,'Wang','Sibson','9054208834','1960-01-19','Genderfluid','28718 Forest Run Pass','Asian','SCARBOROUGH'),(554723445,'Teodoor','Scamwell','9057429113','2000-01-13','Genderqueer','17 Mockingbird Avenue','Black','NEWMARKET'),(554939685,'Killy','Baxstare','6479993045','2006-11-14','Male','5500 Arkansas Terrace','White','AJAX'),(555229345,'Abbie','Nelle','9053829906','1990-10-06','Genderqueer','43 Helena Way','White','WINDSOR'),(556931662,'Bryn','Talks','5196363623','1995-12-17','Bigender','04760 La Follette Circle','Native Hawaiians','ORANGEVILLE'),(558071814,'Katti','Rassmann','6479996507','1973-04-15','Agender','00 Westerfield Junction','Native Hawaiians','WHITBY'),(558074071,'Berry','Lottrington','6479994943','2005-02-03','Polygender','49418 Lighthouse Bay Pass','Hispanic and Latino Americans','BURLINGTON'),(558315831,'Bobby','Newnham','6479996514','1952-07-10','Genderfluid','4604 Mifflin Point','African Americans','AJAX'),(558467192,'Justus','Seaborne','9056412179','1929-07-07','Genderfluid','70963 Summit Lane','African Americans','WHITBY'),(558791147,'Kathryne','Farrow','5197754616','1933-05-03','Non-binary','59 Dryden Drive','Assyrian','ORANGEVILLE'),(559273445,'Thorpe','Nunnerley','6479991137','1933-02-05','Polygender','4 Valley Edge Drive','Pashtun','BURLINGTON'),(559651965,'Myrvyn','Leggan','9059996186','2004-04-28','Female','3 Steensland Circle','Mexicans','OAKVILLE'),(560400879,'Saxon','Fennick','6479993805','1974-01-20','Female','00227 Upham Court','South Asian','NORTH YORK'),(560494271,'Ree','Josefer','9054569071','1966-02-17','Non-binary','96 Laurel Street','Mexicans','AURORA'),(561812232,'Cari','Guite','5192885666','1934-11-20','Agender','7515 Jana Junction','Hispanic and Latino Americans','VAUGHN'),(562500337,'Magdalena','Bundock','6479992460','1940-03-01','Polygender','0 Straubel Avenue','Arabs','MISSISSAUGA'),(563095620,'Gertrudis','Marages','6479992762','1993-10-23','Genderqueer','31109 Anhalt Court','Mexicans','CALEDON'),(563240005,'Chelsy','Overill','5195692709','2009-07-02','Bigender','5 Fuller Junction','Native Hawaiians','PARKDALE'),(564037667,'Gabby','Buddles','5195197595','1972-03-06','Bigender','02 Mallory Hill','Metis','AURORA'),(564111758,'Henry','Levens','5199857411','1960-11-18','Agender','61 8th Park','Asian','OAKVILLE'),(564563838,'Mick','Pundy','6479990563','1956-05-19','Genderqueer','9857 Springview Parkway','Assyrian','BARRIE'),(564809088,'Abbie','Chetwin','6479988442','1997-12-02','Bigender','93 Brown Court','Pacific Islander','KLEINBURG'),(565253503,'Bekki','Parradice','6479998398','1980-09-22','Non-binary','0 Norway Maple Avenue','Black','SCARBOROUGH'),(565591256,'Waring','Beefon','9057053663','1938-07-23','Genderqueer','9 Glendale Avenue','African Americans','SARNIA'),(566757093,'Taryn','Pracy','9053468538','1980-06-03','Female','8372 Ryan Lane','Black','AJAX'),(567042511,'Lucienne','Ballantine','5199010697','1952-08-25','Agender','08 Talmadge Way','Indigenous peoples','LONDON'),(567503543,'Spike','de Clerk','6479992090','1962-10-21','Agender','5 3rd Alley','Asian','MISSISSAUGA'),(567946034,'Karry','Chesshyre','9059435648','1987-01-09','Genderfluid','705 Dixon Crossing','First Nations','BURLINGTON'),(569478310,'Alic','Bampton','9056714982','1944-01-24','Genderfluid','2 Melby Avenue','White','WHITBY'),(569531822,'Tessi','Mintoff','9052780458','1980-08-24','Female','0 Lakewood Gardens Plaza','Hispanic and Latino Americans','WHITBY'),(570444075,'Lucita','Pund','6479988040','1961-08-12','Female','2 Roth Street','Alaska Natives','MARKHAM'),(570699694,'Adamo','Heeney','9056834243','2007-10-31','Female','7 Hoepker Trail','Pashtun','SARNIA'),(571013194,'Britney','Gillio','9054059495','1961-05-19','Genderqueer','4 Lindbergh Road','Pacific Islander','SARNIA'),(571656440,'Cristal','Palffrey','6479999059','1953-06-18','Male','21648 Sherman Pass','Indigenous peoples','SCARBOROUGH'),(571747866,'Tim','Yashin','6479990282','1946-10-06','Female','91450 Algoma Plaza','First Nations','NORTH YORK'),(571812460,'Padgett','Drayton','5193784774','1993-11-07','Genderfluid','27002 Bashford Pass','White','WHITBY'),(572022471,'Gwenette','Cordrey','9055749755','1960-09-10','Bigender','9 Morning Alley','Native Americans','NEWMARKET'),(572756650,'Diana','Fahy','9055996085','2004-04-13','Male','0 Fisk Circle','Indigenous peoples','BRAMPTON'),(573227787,'Kalina','Pavlik','9056608018','1986-05-06','Polygender','5 Anderson Pass','Pacific Islander','CALEDON'),(573463752,'Meryl','Greenman','9053481168','1984-10-17','Polygender','9 Acker Way','European','PARKDALE'),(573749297,'Rouvin','Bath','9056288191','2004-10-19','Bigender','3 Stephen Point','Pashtun','RICHMOND HILL'),(573764483,'Peyter','Horsley','6479998474','1932-12-31','Male','9444 Stoughton Road','White','TORONTO'),(573896844,'Marielle','Muro','5195951119','1962-08-12','Polygender','88 Brown Center','Inuit','VAUGHN'),(574603888,'Pascal','Stonier','9059134998','1953-02-10','Female','6652 Eastwood Drive','Alaska Natives','VAUGHN'),(575093803,'Carmon','Bryson','6479994980','1974-07-12','Male','750 Ryan Parkway','Native Americans','SARNIA'),(575262290,'Chiquia','Barde','6479993991','1946-08-20','Non-binary','820 Amoth Junction','Pacific Islander','AJAX'),(575806629,'Dominick','Samuels','6479998502','1992-02-07','Genderfluid','08193 Schmedeman Court','Black','BARRIE'),(575960136,'Viki','Botting','5194656018','1942-05-12','Agender','89888 Corscot Trail','Inuit','SCARBOROUGH'),(576881173,'Paquito','Aiken','9059714301','1958-08-25','Agender','9 Hazelcrest Alley','Inuit','WINDSOR'),(577159654,'Demeter','Giaomozzo','9058566908','2012-08-26','Agender','36465 Commercial Court','Indigenous peoples','SARNIA'),(578708263,'Bryn','Schade','6479998477','1983-04-22','Male','37 Huxley Point','European','AJAX'),(579155994,'Quincy','Marcu','5198589092','1960-05-29','Genderfluid','406 Arizona Lane','Metis','SARNIA'),(579447638,'Burt','Suddell','5195430357','2002-05-10','Agender','9 Oneill Street','White','NORTH YORK'),(579587898,'Baldwin','Yakobowitz','9054232333','1974-12-15','Genderqueer','51 7th Junction','Mexicans','MARKHAM'),(579819449,'Madison','Stickel','9052505498','1930-05-20','Agender','8 Muir Court','White','LONDON'),(581105990,'Harriot','Mannin','9054369341','2000-04-16','Male','8489 Forster Trail','Arabs','WINDSOR'),(581712780,'Kassi','Defty','6479996176','1967-09-04','Genderfluid','788 Mitchell Drive','Black','WINDSOR'),(583761808,'Donaugh','Muselli','5195149204','1982-12-07','Polygender','028 Vahlen Pass','Asian','WHITBY'),(584405128,'Anestassia','Wensley','6479989678','1963-09-13','Male','25 Carpenter Avenue','Alaska Natives','AURORA'),(584575280,'Jake','Ivanyukov','6479999833','1976-06-12','Bigender','3 Village Avenue','Hispanic and Latino Americans','BURLINGTON'),(585105511,'Jaclin','Harbison','5198802059','1939-11-18','Female','2718 Green Way','Indigenous peoples','WINDSOR'),(585171746,'Jarret','Hesey','6479992418','1972-12-01','Non-binary','517 Erie Alley','Metis','MARKHAM'),(585309638,'Fiorenze','Paynter','6479999538','2011-11-21','Polygender','71347 Wayridge Point','Metis','MISSISSAUGA'),(585391713,'Ardath','Perrinchief','9053874424','1959-05-22','Genderqueer','9424 Fairview Alley','Inuit','BRAMPTON'),(585434675,'Harlen','Glisenan','6479994838','1995-12-11','Female','73 Messerschmidt Way','South Asian','BRAMPTON'),(586309450,'Lucas','McKerton','6479996130','1980-04-14','Genderqueer','6 Welch Pass','White','MISSISSAUGA'),(589054719,'Gilbertina','Marxsen','6479999565','1976-03-26','Non-binary','07832 Dovetail Way','European','RICHMOND HILL'),(589432490,'Culver','Polglase','9059523341','1990-06-03','Non-binary','854 Mosinee Hill','Arabs','PICKERING'),(589549268,'Cart','Betton','6479992039','2007-08-12','Genderqueer','07873 Dryden Pass','Mexicans','PICKERING'),(589576482,'Mersey','Mitchely','5193096136','1994-11-13','Male','2998 Debra Avenue','Alaska Natives','SCARBOROUGH'),(589632348,'Papageno','Corkish','9053803548','2011-04-06','Female','67335 Pleasure Drive','Black','WHITBY'),(589714280,'Paulette','Roman','9059555414','1987-05-22','Non-binary','36985 Spohn Way','Metis','PICKERING'),(589817246,'Bert','Belt','9056322154','2009-10-07','Male','26962 Corben Pass','Cubans','TORONTO'),(590087373,'Kendell','Benian','6479990218','1964-05-26','Genderfluid','8 Delladonna Lane','Metis','AJAX'),(590850154,'Foster','Basey','9056836230','2003-04-24','Agender','929 Cambridge Terrace','Pashtun','NEWMARKET'),(591757521,'Catha','Dibdale','6479998398','1945-02-18','Bigender','4 Pennsylvania Center','Asian','BARRIE'),(591844702,'Cristy','Dilleway','6479996903','1980-12-06','Genderfluid','66 Clyde Gallagher Avenue','South Asian','NEWMARKET'),(592237238,'Emlyn','Tern','9059052896','1974-01-31','Genderqueer','1 Veith Place','Asian','ORANGEVILLE'),(592794208,'Germayne','Warrington','9054625646','1954-08-09','Non-binary','0 Sutteridge Plaza','Asian','WHITBY'),(596000845,'Edlin','Fenge','6479988255','1981-03-06','Bigender','47 Mendota Road','Pacific Islander','BRAMPTON'),(596245417,'Granger','Ziem','6479989069','2008-12-02','Bigender','99 Stuart Court','Mexicans','NORTH YORK'),(596509919,'Tommie','Henner','6479988942','2008-05-30','Male','409 Loeprich Hill','Arabs','WHITBY'),(597053986,'Dasya','Baine','9053152010','1942-08-23','Female','8 Daystar Drive','Pacific Islander','OSHAWA'),(597568433,'Kristo','Hollingsby','9059647398','1945-08-08','Genderqueer','4581 Continental Street','Asian','PARKDALE'),(597759409,'Ibby','Davidman','5195600322','1995-10-14','Genderqueer','91476 Cardinal Plaza','Assyrian','TORONTO'),(598049421,'Jabez','Chellenham','6479994867','1958-10-18','Bigender','5365 Bashford Lane','South Asian','BARRIE'),(598491510,'Mandel','Facchini','6479996466','1972-12-02','Genderfluid','9602 Pierstorff Terrace','Hispanic and Latino Americans','ORANGEVILLE'),(598718927,'Roma','Deevey','6479996780','1931-12-27','Genderfluid','6957 Carioca Parkway','Native Hawaiians','TORONTO'),(598840877,'Abbey','Probbing','6479989757','1956-05-20','Male','41559 Ridge Oak Alley','Native Hawaiians','NEWMARKET'),(599846988,'Sax','Worrill','6479999843','2006-08-23','Bigender','2 Holy Cross Pass','African Americans','MILTON'),(601363380,'Zebadiah','Kaman','6479994569','1968-08-22','Female','7445 Spohn Hill','Arabs','KLEINBURG'),(601562304,'Baudoin','Pettendrich','6479993775','1977-05-25','Genderfluid','150 Grayhawk Place','Pashtun','TORONTO'),(601626159,'Glenda','Batram','9058547388','1941-07-04','Bigender','11458 Summit Drive','Native Hawaiians','MARKHAM'),(602032181,'Lanie','Fullalove','5198516371','1988-07-29','Genderqueer','8 Barby Lane','First Nations','WHITBY'),(602228185,'Jaymee','Duchesne','6479993482','1988-09-24','Non-binary','90282 Sheridan Junction','Hispanic and Latino Americans','TORONTO'),(602794174,'Gaby','Gobel','5198785909','1963-05-31','Genderfluid','32 Crest Line Way','Pacific Islander','VAUGHN'),(602828469,'Sheridan','Burbidge','6479989419','1965-02-19','Genderqueer','118 Sullivan Drive','Pashtun','OAKVILLE'),(603100474,'Papageno','Joyes','5194585564','1950-10-25','Male','86563 Sutteridge Terrace','First Nations','RICHMOND HILL'),(603238516,'Candice','Chafer','6479999180','1980-10-16','Female','06 Pierstorff Junction','First Nations','CALEDON'),(603550606,'Homerus','Cantillon','9056631450','1980-12-19','Agender','9 Caliangt Trail','South Asian','CALEDON'),(604284841,'Ivette','Blaase','9057949626','1979-03-09','Bigender','03906 Sloan Park','Indigenous peoples','MISSISSAUGA'),(604432422,'Hinze','Vannar','5194757588','1964-03-01','Male','31 Quincy Hill','Indigenous peoples','KLEINBURG'),(604508732,'Durante','Bursnell','9055794581','1980-05-19','Agender','2594 Sachtjen Terrace','Asian','OAKVILLE'),(604745876,'Matthieu','Sheehy','5195994589','1995-11-28','Polygender','89479 Sullivan Point','First Nations','TORONTO'),(604963714,'Noami','Swyer-Sexey','9058898678','1971-06-17','Bigender','801 Bellgrove Parkway','South Asian','MILTON'),(605049321,'Rikki','Ceschelli','6479994561','2004-08-16','Non-binary','39626 Hoard Trail','Assyrian','LONDON'),(605450551,'Kiley','Matuszewski','6479991409','1981-04-15','Polygender','0525 Tennyson Road','Pacific Islander','NORTH YORK'),(605461867,'Tamera','Brack','5193233729','1954-05-18','Non-binary','63 Scott Point','Cubans','BURLINGTON'),(605963539,'Mag','Dewing','9056471695','2005-09-27','Polygender','805 Pine View Parkway','Native Hawaiians','SCARBOROUGH'),(606003241,'Birdie','Abbet','5194986289','1965-10-27','Agender','5 Jackson Circle','Mexicans','LONDON'),(606321695,'Antonia','Ossenna','5196767952','1963-06-17','Polygender','81169 Susan Street','Alaska Natives','MILTON'),(606692840,'Ervin','Paver','5197932626','1984-05-19','Female','25972 Eagle Crest Terrace','Cubans','MARKHAM'),(606939676,'Arnie','Calterone','6479996508','1971-08-13','Male','9 Manufacturers Drive','Alaska Natives','AJAX'),(608930781,'Reamonn','Penniell','5194325140','2007-09-26','Female','04 Milwaukee Center','EuropeanIndigenous peoples','LONDON'),(609186856,'Halsey','Linacre','9055695213','1932-07-22','Bigender','5 Derek Hill','African Americans','OAKVILLE'),(610010575,'Godard','Blague','6479990580','2011-03-13','Genderfluid','3 Fieldstone Center','Indigenous peoples','KLEINBURG'),(610202068,'Zorine','Mutlow','9053106150','1930-10-02','Bigender','352 Daystar Drive','Metis','VAUGHN'),(610216489,'Emili','McKevitt','6479999849','1969-05-21','Polygender','7 Dahle Crossing','Native Americans','SCARBOROUGH'),(611378070,'Patric','Willmore','6479989359','1976-04-17','Agender','19660 Cardinal Point','Native Hawaiians','OSHAWA'),(611630617,'Roger','Gammell','9054134080','1989-04-20','Bigender','141 Huxley Street','Assyrian','MISSISSAUGA'),(611729000,'Gerty','Vials','9056287543','1994-07-22','Polygender','459 Milwaukee Drive','Arabs','AJAX'),(612253704,'Leigh','Omrod','9057420196','1997-06-10','Agender','3015 Hanson Hill','Alaska Natives','RICHMOND HILL'),(614437387,'Ileana','Fardy','5195435510','2002-09-13','Genderfluid','9 Sugar Pass','Cubans','VAUGHN'),(614848767,'Rudd','Peatman','9058674583','1943-11-24','Male','7 Forest Dale Point','Metis','BURLINGTON'),(615048548,'Evie','Mahady','9054376728','1990-06-14','Non-binary','5868 Utah Way','Pashtun','SARNIA'),(615167718,'Corbie','Lindley','9053029348','1995-03-19','Female','01547 Grayhawk Crossing','Arabs','SCARBOROUGH'),(616159997,'Myer','Sterman','9059488511','1976-02-04','Non-binary','44881 Veith Terrace','First Nations','BURLINGTON'),(617593615,'Celie','Kapelhof','5197470619','1943-05-02','Male','66828 Farragut Junction','Black','TORONTO'),(617732320,'Christophorus','Giovannazzi','5199149529','1978-08-28','Genderqueer','0 Blackbird Hill','Hispanic and Latino Americans','OAKVILLE'),(618056466,'Aretha','Bagby','9052569187','1975-08-09','Genderqueer','5362 Village Court','Inuit','NORTH YORK'),(618234805,'Aubrie','Crutcher','5193599527','1936-11-04','Female','4 Jay Junction','Pacific Islander','CALEDON'),(618718507,'Harriott','Wilcockes','6479994714','1939-10-20','Bigender','27 Ryan Street','Arabs','CALEDON'),(618959490,'Lilly','Karpf','9057023298','1936-11-01','Polygender','33 Meadow Ridge Circle','Indigenous peoples','BARRIE'),(619673541,'Lee','Patman','6479994831','1971-10-20','Non-binary','17607 Stuart Lane','First Nations','PARKDALE'),(620342970,'Clio','Stanbrooke','6479988990','1984-08-22','Agender','4 Reinke Way','European','KLEINBURG'),(620638083,'Jilli','Swainson','6479994978','1950-03-26','Bigender','8368 Darwin Parkway','African Americans','CALEDON'),(620750107,'Reginald','Michieli','9059986780','1995-08-27','Genderqueer','74 Vidon Park','Cubans','VAUGHN'),(620763215,'Tamiko','Suddards','9057350421','1971-07-22','Genderfluid','0980 Londonderry Plaza','Arabs','OAKVILLE'),(622480540,'Nanci','Paulo','6479997440','1968-03-29','Genderqueer','7312 Coolidge Pass','Inuit','WINDSOR'),(622541799,'Candra','Tethcote','6479995901','1979-06-10','Female','62 Graceland Street','European','RICHMOND HILL'),(622768431,'Charis','Kilbourne','9053104982','1970-02-18','Polygender','7521 Reindahl Crossing','Pashtun','RICHMOND HILL'),(622827474,'Sheffy','Antonetti','6479992512','1970-11-01','Agender','3 Onsgard Road','White','MILTON'),(623136490,'Geneva','Bisset','5195321405','1993-01-16','Non-binary','9779 Monica Place','Native Hawaiians','BRAMPTON'),(623935360,'Spike','Browse','6479989225','1988-06-17','Bigender','75149 Sommers Trail','Arabs','LONDON'),(624700247,'Ninnetta','Tatnell','5197287763','1959-10-06','Genderqueer','355 Hollow Ridge Hill','Asian','PICKERING'),(625475868,'Susanne','McFarlane','9054322536','1940-10-29','Female','35 Kim Place','African Americans','MISSISSAUGA'),(626095295,'Sonni','Semens','5198540902','1982-08-31','Male','33017 Swallow Park','Pashtun','MARKHAM'),(626385823,'Johannes','Murkus','5195627099','1933-05-12','Polygender','885 Eggendart Lane','Black','ORANGEVILLE'),(626562381,'Beauregard','Beedon','6479997693','1970-12-10','Bigender','09863 Little Fleur Trail','Hispanic and Latino Americans','WINDSOR'),(626610166,'Madelena','Calcraft','5194430907','1973-06-17','Non-binary','6 Pankratz Lane','Inuit','TORONTO'),(627333807,'Ado','Bore','6479991765','2004-07-20','Female','85 2nd Junction','Metis','OAKVILLE'),(627616338,'Prinz','Crigin','5194190806','1934-10-21','Male','6976 Rutledge Parkway','White','ORANGEVILLE'),(627999109,'Dredi','Witheford','6479989403','1985-07-30','Male','8 Pepper Wood Parkway','Pacific Islander','MISSISSAUGA'),(628006683,'Ari','Crossfield','6479994328','1980-12-09','Genderfluid','5058 Mallard Point','Arabs','SCARBOROUGH'),(628695241,'Marinna','Muzzullo','5194386635','1950-01-29','Genderqueer','16916 Tomscot Circle','Black','MISSISSAUGA'),(630646215,'Ronica','Fransman','9052962699','1936-09-28','Bigender','7924 8th Pass','Native Hawaiians','OSHAWA'),(630865360,'Shelley','Peracco','6479994088','1965-11-22','Bigender','960 Spohn Drive','Indigenous peoples','LONDON'),(632097324,'Llywellyn','Slayton','9052922628','1953-01-15','Genderqueer','95 Emmet Point','Pashtun','MISSISSAUGA'),(632286241,'Lorelle','Bemlott','9056037265','1965-01-10','Genderfluid','2 Colorado Lane','Native Hawaiians','LONDON'),(632395944,'Ellerey','Cosely','5198084492','1958-09-02','Male','7296 Manitowish Place','Black','BURLINGTON'),(632604130,'Grenville','Lithgow','9053238642','1997-07-10','Polygender','93 Walton Pass','White','WINDSOR'),(632638389,'Margarete','Copnall','9054413550','1930-06-12','Genderqueer','0 Bowman Pass','Pashtun','KLEINBURG'),(633626866,'Ara','Weddeburn','6479989501','1937-11-03','Genderfluid','35255 Elgar Trail','White','PARKDALE'),(633708702,'Lorrin','Jaskowicz','6479994420','1943-07-10','Bigender','09 Pine View Plaza','Black','MARKHAM'),(633761895,'Ximenez','Aggott','9054792048','1976-02-24','Genderfluid','504 Starling Pass','Pacific Islander','ORANGEVILLE'),(633970000,'Petey','Emsden','6479996431','2004-03-24','Genderfluid','8 Raven Point','European','BURLINGTON'),(634032613,'Ogdan','Kinsell','5197960666','2009-11-16','Non-binary','3 Fremont Place','Hispanic and Latino Americans','WHITBY'),(634225623,'Darell','Attenburrow','5192401350','1939-06-12','Male','91 Hazelcrest Lane','Pacific Islander','PARKDALE'),(634421096,'Wendel','Bartrap','9052735441','1984-10-15','Non-binary','17 Troy Way','African Americans','RICHMOND HILL'),(635231397,'Bev','Pawle','9057581636','1984-05-12','Non-binary','807 Northwestern Junction','Alaska Natives','LONDON'),(635348248,'Wainwright','Hasser','6479992923','1969-04-09','Bigender','24116 Superior Hill','Arabs','SCARBOROUGH'),(635539029,'Daria','Ouldcott','9054990267','2001-01-18','Female','4606 Manley Center','Pashtun','BRAMPTON'),(635655699,'Alvan','Botha','9058888895','1956-04-18','Male','91 Warbler Park','Asian','LONDON'),(636057379,'Gerti','Cumbes','9054944815','2000-03-24','Female','4352 Bultman Park','South Asian','MISSISSAUGA'),(636631807,'Anastasia','Hallsworth','5193087516','1939-10-26','Female','6 Hoard Pass','Inuit','MILTON'),(638319060,'Tobi','Van Niekerk','6479997813','1947-09-04','Agender','5488 Becker Hill','South Asian','AURORA'),(638725211,'Casey','McCrillis','9057309771','1997-12-07','Male','8219 Corry Avenue','Mexicans','SARNIA'),(638849023,'Padriac','Armes','6479996392','1949-06-05','Bigender','5 Corscot Alley','Hispanic and Latino Americans','LONDON'),(639426002,'Marius','Hardy','9053350040','2008-12-03','Non-binary','4 Vahlen Junction','Assyrian','AURORA'),(639565365,'Else','Gotobed','6479999317','1936-06-17','Genderfluid','40 Main Trail','Hispanic and Latino Americans','MILTON'),(639758971,'Tory','Longina','9057093053','1946-08-14','Genderfluid','8 Melody Lane','Metis','OAKVILLE'),(641125416,'Kennett','Coole','9058434207','1980-07-11','Bigender','981 Monica Alley','Alaska Natives','OAKVILLE'),(641680670,'Jayme','Stanner','9054435741','1975-11-25','Non-binary','474 Grayhawk Center','South Asian','AJAX'),(642592808,'Nobie','Sammes','5197149090','1933-01-13','Polygender','14326 High Crossing Avenue','European','BRAMPTON'),(642707109,'Bail','McGrowther','5199772930','1991-09-06','Polygender','21942 Carey Way','African Americans','OSHAWA'),(642987196,'Cassius','Durbin','6479989316','1931-10-17','Male','46748 Schiller Junction','South Asian','SARNIA'),(644249150,'Mady','McNamee','5195545135','2010-11-26','Polygender','1529 Paget Pass','Arabs','KLEINBURG'),(644355197,'Clarita','Ferreira','9054981646','1937-04-20','Male','0824 Center Pass','Native Hawaiians','AJAX'),(644387565,'Gus','McCaughran','9056989400','1990-02-16','Genderqueer','8257 Evergreen Hill','Metis','OSHAWA'),(644468143,'Gypsy','Wallwood','9052934478','1959-04-02','Female','10 Nova Pass','Inuit','PICKERING'),(644752393,'Kayne','Ginie','6479992315','1963-04-28','Polygender','5 Blue Bill Park Street','European','VAUGHN'),(645621120,'Shermie','Dreigher','5192445696','1944-01-24','Male','09 International Street','Pacific Islander','WHITBY'),(645811205,'Marj','De Ambrosi','9056875301','1976-12-17','Non-binary','5 Kim Drive','White','WHITBY'),(645926831,'Hobart','Kyberd','9058894693','2000-01-21','Genderqueer','33104 Victoria Point','European','NORTH YORK'),(645955033,'Monica','Milan','5199676550','1965-02-28','Male','86278 Fallview Court','Native Hawaiians','CALEDON'),(646489979,'Aretha','Aldersea','9057817153','1942-06-24','Bigender','13 Hoard Terrace','Asian','BARRIE'),(646868704,'Nollie','Pellitt','5196122946','1930-02-26','Non-binary','7 Corry Park','Alaska Natives','WINDSOR'),(647672127,'Sigismundo','Sancias','5196821510','1965-04-30','Polygender','8 Lerdahl Plaza','Inuit','CALEDON'),(648355928,'Jessi','Bridell','5195459839','1988-11-13','Bigender','98 Elka Road','Inuit','MARKHAM'),(648986368,'Shauna','Tullett','6479996754','1994-03-29','Polygender','1439 Manley Point','Native Hawaiians','NEWMARKET'),(649021601,'Amalia','Skarin','6479991846','1939-12-05','Genderfluid','9 Toban Drive','White','PARKDALE'),(649165632,'Willem','Eyres','5193503923','1941-08-26','Non-binary','69761 Prairie Rose Place','South Asian','MISSISSAUGA'),(649393987,'Brenna','Corballis','6479999701','1991-12-11','Agender','52 Gina Circle','First Nations','WINDSOR'),(650167486,'Easter','Kesterton','5194730829','1992-07-12','Non-binary','94 Sundown Plaza','Hispanic and Latino Americans','NORTH YORK'),(650186062,'Shena','Gunter','9059598846','1984-08-04','Bigender','8299 Birchwood Parkway','Mexicans','AURORA'),(650212026,'Chrystel','O\'Shields','5193238914','1993-06-28','Male','98 Washington Crossing','Asian','AURORA'),(650233856,'Cele','Overal','9053380612','1953-07-30','Polygender','890 Glendale Crossing','Arabs','MARKHAM'),(650385806,'Letisha','Kinlock','9054458665','2008-08-09','Genderqueer','3990 Beilfuss Plaza','Native Americans','VAUGHN'),(651635081,'Winthrop','Hugonneau','6479988799','1953-02-02','Genderfluid','113 Bluejay Parkway','Asian','MARKHAM'),(651950090,'Seana','Gummer','6479988283','1955-08-29','Polygender','5796 Londonderry Parkway','Native Americans','VAUGHN'),(652082792,'Vernen','Bilbrey','9058248796','1996-02-09','Genderfluid','6191 Little Fleur Way','Alaska Natives','SCARBOROUGH'),(652247078,'Sacha','Edeler','5198654834','1992-08-13','Polygender','67 Kingsford Parkway','Black','OSHAWA'),(652900052,'Martino','McLernon','6479988946','1950-09-15','Bigender','6504 Acker Plaza','Pashtun','SARNIA'),(653871937,'Cristian','Archibould','5193601485','1953-04-16','Male','4199 Old Shore Road','South Asian','MARKHAM'),(654002962,'Cordie','Lesly','9058643181','1939-08-19','Agender','7 Buena Vista Drive','Native Hawaiians','BARRIE'),(654177785,'Chan','Atter','6479992375','1941-06-02','Polygender','260 Waywood Alley','Mexicans','NEWMARKET'),(656127785,'Lindi','Pordal','5194184415','1946-11-23','Genderqueer','72154 Northridge Court','Hispanic and Latino Americans','SARNIA'),(656326731,'Caspar','McCaughen','6479994135','1950-10-31','Non-binary','44825 Goodland Street','Mexicans','NORTH YORK'),(656526398,'Winni','Guyers','9055331384','1949-07-21','Genderqueer','469 Brown Park','Cubans','MILTON'),(656705370,'Berky','Bollins','6479991153','1973-06-29','Polygender','524 Doe Crossing Avenue','Arabs','WINDSOR'),(656775723,'Joanie','Shadfourth','5197173089','1992-09-28','Non-binary','158 Caliangt Road','Mexicans','VAUGHN'),(656987350,'Lorine','Kinrade','6479990324','2000-03-21','Bigender','91 Holmberg Place','Mexicans','TORONTO'),(657251675,'Sonny','Kidby','6479995393','1990-11-22','Bigender','4 Lawn Junction','Inuit','CALEDON'),(657502609,'Terrell','Gounet','9055195600','1988-02-29','Male','96011 Messerschmidt Place','White','LONDON'),(658384984,'Deloria','Baldcock','9057738426','1930-05-24','Polygender','03 Chive Street','Indigenous peoples','LONDON'),(658932849,'Fawne','Fenner','6479994712','1999-04-03','Non-binary','51001 Comanche Parkway','Indigenous peoples','AURORA'),(659098010,'Bogart','Spearman','6479990110','1991-04-07','Non-binary','1 Melrose Road','Inuit','WHITBY'),(659316398,'Nickolaus','Graveney','6479997277','2002-09-19','Female','635 Forest Avenue','Inuit','NORTH YORK'),(659780947,'Valma','Chang','9058876808','1955-11-16','Male','73047 Rutledge Terrace','White','AURORA'),(660248589,'Travis','Corstorphine','9059027875','1948-06-16','Non-binary','13 Burrows Junction','Pacific Islander','MARKHAM'),(660264964,'Burg','Janous','6479999122','1940-07-28','Polygender','134 Johnson Plaza','White','SARNIA'),(661210162,'Tibold','Leftly','6479993750','1965-01-04','Agender','88 Dawn Place','Assyrian','ORANGEVILLE'),(661321310,'Estel','Houliston','6479988650','1989-01-03','Non-binary','497 Lien Pass','Assyrian','TORONTO'),(661627231,'Reina','Tuting','5198608631','1962-01-14','Female','94 Dennis Park','First Nations','OSHAWA'),(661864021,'Clevie','Clowton','6479992818','1952-08-08','Polygender','76 Corry Pass','African Americans','ORANGEVILLE'),(662183095,'Niels','Mackison','9054788464','1941-02-04','Male','5374 Meadow Vale Avenue','African Americans','BARRIE'),(662654218,'Harlan','Hanny','6479989023','1953-04-06','Polygender','77566 Memorial Street','Pashtun','RICHMOND HILL'),(662699695,'Roderic','Stronge','9052888951','1968-02-21','Genderqueer','1347 Buhler Junction','First Nations','PARKDALE'),(662729806,'Tisha','Clewley','9052646302','1962-03-22','Genderfluid','52 Warbler Park','European','WHITBY'),(663089400,'Jobye','Enochsson','6479996240','1932-12-02','Genderqueer','6 Lakewood Road','Black','OAKVILLE'),(663439571,'Lydie','MacCarter','9057897597','1972-12-09','Polygender','3 Jana Hill','Pashtun','NORTH YORK'),(663836993,'Tera','Izzard','9053946080','1942-11-10','Bigender','750 Arkansas Drive','White','ORANGEVILLE'),(664402551,'Silva','O\'Docherty','9056839656','2002-09-11','Female','167 Pennsylvania Road','Pashtun','MILTON'),(664526024,'Ximenes','Josuweit','9058928760','2008-05-20','Non-binary','637 5th Pass','Native Hawaiians','SCARBOROUGH'),(664755712,'Silvanus','Jull','9056752523','1931-02-27','Female','3 Lakewood Gardens Point','Asian','ORANGEVILLE'),(664854068,'Jeremie','Gallety','9057648002','1987-03-21','Polygender','81098 Moland Terrace','Inuit','LONDON'),(665251604,'Olvan','Rainsdon','5194446478','1963-05-12','Genderqueer','48 Miller Court','Metis','MARKHAM'),(665433491,'Rebeca','Spirritt','9059259077','2000-07-08','Genderqueer','68747 Johnson Trail','Assyrian','PARKDALE'),(665499302,'Martino','Byford','6479990528','1951-02-16','Polygender','41 Del Mar Point','African Americans','BRAMPTON'),(665769171,'Karalee','Lombard','5198837730','1968-10-19','Male','5277 Haas Way','Native Hawaiians','NEWMARKET'),(666384072,'Giselbert','Peche','6479998509','1947-09-25','Female','60393 Tennessee Crossing','African Americans','BARRIE'),(666434154,'Zandra','Parkyn','9055165996','1940-03-16','Male','81004 Haas Court','Metis','BARRIE'),(666571607,'Hart','Blabey','6479988214','1949-04-15','Genderqueer','991 Westend Junction','Asian','BURLINGTON'),(666839683,'Marylynne','Hamson','6479987858','1937-12-11','Polygender','222 Dayton Alley','Arabs','AJAX'),(667027529,'Rolland','Clinning','9053592501','1962-02-05','Genderfluid','0596 Gina Road','Native Americans','BURLINGTON'),(667430054,'Rachelle','Sutherden','5193510138','1953-10-05','Non-binary','9 Carey Circle','White','NEWMARKET'),(668077462,'Lyndsay','Sawell','9054033165','1961-08-28','Genderfluid','80 Scott Point','Alaska Natives','BURLINGTON'),(668581346,'Dickie','Stanistreet','9054273656','1972-10-05','Genderfluid','237 Bonner Place','Native Hawaiians','BRAMPTON'),(669369294,'Mae','Cardno','6479994258','1987-01-05','Female','04 Arkansas Alley','Cubans','OAKVILLE'),(669525763,'Ramon','Gunston','9054880982','1956-02-11','Agender','1 Starling Alley','Native Americans','BARRIE'),(670014154,'Stinky','MacColgan','5194599376','1944-02-12','Genderfluid','0723 Summer Ridge Circle','Assyrian','PICKERING'),(670286250,'Bea','Soldan','5199403363','1985-05-26','Non-binary','2 Springs Park','European','LONDON'),(670318701,'Adamo','Sheraton','5197371860','1960-09-27','Male','6591 Bartillon Way','Arabs','WHITBY'),(670366773,'Aggie','Willerson','9056883928','1953-04-29','Female','2367 Graceland Park','Asian','OAKVILLE'),(670727941,'Corenda','Norwell','5199380522','1953-03-15','Polygender','23 Express Point','First Nations','SCARBOROUGH'),(670741534,'Steve','Lockier','9055357238','1992-02-29','Non-binary','71468 Grayhawk Street','Native Americans','VAUGHN'),(671508200,'Constantin','Keats','6479994293','1946-10-26','Female','5 Heffernan Plaza','Black','WHITBY'),(672998781,'Padraic','Mumby','5196610089','1931-12-17','Genderfluid','72238 Bowman Drive','Alaska Natives','OSHAWA'),(673324561,'Emmott','Gerritzen','9055600980','1941-06-27','Polygender','9 Steensland Way','Pashtun','BRAMPTON'),(674732658,'Maggi','Bembrick','9052473210','1946-06-03','Genderfluid','01 Westerfield Circle','European','RICHMOND HILL'),(675398799,'Coop','Grandison','5193822117','1979-12-02','Genderfluid','05565 Vermont Trail','Mexicans','PICKERING'),(676570350,'Selle','Ayars','9058886939','1951-01-26','Agender','7180 Carpenter Terrace','Asian','WHITBY'),(678371500,'Gardiner','Cozens','6479999892','1934-03-24','Female','90 Hoepker Pass','Pashtun','MILTON'),(678536184,'Jess','Perutto','6479999859','1941-06-15','Agender','01281 Waubesa Parkway','Inuit','AURORA'),(678538374,'Calida','Kepe','9052824172','1948-12-06','Bigender','5989 Clarendon Terrace','Inuit','MILTON'),(678648714,'Kalindi','Ridout','9059602363','1989-03-22','Male','1 Morrow Avenue','Black','PARKDALE'),(678883436,'Reuben','Nussii','6479998498','1978-07-14','Genderqueer','964 Mandrake Street','Cubans','BARRIE'),(678931915,'Cristian','Halwill','9056954827','1969-06-27','Male','55 Westend Plaza','Hispanic and Latino Americans','NORTH YORK'),(678975280,'Issiah','Saill','5197273110','1999-04-03','Bigender','1 Redwing Plaza','Native Hawaiians','PARKDALE'),(679624035,'Erasmus','Matskevich','6479993202','1953-05-29','Polygender','236 Hoffman Crossing','Hispanic and Latino Americans','OSHAWA'),(680235579,'Cathee','Vallance','9052447068','2009-02-11','Genderfluid','12 Dovetail Point','African Americans','WINDSOR'),(680714957,'Godart','Wreath','5195290680','1994-06-24','Bigender','3 Main Avenue','First Nations','BARRIE'),(680969919,'Tobye','Tuckwood','9057617338','1983-10-14','Female','7976 Straubel Junction','Indigenous peoples','MILTON'),(680983306,'Chiquia','Royste','9058919112','1989-09-18','Non-binary','30495 Cottonwood Alley','Assyrian','PARKDALE'),(681591518,'Brooks','Trulocke','5195743067','2012-09-12','Agender','52 Anhalt Junction','European','SCARBOROUGH'),(682161848,'Kaye','Pairpoint','6479997424','1973-04-08','Non-binary','15 Bunting Place','African Americans','BARRIE'),(683502593,'Axel','Antonomoli','6479998948','1966-12-07','Bigender','16 Corscot Street','White','AJAX'),(683550957,'Forrester','MacNeill','6479998299','1944-10-19','Agender','5361 Lunder Trail','Black','PICKERING'),(683567665,'Hortensia','Peto','9055074198','1998-03-24','Non-binary','71 Ilene Point','Pashtun','SARNIA'),(683693995,'Gill','Abrahamsohn','5194776824','2012-01-11','Genderqueer','5 Shasta Alley','Native Americans','CALEDON'),(683774232,'Vale','Bulley','5194810697','1969-08-12','Bigender','68553 Laurel Crossing','South Asian','BARRIE'),(684800313,'Dietrich','Burditt','9058587484','2006-06-04','Non-binary','945 Scofield Park','African Americans','WHITBY'),(685348382,'Dulciana','Minards','6479988924','1947-09-01','Male','9 Waxwing Plaza','Pacific Islander','WINDSOR'),(685574792,'Johnny','Plumbridge','6479994948','1942-09-12','Genderqueer','7706 Montana Circle','Inuit','MARKHAM'),(685790106,'Kimmie','Erskine Sandys','9053611079','1978-09-28','Bigender','47 Bellgrove Point','First Nations','LONDON'),(686027473,'Petronille','Agron','5198158725','1964-08-18','Bigender','0176 David Crossing','Assyrian','WINDSOR'),(686185217,'Doll','Thombleson','9053115215','1976-08-07','Polygender','3233 Garrison Plaza','Cubans','NEWMARKET'),(686475235,'Euphemia','Sawford','9052559240','1946-11-06','Agender','09 Novick Plaza','Metis','CALEDON'),(687775539,'Dominga','Hurll','6479991267','1936-05-30','Non-binary','334 Packers Road','Cubans','RICHMOND HILL'),(687862261,'Berta','Lubman','9057969890','1976-12-24','Agender','97 Kedzie Terrace','Pashtun','MISSISSAUGA'),(688144540,'Ursa','Scattergood','5199804038','1944-05-31','Agender','2 Cambridge Trail','Alaska Natives','WHITBY'),(688469856,'Hastings','Darbyshire','9052984847','1930-03-25','Female','9 Clemons Center','Native Americans','BURLINGTON'),(688839658,'Karly','Thebes','9057254570','1948-10-14','Male','57999 Bultman Lane','South Asian','KLEINBURG'),(688924259,'Melony','Dunnan','9052634710','1989-05-21','Polygender','2 Fairfield Hill','European','PICKERING'),(689070631,'Ardath','Swafford','6479995699','1955-09-16','Male','7473 Montana Point','Native Hawaiians','VAUGHN'),(689237716,'Darell','Shuttell','6479989805','2010-02-27','Polygender','3 Homewood Plaza','Assyrian','VAUGHN'),(689325247,'Weylin','Reary','9054053062','1941-10-01','Non-binary','9 Ruskin Parkway','Pacific Islander','KLEINBURG'),(689681130,'Prinz','Lindner','6479994690','1971-12-20','Agender','86 Alpine Junction','Indigenous peoples','ORANGEVILLE'),(689815602,'Annabal','Spennock','6479999565','1978-09-20','Polygender','0251 Old Gate Plaza','Asian','MARKHAM'),(689948182,'Heath','Lisciandri','6479997119','1966-10-08','Genderfluid','658 7th Alley','Pashtun','WHITBY'),(690014082,'Jackson','Rostron','5195522771','1998-08-28','Female','4 Farwell Trail','African Americans','MILTON'),(690830382,'Gabrila','Meacher','5199431051','1963-02-25','Female','04859 Village Green Road','Cubans','SCARBOROUGH'),(691213345,'Erinn','Kalkofer','6479993926','1975-03-28','Female','39450 Waywood Junction','African Americans','VAUGHN'),(691283426,'Kynthia','Howroyd','5194046343','1979-09-11','Polygender','06 Hollow Ridge Court','Pacific Islander','NORTH YORK'),(692138445,'Anett','Redon','9056538501','2007-01-12','Male','641 Northfield Trail','Pacific Islander','OAKVILLE'),(692487650,'Saw','McGunley','5194806879','1995-03-25','Bigender','9 Meadow Ridge Park','Native Hawaiians','SARNIA'),(692520064,'Silvan','Lantoph','6479997969','1938-09-28','Genderqueer','1 Dorton Park','Native Hawaiians','KLEINBURG'),(692526519,'Philbert','Krollmann','5198103863','2004-06-26','Agender','9 Weeping Birch Circle','Pacific Islander','AURORA'),(692706206,'Ashlin','Bloor','9059304262','1955-01-07','Polygender','4 Graedel Pass','Native Hawaiians','CALEDON'),(694191690,'Ambrosio','Dengate','9057044666','1979-02-18','Male','7 Birchwood Place','Pashtun','MARKHAM'),(695176204,'Elisha','Shergill','6479990478','1999-10-06','Polygender','0233 Granby Drive','Mexicans','BURLINGTON'),(695301288,'Merrielle','Caldwall','5199550343','1940-12-29','Polygender','0 Barby Terrace','Alaska Natives','WHITBY'),(695448520,'Liva','Gledstane','5194068111','1977-11-23','Polygender','377 Morningstar Crossing','Mexicans','ORANGEVILLE'),(696570624,'Cullan','Cullingford','5192759227','1976-03-21','Polygender','6 Independence Terrace','African Americans','AURORA'),(697393517,'Nesta','Dursley','6479991247','2002-11-17','Non-binary','86 Everett Avenue','Hispanic and Latino Americans','OAKVILLE'),(697432204,'Sherwin','Bartleet','5199944406','2010-10-19','Agender','74967 Declaration Point','Asian','NORTH YORK'),(697928558,'Jorrie','Dunderdale','9052460671','1976-01-14','Polygender','5383 Meadow Valley Center','Indigenous peoples','RICHMOND HILL'),(699141402,'Jean','Geaveny','9052460247','2005-06-04','Genderfluid','28319 Sachs Way','Native Hawaiians','WINDSOR'),(699606353,'Opaline','Kroch','5193622269','1971-10-28','Female','9542 Mandrake Road','Hispanic and Latino Americans','SCARBOROUGH'),(699640146,'Luelle','Abby','5196729729','2008-03-17','Genderqueer','40699 Kedzie Road','Alaska Natives','AJAX'),(699664469,'Jemmy','Tilt','9058573016','1950-07-13','Non-binary','80 Blackbird Point','Mexicans','CALEDON'),(700868108,'Ashley','Decaze','9053853500','1975-12-20','Genderfluid','67580 Kim Pass','Black','TORONTO'),(703225150,'Perceval','Abramsky','6479990430','1965-09-13','Agender','52457 Kropf Terrace','European','BRAMPTON'),(703714694,'Anthiathia','O\'Henecan','5194019720','1943-05-24','Non-binary','5 Emmet Avenue','Metis','MARKHAM'),(705210308,'Mariel','Collicott','6479995437','1992-11-06','Bigender','281 Washington Place','Native Americans','VAUGHN'),(705407384,'Roseann','Alps','9053764821','1934-02-11','Genderfluid','11526 Bunting Parkway','Indigenous peoples','CALEDON'),(705539735,'Ashil','Hancock','5197870009','1933-04-28','Male','0 Meadow Vale Trail','European','PICKERING'),(705935468,'Mathian','Vaulkhard','5196103406','1971-02-24','Male','258 Vermont Alley','South Asian','WHITBY'),(706226517,'Violette','Twede','5198201884','1979-10-04','Female','66 Tony Trail','Pacific Islander','AJAX'),(706251035,'Teressa','O\' Cloney','6479991150','1966-03-29','Genderfluid','73 Knutson Pass','Hispanic and Latino Americans','MILTON'),(706654055,'Nissa','Libri','5193097528','1956-02-25','Female','98 Pleasure Parkway','EuropeanIndigenous peoples','VAUGHN'),(707438469,'Beau','MacKey','5196754529','1986-07-03','Polygender','66983 Stephen Pass','First Nations','RICHMOND HILL'),(709818885,'Roanna','Barwood','9052736631','1932-02-16','Genderqueer','0382 Miller Avenue','Pashtun','NEWMARKET'),(709910665,'Ethelyn','Saill','9053765876','2004-04-14','Polygender','468 Rutledge Avenue','Pashtun','WHITBY'),(709972470,'Stefanie','Tigner','9057366408','2003-09-06','Male','47 Thierer Parkway','European','BARRIE'),(710556555,'Kaile','Francke','6479995115','2000-06-09','Genderqueer','70 Mitchell Point','Cubans','TORONTO'),(710961206,'Cam','Ingerfield','5196062798','1929-05-12','Male','577 Nevada Circle','Native Americans','MILTON'),(711229745,'Stavro','Dubois','5195036443','2003-01-21','Bigender','7 Granby Parkway','Hispanic and Latino Americans','BRAMPTON'),(711300175,'Gustavo','Kearn','5195620092','2004-06-17','Genderfluid','85533 Lakewood Gardens Court','European','MILTON'),(712718172,'Esra','Graser','5193054375','1983-03-16','Polygender','6780 Birchwood Avenue','Black','RICHMOND HILL'),(713054490,'Neely','Dinis','6479993850','1946-11-06','Agender','7 Kensington Trail','Hispanic and Latino Americans','SCARBOROUGH'),(713071901,'Chevalier','Checklin','5198456398','1950-04-06','Female','26072 Colorado Plaza','Pacific Islander','PARKDALE'),(713703608,'Simona','Dilon','9059555573','1933-04-10','Genderqueer','37 Jenifer Court','Native Hawaiians','SARNIA'),(714152849,'Francoise','Forson','6479994482','1941-01-20','Agender','78 Warner Street','Metis','RICHMOND HILL'),(714990305,'Casi','Spelman','6479991835','1946-04-06','Polygender','71181 Westerfield Road','Native Americans','KLEINBURG'),(715755579,'Jasun','Gull','6479997087','1957-02-07','Agender','964 Carey Crossing','Mexicans','PICKERING'),(715780366,'Beret','Sperling','6479988716','1963-09-11','Agender','97723 Claremont Parkway','Mexicans','OAKVILLE'),(716726459,'Mozes','Cruxton','9058584979','1939-07-24','Genderfluid','78 Kingsford Court','Inuit','SCARBOROUGH'),(716755753,'Hillary','Fairholm','6479998958','2006-03-17','Genderfluid','57100 Carioca Circle','Metis','WINDSOR'),(717015853,'Leslie','Jackling','9054134407','1983-12-16','Bigender','72500 Kipling Park','South Asian','PICKERING'),(717990947,'Brnaby','Van Weedenburg','6479990668','1963-11-08','Male','9435 4th Pass','South Asian','AJAX'),(718019710,'Edeline','Valti','6479996347','1974-04-26','Agender','23 Meadow Vale Junction','European','CALEDON'),(718306667,'Etheline','Ricket','5193608267','1930-03-19','Agender','26966 Summit Pass','Metis','WINDSOR'),(718348690,'Curt','Rosier','6479990664','2007-03-12','Genderfluid','5157 Marcy Way','Native Americans','MILTON'),(718629758,'Jessa','Harflete','9053822840','2000-07-28','Non-binary','7 Delladonna Way','Metis','OAKVILLE'),(720167936,'Jamie','Clemens','9056037343','1987-10-01','Non-binary','8926 Milwaukee Street','Hispanic and Latino Americans','PARKDALE'),(720195037,'Christy','Channing','6479992195','2010-04-04','Genderqueer','497 Division Drive','Black','OSHAWA'),(720604387,'Saul','Merigeau','6479990771','1976-09-18','Bigender','11 Schlimgen Hill','Arabs','AJAX'),(721004573,'Brooke','Sones','6479993327','1951-03-17','Male','462 Hagan Avenue','Indigenous peoples','MARKHAM'),(721456494,'Jaimie','Ornelas','9052524396','1967-12-22','Male','00 Manufacturers Hill','Inuit','BURLINGTON'),(722335907,'Morten','Hortop','6479999204','2012-05-05','Male','003 Heath Park','Alaska Natives','MARKHAM'),(722432958,'Townie','Rodenburgh','6479989572','2012-10-12','Agender','8858 Starling Hill','Pacific Islander','OSHAWA'),(723556566,'Alexander','Louthe','5198407439','1935-01-02','Bigender','5 Comanche Junction','Native Hawaiians','ORANGEVILLE'),(723748801,'Heloise','Jachtym','6479989630','1973-06-03','Female','5 Bunker Hill Drive','Arabs','AURORA'),(724317943,'Imelda','Groome','5196244296','1950-02-19','Genderqueer','59695 Westport Place','South Asian','TORONTO'),(724944534,'Arabela','Elsay','9055051536','1969-01-22','Male','7792 Lukken Point','Pacific Islander','AURORA'),(725214918,'Mari','Caneo','9052375463','1972-06-25','Polygender','99 Arkansas Junction','Alaska Natives','PICKERING'),(726311895,'Chrissie','Iacoviello','5199635654','1957-08-27','Agender','8 Thierer Court','First Nations','BARRIE'),(727296398,'Naoma','Cadreman','9057889542','1959-09-12','Genderfluid','97 Spohn Drive','Mexicans','CALEDON'),(727624486,'Alonso','Learie','6479997329','1949-05-14','Genderqueer','323 Kinsman Hill','Assyrian','MISSISSAUGA'),(727708210,'Evonne','Willshere','6479996882','1999-05-23','Female','61562 West Point','Native Hawaiians','PICKERING'),(729609111,'Berty','Shakesby','9058190915','1950-01-27','Male','2720 Starling Terrace','Cubans','PICKERING'),(729807996,'Bruce','Dunsire','6479989301','1959-03-12','Non-binary','602 Hallows Trail','Native Hawaiians','MILTON'),(730439198,'June','Arsmith','9053410857','1997-05-23','Genderfluid','43579 Heffernan Crossing','Indigenous peoples','PICKERING'),(730571567,'Dael','Kempshall','6479993965','1936-02-20','Male','1 Starling Place','Assyrian','SARNIA'),(731178874,'Morlee','Tracey','9056220929','1946-01-19','Bigender','1504 Shopko Park','African Americans','TORONTO'),(731498545,'Skell','Crich','5193292467','1987-05-02','Female','091 Oak Pass','Inuit','SARNIA'),(731813175,'Chrotoem','Marrison','5195290379','1929-08-24','Non-binary','77172 Shelley Alley','White','BARRIE'),(731932681,'Humberto','Somerscales','9056264799','1973-01-15','Bigender','1 American Ash Junction','Inuit','AJAX'),(732184903,'Gerek','Upwood','6479995163','1976-11-12','Genderfluid','05390 Bartillon Point','Pashtun','MILTON'),(732308671,'Angil','McCaighey','9056120560','1958-08-18','Female','86 Cottonwood Alley','Native Americans','MISSISSAUGA'),(732610821,'Bengt','Jochen','9056757158','1952-04-30','Genderfluid','4024 Moulton Place','Assyrian','AURORA'),(732968067,'Briana','Pontain','5193112916','1946-09-16','Female','02134 Dryden Place','European','SCARBOROUGH'),(732990259,'Derrick','Lockhart','9055012860','1998-06-01','Genderfluid','23800 Meadow Ridge Circle','Inuit','KLEINBURG'),(733473901,'Darelle','Huguet','5194054423','1976-10-04','Genderfluid','7 Marcy Street','Inuit','MISSISSAUGA'),(733507629,'Melinda','Scardifield','9054703328','1940-06-04','Female','4233 Mcguire Crossing','South Asian','SARNIA'),(733768186,'Kermie','Gabits','9059290805','1941-02-14','Bigender','7 Oxford Place','Indigenous peoples','CALEDON'),(733856308,'Nevins','Grishukhin','6479989004','1991-11-26','Male','538 Anhalt Center','White','VAUGHN'),(733968947,'Lydia','Attersoll','9053608797','1942-11-25','Agender','93496 Steensland Place','First Nations','TORONTO'),(734334283,'Katherine','Simmers','9058817065','1951-04-30','Male','867 Fuller Parkway','White','NEWMARKET'),(734592255,'Corina','Gething','9055496011','1986-11-25','Agender','08 Hudson Court','First Nations','MISSISSAUGA'),(735012903,'Hazel','Albasiny','6479990986','1965-08-12','Female','8716 Mifflin Hill','Metis','BRAMPTON'),(735135332,'Netti','Sneath','9052949657','2003-03-02','Female','8411 Fairview Drive','Arabs','RICHMOND HILL'),(735318459,'Monica','Parsonage','6479998842','1982-11-10','Polygender','83461 Gulseth Parkway','South Asian','MISSISSAUGA'),(736328085,'Wandis','MacTrustram','9054482747','2006-05-02','Bigender','5049 Judy Court','Hispanic and Latino Americans','NORTH YORK'),(737189042,'Giorgia','Yushankin','9055135425','1977-07-08','Genderfluid','91 Burrows Street','Hispanic and Latino Americans','NEWMARKET'),(737330658,'Felice','Bleything','9053310623','1955-03-13','Non-binary','9181 Dayton Center','White','SARNIA'),(738258145,'Tommie','Cunnow','6479989066','1957-02-17','Bigender','5 Fieldstone Parkway','Metis','LONDON'),(738280783,'Dolley','Neathway','9056452232','1967-07-01','Bigender','83 Westend Way','Inuit','SARNIA'),(739045828,'Bernice','Orrey','5192766922','1983-07-04','Non-binary','705 Butterfield Alley','Asian','MILTON'),(740235314,'Druci','Helliwell','9057285605','1943-03-22','Genderqueer','04024 American Ash Alley','Native Hawaiians','AJAX'),(741294953,'Karmen','Brooksbank','6479995282','1935-02-08','Bigender','561 Arizona Alley','African Americans','NEWMARKET'),(741885910,'Oliy','Peter','5197646285','1995-12-07','Agender','36 Village Green Parkway','Alaska Natives','OSHAWA'),(741953334,'Hadria','Wigin','9054980544','1996-08-21','Non-binary','322 Bobwhite Trail','Arabs','OSHAWA'),(742067236,'Bird','Collishaw','5194104583','1929-07-29','Agender','40643 Oriole Plaza','First Nations','CALEDON'),(742215974,'Bertrand','Lorrie','5199144463','1961-06-04','Male','8455 Cordelia Point','Asian','NORTH YORK'),(742539183,'Kati','Sedgman','6479998854','1954-09-04','Genderqueer','48675 Schurz Center','Inuit','OAKVILLE'),(743176910,'Jefferson','Schusterl','5194292885','1997-02-11','Male','14972 Ronald Regan Parkway','First Nations','OAKVILLE'),(743245997,'Gran','Warratt','5194831514','1974-09-11','Polygender','0 New Castle Trail','European','PICKERING'),(743688523,'Craggy','Pennock','9059304572','1952-11-03','Genderfluid','2519 Ronald Regan Park','Inuit','MARKHAM'),(743862702,'Christan','Bruty','9052891225','2011-10-15','Genderfluid','4 Norway Maple Place','First Nations','WHITBY'),(743877133,'Edmund','Burchard','5194800777','1941-12-22','Polygender','8212 Coolidge Center','Cubans','AURORA'),(744768851,'Desirae','Juarez','6479990657','1963-03-06','Agender','06 Prairieview Plaza','Indigenous peoples','WINDSOR'),(745242982,'Leontyne','Lorrie','9055354868','1960-04-21','Genderfluid','47716 3rd Lane','Black','OSHAWA'),(745477953,'Charity','Dacre','5193328760','1954-10-11','Genderqueer','36579 Del Mar Junction','African Americans','MARKHAM'),(745784910,'Robbert','Partner','5198960058','1993-08-10','Bigender','8735 Service Junction','Alaska Natives','SARNIA'),(746910307,'Patty','Sacker','9055858539','1970-07-22','Non-binary','638 Forest Run Place','Native Americans','SCARBOROUGH'),(747441672,'Page','Blewett','9056583314','1973-03-18','Male','497 Sheridan Lane','Metis','OSHAWA'),(747884592,'Wadsworth','Kindleysides','9053471889','1965-01-20','Bigender','261 Carberry Alley','South Asian','TORONTO'),(748201895,'Zelda','Josifovitz','9053497180','1945-05-26','Polygender','0 Anzinger Point','Indigenous peoples','BURLINGTON'),(748217786,'Josee','Santori','6479992067','1937-04-10','Male','294 Upham Pass','Pashtun','AJAX'),(748241430,'Shanan','Krojn','5199686152','1940-02-21','Female','2468 Coolidge Drive','European','SARNIA'),(748425534,'Heddie','Benn','6479994754','1967-07-01','Female','703 Esch Court','White','AJAX'),(748821584,'Matty','Georg','9056720511','1981-06-18','Polygender','686 4th Street','Hispanic and Latino Americans','TORONTO'),(750133829,'Julieta','Lucius','5194394350','1953-05-25','Male','68 Hovde Pass','Cubans','RICHMOND HILL'),(750282019,'Wilmar','Yakubowicz','5196481908','1943-05-06','Genderfluid','99 Nobel Drive','Native Hawaiians','WINDSOR'),(750394119,'Nari','Elby','6479994967','1947-12-25','Agender','264 Bellgrove Avenue','Inuit','BRAMPTON'),(750404617,'Rora','Pawellek','9052661728','1943-09-05','Bigender','17 Starling Street','Pashtun','WINDSOR'),(750879693,'Shelli','Creffield','5194862879','1993-03-02','Non-binary','4034 Little Fleur Terrace','Inuit','BARRIE'),(751917159,'Jonie','Doberer','9052631862','1951-06-07','Genderfluid','47 Grim Pass','Pashtun','MISSISSAUGA'),(753035541,'Corrine','Joret','9057470705','1969-08-28','Male','443 Hauk Pass','European','WINDSOR'),(753454469,'Antoni','Melendez','6479988372','1992-11-01','Male','5431 Del Sol Junction','Indigenous peoples','CALEDON'),(753489528,'Tallulah','Toomey','6479992315','1960-06-10','Non-binary','44179 Gale Lane','Native Hawaiians','CALEDON'),(754353850,'Adore','Peevor','9053954076','1957-08-13','Non-binary','24285 Arrowood Road','Arabs','TORONTO'),(754387974,'Alethea','Scarff','6479997669','1957-04-14','Polygender','047 Lake View Parkway','Cubans','NEWMARKET'),(755027377,'Tressa','Dmisek','6479994898','1963-05-09','Female','81769 Meadow Valley Road','Hispanic and Latino Americans','BRAMPTON'),(755122901,'Hammad','Jurick','6479997568','1956-11-29','Female','9149 Atwood Crossing','Assyrian','VAUGHN'),(755171265,'Ode','Jenk','6479997767','1959-10-23','Polygender','5458 Dapin Crossing','Metis','NEWMARKET'),(755241815,'Garwood','Zanre','9057805257','1964-10-27','Bigender','85383 Stephen Street','Native Americans','BURLINGTON'),(755432632,'Shelba','Ebrall','6479996902','1994-05-05','Bigender','43845 Utah Parkway','African Americans','MILTON'),(755726646,'Sonny','Colls','6479995608','2002-07-19','Agender','09 Cardinal Street','Pacific Islander','RICHMOND HILL'),(756363640,'Helen','Crayke','6479998664','1948-09-30','Genderqueer','2955 Buell Terrace','Arabs','NEWMARKET'),(756409705,'Almeria','Scardifield','9054298412','1941-05-23','Bigender','368 Commercial Hill','Cubans','SCARBOROUGH'),(756429233,'Adamo','Mahood','6479992486','1984-08-09','Male','97 Mcguire Park','Cubans','VAUGHN'),(757022812,'Abdel','Gosnay','6479988558','1980-03-15','Agender','3951 Macpherson Street','African Americans','ORANGEVILLE'),(757029395,'Mona','Chowne','6479989106','1992-02-14','Polygender','1213 Union Parkway','African Americans','MILTON'),(758079313,'Clarinda','Rubert','9057773613','1938-09-02','Genderqueer','3 Harper Trail','African Americans','BARRIE'),(758253488,'Marlena','Tollmache','6479991485','1937-06-22','Female','60 Bay Park','White','OSHAWA'),(758710486,'Dixie','Bendik','5197206885','1960-07-09','Genderfluid','34 Becker Way','Arabs','SARNIA'),(759398976,'Madelaine','Scrange','6479995951','1956-11-09','Genderfluid','252 Rowland Court','Native Hawaiians','AURORA'),(760094267,'Amby','Suff','6479993631','1945-08-05','Genderqueer','5757 Holy Cross Junction','Black','BURLINGTON'),(760117004,'Aileen','Maccree','9054271223','2004-08-21','Genderfluid','77836 Welch Trail','Alaska Natives','RICHMOND HILL'),(761368306,'Angelia','Julyan','6479994949','1974-10-04','Genderqueer','266 Ridgeview Park','First Nations','BURLINGTON'),(761782153,'Vasily','Ixer','6479997381','1967-09-21','Non-binary','01583 Dunning Street','Pacific Islander','KLEINBURG'),(761789490,'Hattie','Naire','9053763084','2011-01-07','Genderfluid','9 School Street','Mexicans','BURLINGTON'),(762396139,'Thadeus','Harbord','5197590124','1995-06-30','Polygender','1274 Blue Bill Park Pass','Indigenous peoples','WHITBY'),(763175877,'Dietrich','O\'Gormley','9053359227','1953-11-19','Female','29933 Oak Valley Parkway','Pacific Islander','NEWMARKET'),(763185365,'Pryce','Shower','9055463810','2006-11-04','Genderfluid','3400 Hauk Place','Mexicans','MILTON'),(764353413,'Elden','McNeilley','9057379954','1969-04-25','Female','02565 Caliangt Way','Cubans','NORTH YORK'),(764563212,'Odelia','Noades','6479996399','1956-04-05','Bigender','3 West Court','Cubans','SCARBOROUGH'),(764884645,'Sullivan','Idwal Evans','5194217777','1993-08-17','Genderqueer','5 Stoughton Lane','Asian','PARKDALE'),(765472579,'Bard','Bengall','6479998800','1953-12-15','Male','99936 Eagle Crest Road','Mexicans','CALEDON'),(766173446,'Merrilee','Normanville','5199803634','1998-04-08','Female','97 Commercial Alley','Native Hawaiians','AURORA'),(766330529,'Ame','Duerden','9053292316','1941-08-13','Genderfluid','44456 Melvin Center','African Americans','CALEDON'),(766508280,'Sylas','Ruggen','6479998597','1939-03-31','Agender','01 Hanover Point','African Americans','PICKERING'),(766856984,'Patric','Wigin','5193763331','1993-02-18','Genderfluid','91 Hovde Place','Metis','MILTON'),(767288392,'Erv','Faley','6479989288','1974-01-16','Genderfluid','6037 Ilene Trail','Assyrian','SCARBOROUGH'),(768607571,'Hagan','Flamank','6479987968','2005-04-01','Non-binary','06317 Warbler Junction','Pashtun','SARNIA'),(768830967,'Dorene','Blacker','9055391796','1937-06-13','Polygender','4 Hoepker Crossing','First Nations','WINDSOR'),(768905971,'Clemens','Anetts','9056972053','1968-02-20','Non-binary','1 3rd Parkway','Black','MISSISSAUGA'),(769110714,'Addia','Risdall','9056522014','1945-09-05','Agender','4 Shopko Plaza','Metis','SCARBOROUGH'),(769660629,'Teriann','Marchenko','6479992663','1984-02-22','Genderqueer','86 Badeau Drive','Pacific Islander','SARNIA'),(769768276,'Wells','Hesser','6479997031','1981-12-08','Genderqueer','9 Gina Park','African Americans','TORONTO'),(770984021,'Ruttger','Garrals','9052827554','1936-01-10','Genderqueer','31974 Texas Alley','European','RICHMOND HILL'),(771286495,'Ignazio','Eby','6479992783','2004-06-06','Polygender','94947 Corben Pass','Pashtun','KLEINBURG'),(772359989,'Gaye','Hillitt','9059426692','1994-03-26','Genderqueer','9 Oakridge Avenue','Alaska Natives','AURORA'),(772495746,'Brenden','Finden','6479993146','1996-11-30','Non-binary','84 Anderson Point','Hispanic and Latino Americans','BURLINGTON'),(773693876,'Pattie','Apedaile','9052714810','1950-06-11','Non-binary','8 Crowley Terrace','White','ORANGEVILLE'),(773837656,'Roderic','McDiarmid','9055619539','1967-10-10','Female','09160 Rusk Trail','Native Hawaiians','KLEINBURG'),(773989445,'Lemar','O\'Haire','6479999004','1938-09-07','Polygender','90789 Emmet Circle','EuropeanIndigenous peoples','MILTON'),(774148732,'Raina','Beining','9057070896','1962-05-06','Bigender','8432 Gateway Way','Indigenous peoples','RICHMOND HILL'),(774881813,'Worden','Whitford','9057629817','1976-06-26','Non-binary','2605 Doe Crossing Trail','Indigenous peoples','NORTH YORK'),(775562551,'Alta','Linggard','9057169511','1934-10-10','Bigender','411 Gina Plaza','Pacific Islander','OSHAWA'),(775756400,'Wyn','Birds','6479993313','1929-05-20','Female','741 Oak Lane','Metis','WINDSOR'),(776371804,'Felecia','Taunton.','9056496391','1934-01-11','Agender','86636 Westport Park','First Nations','PICKERING'),(777247796,'Don','Cavolini','6479997548','2005-10-31','Bigender','00 Coolidge Hill','South Asian','MISSISSAUGA'),(777433061,'Cate','Budibent','6479994366','1946-09-14','Genderqueer','74 Brickson Park Junction','Alaska Natives','PICKERING'),(778043957,'Alana','Fairley','6479996277','1955-03-06','Agender','0515 Valley Edge Way','Hispanic and Latino Americans','OSHAWA'),(778349066,'Aile','Wonham','5194825638','1966-06-02','Bigender','711 Dryden Drive','Pashtun','MISSISSAUGA'),(778612654,'Marybelle','Melior','9057234012','1963-10-07','Male','64289 Gulseth Place','Mexicans','TORONTO'),(779000150,'Chicky','Jandel','6479998684','2011-01-11','Bigender','22026 Meadow Vale Avenue','Mexicans','RICHMOND HILL'),(779273808,'Elana','Gammack','5196009935','2005-09-12','Polygender','953 Browning Plaza','Mexicans','MARKHAM'),(779901208,'Roth','Mocker','6479989631','1953-07-08','Non-binary','34821 Dayton Point','Mexicans','WHITBY'),(780036786,'Oliver','Griswood','9056767259','1962-03-11','Polygender','13728 Trailsway Parkway','Native Americans','LONDON'),(782467598,'Gabriela','Sherwin','6479992516','1959-06-07','Bigender','05789 Upham Trail','Metis','CALEDON'),(782955357,'Pet','Brazenor','6479998378','2000-06-23','Genderqueer','42 Mendota Trail','Pacific Islander','SCARBOROUGH'),(783882569,'Ilyse','McTrusty','6479988534','1941-06-03','Bigender','01507 Pearson Crossing','South Asian','AJAX'),(783973422,'Juanita','Gillio','9054497289','2010-08-14','Male','7 Mccormick Terrace','European','SCARBOROUGH'),(784541678,'Teddy','Halfpenny','5198745233','1994-01-12','Genderqueer','199 Roth Parkway','Black','VAUGHN'),(784594760,'Marsh','Snaden','5197240421','1992-12-09','Male','0 Pierstorff Street','Arabs','BRAMPTON'),(785144009,'Irita','Di Nisco','5195614908','1992-10-16','Genderfluid','9 Cherokee Pass','Mexicans','ORANGEVILLE'),(785417332,'Jo','Pauly','6479994519','2003-10-21','Male','3446 Clarendon Parkway','Pacific Islander','LONDON'),(786676327,'Dale','Penritt','6479996631','1997-04-22','Genderqueer','78204 Buhler Point','Assyrian','BRAMPTON'),(787039151,'Vitia','Tewkesbury.','9055776256','1978-01-07','Non-binary','3 Hermina Park','Assyrian','VAUGHN'),(787299291,'Morgen','Waple','9053056085','1978-01-20','Non-binary','92 Ridge Oak Road','Hispanic and Latino Americans','MISSISSAUGA'),(787720840,'Zara','Trevna','5193089728','1933-02-26','Non-binary','21078 Oak Court','EuropeanIndigenous peoples','MILTON'),(787892523,'Lilas','Dillet','5194502729','1964-08-16','Agender','604 Nova Avenue','South Asian','MARKHAM'),(789679008,'Annie','Atchly','9058654075','2010-08-15','Male','566 Graceland Pass','Black','BRAMPTON'),(790870012,'Yetty','Bremmell','6479988464','1941-07-13','Genderqueer','70463 Fieldstone Plaza','Arabs','TORONTO'),(791799673,'Ora','Gorcke','5194732332','1960-12-23','Bigender','87 Manley Place','Hispanic and Latino Americans','CALEDON'),(792224278,'Cara','Hyslop','5198496676','1994-07-05','Genderfluid','755 Moulton Parkway','Cubans','ORANGEVILLE'),(792570311,'Isidro','Toxell','5196877790','1962-11-02','Agender','5 Claremont Junction','European','MARKHAM'),(792906160,'Holden','Greatbanks','9054496983','1982-04-13','Bigender','903 Loeprich Drive','Pashtun','VAUGHN'),(792917963,'Hamnet','Simonel','9059679809','1938-11-13','Female','831 Summer Ridge Center','Pacific Islander','BURLINGTON'),(793535701,'Ambrosius','Rainforth','5199195411','1981-07-09','Genderfluid','27065 Portage Place','African Americans','MISSISSAUGA'),(793807160,'Tommie','Bendig','6479991139','1933-07-23','Genderfluid','605 Onsgard Drive','Pashtun','PICKERING'),(793840346,'Erasmus','Clerc','6479995200','1932-08-19','Non-binary','7602 Victoria Parkway','African Americans','WHITBY'),(794984724,'Jo','Goodswen','6479997089','1965-06-28','Male','8 Warbler Point','Indigenous peoples','WHITBY'),(795759598,'Clea','Pietrzyk','6479992738','2006-04-12','Male','600 Chinook Lane','Pashtun','WINDSOR'),(796328836,'Cherice','Maseyk','6479999058','1992-06-03','Agender','01425 Pawling Trail','Mexicans','RICHMOND HILL'),(796459006,'Harper','Sutcliff','5195653555','1981-08-27','Agender','295 Del Sol Lane','Alaska Natives','WINDSOR'),(797057953,'Letti','Di Iorio','5193827287','1954-02-16','Polygender','3 Loftsgordon Point','Assyrian','PICKERING'),(797156707,'Tanya','Hebard','6479991430','1950-08-18','Genderfluid','68390 Merrick Drive','Mexicans','RICHMOND HILL'),(797311127,'Lauren','Larkins','9054578343','1965-04-01','Agender','4 1st Trail','Mexicans','SARNIA'),(799300715,'Marja','Berni','9056281906','1973-11-16','Non-binary','71608 Comanche Way','Mexicans','SARNIA'),(800221423,'Hyacinthia','Chittim','9054908800','1964-01-04','Polygender','618 Texas Terrace','South Asian','BARRIE'),(800321739,'Rafaelia','MacDonagh','6479993866','1992-01-23','Female','427 Chinook Crossing','Asian','SARNIA'),(800486935,'Christophorus','Averill','9057250493','1934-07-13','Bigender','4420 Stoughton Road','Pacific Islander','TORONTO'),(801213931,'Aline','Beddingham','5192933422','2006-02-10','Genderfluid','6590 Washington Junction','Cubans','OSHAWA'),(802064636,'Curr','Turvey','9058436986','1957-11-29','Genderqueer','605 Novick Pass','Metis','BRAMPTON'),(802547424,'Addie','Chetham','6479999138','1930-04-16','Male','6660 Prairie Rose Junction','Pacific Islander','BARRIE'),(802729417,'Feodor','Sperry','6479990478','1944-07-18','Non-binary','33372 Armistice Road','Alaska Natives','SCARBOROUGH'),(803170592,'Jacquie','Connock','6479998941','1978-04-27','Agender','1744 Oriole Crossing','White','SARNIA'),(804280046,'Averell','Rosekilly','6479990784','1961-03-19','Genderfluid','57530 Florence Point','Asian','OSHAWA'),(804848633,'Archibaldo','Thomasset','5195794297','1969-11-12','Polygender','3 Ryan Drive','Cubans','MISSISSAUGA'),(805072615,'Giffie','Stillert','6479990436','1966-08-23','Genderqueer','31042 Schiller Court','South Asian','PARKDALE'),(805511049,'Luis','Leetham','5193868986','1993-05-19','Bigender','58 Drewry Road','Inuit','PARKDALE'),(805941353,'Darline','Jimenez','6479988124','1991-07-30','Genderqueer','4 Veith Drive','Inuit','BRAMPTON'),(807241250,'Biddy','Baldacco','6479994716','1932-03-30','Polygender','7251 Manley Center','Indigenous peoples','BRAMPTON'),(807656503,'Tybalt','Batty','6479994766','1969-01-13','Polygender','26 Butterfield Trail','Assyrian','MARKHAM'),(807939701,'Felita','Nayshe','6479995524','1951-02-20','Bigender','1834 Mayer Pass','Indigenous peoples','NEWMARKET'),(808486486,'Kimble','Fatharly','6479993137','1944-08-20','Bigender','527 Waubesa Park','Indigenous peoples','MISSISSAUGA'),(808888198,'Kelli','Sherme','6479988404','1936-05-11','Male','2 Emmet Parkway','Assyrian','RICHMOND HILL'),(809306219,'Rey','Skippings','9054922698','1951-02-04','Genderfluid','85 Sutherland Way','White','BARRIE'),(810816168,'Amalita','Woodbridge','9059997763','2007-02-21','Genderqueer','92630 Sloan Pass','Cubans','NORTH YORK'),(810862099,'Jarret','Bartol','5199941706','1957-01-28','Genderfluid','3 Menomonie Place','Native Americans','ORANGEVILLE'),(811575563,'Hannie','Robker','9059280813','1938-07-03','Genderfluid','86403 Miller Place','Native Hawaiians','MILTON'),(811980370,'Terrell','Eckhard','5196367266','2000-12-14','Bigender','16422 Anthes Court','African Americans','ORANGEVILLE'),(812310360,'Bjorn','Clausen','6479993951','1995-03-22','Agender','4 Jenna Hill','Asian','WINDSOR'),(812434784,'Maryanna','Houndesome','5194071800','1939-03-24','Female','44 Norway Maple Circle','Inuit','PARKDALE'),(812448441,'Teddy','Vowles','5199712212','1983-07-30','Polygender','37667 Maywood Street','African Americans','AJAX'),(813022337,'Dyane','Rohan','9055058123','1999-08-24','Genderqueer','134 Alpine Alley','South Asian','RICHMOND HILL'),(813213662,'Onfre','Marcam','5196527083','1948-10-20','Male','3727 Independence Street','South Asian','PARKDALE'),(813581799,'Audi','Hargate','5195792033','1939-05-10','Male','2 Sunnyside Point','Native Americans','MARKHAM'),(813919188,'Kacy','Dinley','5194266696','1969-07-04','Non-binary','120 Forest Run Center','Mexicans','BURLINGTON'),(814004839,'Raquel','Quan','6479995412','1997-12-31','Female','98 Hoepker Avenue','Metis','RICHMOND HILL'),(814594299,'Godiva','Rides','9054648395','1949-04-04','Non-binary','160 Bay Hill','Black','NEWMARKET'),(815061832,'Terra','Whitewood','9055522777','2003-07-29','Agender','4 Heffernan Plaza','Hispanic and Latino Americans','CALEDON'),(815063166,'Althea','Cranmer','6479990576','1995-09-08','Genderqueer','77419 Erie Avenue','White','VAUGHN'),(815548927,'Jan','Banger','5199994902','2011-10-03','Bigender','92544 Bunker Hill Parkway','Cubans','SCARBOROUGH'),(815685728,'Correy','Matushenko','6479997402','1958-01-24','Polygender','5146 Garrison Plaza','Native Hawaiians','OSHAWA'),(815994463,'Marinna','Foxwell','9055446878','1979-11-04','Non-binary','06 Blue Bill Park Point','First Nations','KLEINBURG'),(816046144,'Frazier','Jouanot','5196491078','1989-06-25','Non-binary','5 Wayridge Hill','Alaska Natives','WHITBY'),(816257584,'Darell','Cornelissen','9052636515','1968-11-24','Agender','980 Del Mar Junction','Pacific Islander','MARKHAM'),(816395083,'Justinn','Jorden','6479996676','2012-02-20','Genderfluid','17771 Oneill Terrace','Cubans','TORONTO'),(816561263,'Abigael','Candelin','9056431786','1994-02-25','Agender','93 Stone Corner Road','First Nations','VAUGHN'),(816820426,'Padgett','Godfrey','5199597899','1958-12-14','Female','219 Dahle Drive','Native Americans','TORONTO'),(817815813,'Maighdiln','Iacoviello','9056625326','2000-04-14','Agender','36060 Crowley Junction','Pashtun','AURORA'),(819161146,'Tansy','Gilderoy','6479988218','1949-11-02','Female','32107 Northwestern Trail','Inuit','PARKDALE'),(819277873,'Clarissa','Brisson','6479987984','1963-09-13','Genderqueer','9969 Butterfield Avenue','Cubans','LONDON'),(819397969,'Phelia','Caunce','6479998967','1965-11-22','Genderqueer','08940 Pond Alley','Pacific Islander','PARKDALE'),(819777036,'Elsbeth','Postans','9056462992','1951-07-11','Polygender','327 Jana Avenue','South Asian','VAUGHN'),(819841907,'Wilma','Stein','6479999435','1986-05-22','Agender','80 Armistice Avenue','Native Hawaiians','KLEINBURG'),(819868364,'Maryanne','Tills','9056375341','1950-11-10','Polygender','739 Morningstar Trail','African Americans','CALEDON'),(820728106,'Bethany','Waplington','9058042935','1956-01-15','Non-binary','037 Thackeray Trail','Cubans','ORANGEVILLE'),(820826411,'Monti','Bruinsma','6479993434','1983-04-22','Genderqueer','6 Novick Place','First Nations','SARNIA'),(821257804,'Teddie','Gerhts','6479995102','1949-09-04','Male','7 Twin Pines Junction','Cubans','LONDON'),(821907812,'Ruth','Kliner','6479990337','1970-05-01','Genderqueer','18 Express Avenue','Asian','PICKERING'),(822327771,'Cyndie','Corhard','9054442564','1935-10-28','Polygender','337 Lakewood Point','Pashtun','PICKERING'),(822527498,'Garrard','Sturgeon','9057144020','1982-09-02','Non-binary','2 Maryland Crossing','South Asian','KLEINBURG'),(822751832,'Davita','Girardin','6479992805','1953-01-12','Agender','4615 Marquette Hill','Cubans','ORANGEVILLE'),(823272126,'Shannon','Saint','9058597320','1963-03-29','Genderqueer','29010 Buell Place','Native Americans','BURLINGTON'),(823369041,'Magdalene','Merrywether','9054546761','1936-10-23','Non-binary','120 Mcbride Alley','South Asian','MARKHAM'),(823733832,'Christos','Link','6479999373','2003-08-06','Genderfluid','83059 Lakewood Avenue','First Nations','OAKVILLE'),(824074655,'Thain','Edgcumbe','6479999847','1929-12-30','Female','8441 Maywood Center','Metis','VAUGHN'),(824408445,'Margo','Ennew','5195779177','1948-05-01','Agender','9 Acker Hill','Alaska Natives','WHITBY'),(825642404,'Norma','Wedmore','9056056161','2004-04-04','Genderqueer','3 Sherman Court','Assyrian','MISSISSAUGA'),(825873644,'Carr','Philot','6479991147','1963-08-03','Agender','12 Dahle Trail','African Americans','RICHMOND HILL'),(826944731,'Ardene','Yegorshin','9055760898','1978-08-26','Male','45 Elmside Terrace','Pashtun','CALEDON'),(827070246,'Edyth','Menicomb','5192862454','1957-10-02','Genderfluid','63 Garrison Court','EuropeanIndigenous peoples','MISSISSAUGA'),(827438612,'Deb','Stringman','9052647314','1935-10-26','Female','60 Dexter Court','Pacific Islander','NORTH YORK'),(827796879,'Base','Emig','5199550506','1971-11-22','Genderqueer','89903 Hooker Street','Assyrian','PICKERING'),(828844737,'Delcina','Shackel','6479994435','1975-06-24','Genderqueer','416 Reindahl Point','Black','MARKHAM'),(829204718,'Mureil','Grzegorecki','9058341955','1983-02-22','Genderqueer','352 Golf Parkway','Pashtun','TORONTO'),(829514490,'Agretha','Seath','6479992480','1983-04-10','Genderqueer','3523 Jackson Point','Inuit','SCARBOROUGH'),(829569491,'Hedvig','Gallier','5199515741','1946-02-22','Female','87 Roth Court','White','BURLINGTON'),(830318938,'Garnette','Wrightham','6479994128','1979-02-15','Polygender','5 Oriole Road','Mexicans','MISSISSAUGA'),(830849068,'Ambrosio','Merill','9054103957','1987-01-17','Polygender','988 Hallows Terrace','European','BRAMPTON'),(832000029,'Emili','Pietzker','9053026771','1948-07-24','Female','63 Buhler Park','Asian','BARRIE'),(832740758,'Alfons','Haliday','9057988958','1943-04-29','Agender','82748 Hoepker Court','Native Hawaiians','VAUGHN'),(833286335,'Flossi','Cram','9054634136','1959-04-01','Female','3 Commercial Terrace','Native Hawaiians','BARRIE'),(833532166,'Asia','Lloyd-Williams','6479989406','2004-05-02','Genderqueer','3 Maywood Circle','South Asian','WHITBY'),(833852622,'Curr','Struther','9056368767','2007-01-25','Polygender','0820 Portage Crossing','European','OAKVILLE'),(833935709,'Andria','Dellenbrok','9053374155','1967-02-27','Male','15 Westport Parkway','Mexicans','LONDON'),(835815523,'Symon','Meacher','9054049162','2001-03-18','Genderfluid','3254 Anderson Trail','African Americans','NORTH YORK'),(836430069,'Finn','Fownes','6479988479','1981-04-26','Bigender','8100 Clyde Gallagher Plaza','Cubans','WINDSOR'),(836759998,'Louie','Cohan','6479995510','1932-12-20','Genderfluid','8 South Park','Arabs','OSHAWA'),(837219547,'Lorry','Whaymand','9052600691','1966-05-14','Genderfluid','479 Village Green Park','First Nations','WINDSOR'),(838107350,'Ermin','Goggen','9053154779','2006-10-19','Genderqueer','422 Union Trail','Asian','LONDON'),(838311518,'Glyn','Coniff','9059503959','1972-06-10','Bigender','928 Daystar Trail','Indigenous peoples','BURLINGTON'),(838359171,'Chip','Grigorkin','5193258423','1970-02-23','Agender','726 Spenser Lane','First Nations','OAKVILLE'),(840002223,'Gram','Magill','9057249473','1999-09-26','Agender','8 Hoard Drive','Asian','KLEINBURG'),(840149331,'Melicent','Bavridge','6479996877','1945-06-18','Female','20908 Mallory Place','Native Americans','PICKERING'),(840454258,'Antonio','Spurden','9056365462','2012-11-05','Bigender','59 Commercial Place','Pashtun','OAKVILLE'),(840848206,'Alaric','Ellams','6479998941','1949-12-18','Female','9 Elgar Terrace','First Nations','CALEDON'),(841754087,'Wendie','Ingall','9059876642','1990-09-16','Non-binary','08752 Toban Plaza','South Asian','PARKDALE'),(842456178,'Mehetabel','Featherstone','9053729149','1954-09-13','Genderqueer','384 School Park','Hispanic and Latino Americans','MARKHAM'),(842855378,'Dun','Schnieder','6479993458','1981-12-31','Bigender','79 Ruskin Street','Assyrian','WINDSOR'),(843207618,'Auberta','Eburne','6479988205','1929-09-10','Polygender','943 Norway Maple Drive','Native Americans','SCARBOROUGH'),(843685871,'Rogerio','Courtliff','5198233350','1991-07-07','Genderfluid','86 Alpine Park','Native Americans','BARRIE'),(843875438,'Merilyn','Castells','6479996715','1998-11-30','Bigender','4 Tomscot Lane','Asian','CALEDON'),(844682296,'Terrence','Yeabsley','6479987980','1950-10-13','Non-binary','157 Florence Junction','European','SCARBOROUGH'),(844948540,'Englebert','de Merida','9056738217','1987-07-04','Non-binary','79 Cottonwood Park','European','OSHAWA'),(845422871,'Cesya','Brokenshaw','5192800714','1944-12-08','Genderqueer','9720 Esch Plaza','First Nations','RICHMOND HILL'),(847115233,'Egon','Scrane','6479996527','1988-09-14','Non-binary','6 Huxley Road','South Asian','BURLINGTON'),(848422387,'Klarika','Presshaugh','9058352732','1932-09-10','Male','0 Green Street','Assyrian','CALEDON'),(848860168,'Earlie','Taft','9057159224','1988-10-16','Female','2253 Hagan Road','South Asian','SARNIA'),(849895855,'Charyl','Terram','9053906755','1993-01-17','Genderfluid','276 Lawn Drive','Indigenous peoples','MARKHAM'),(850096901,'Kirby','O\'Dunniom','6479990242','2001-07-15','Polygender','53857 Service Crossing','African Americans','AJAX'),(850263714,'Joli','Jasiak','6479993750','1929-08-05','Polygender','313 Cody Pass','White','MARKHAM'),(850841286,'Mose','Renish','5198847979','1977-08-15','Polygender','9 Memorial Junction','European','WINDSOR'),(850957018,'Hilary','Steabler','6479994917','1999-05-28','Genderqueer','23095 Towne Court','Cubans','KLEINBURG'),(851433310,'Bartholomew','Cranch','9059508572','1933-07-27','Agender','77 Fuller Trail','Hispanic and Latino Americans','MARKHAM'),(851920248,'Levy','Pond-Jones','5195466934','1971-12-15','Genderqueer','34555 Kenwood Plaza','African Americans','ORANGEVILLE'),(852040439,'Durand','Sogg','6479999797','1954-10-19','Bigender','3248 Hauk Circle','Alaska Natives','MISSISSAUGA'),(852816815,'Margarethe','Delepine','9055477046','1991-05-07','Agender','92 Caliangt Street','White','MARKHAM'),(852972317,'Della','Dowsing','5198644246','1999-02-07','Bigender','63 Spenser Drive','Inuit','AURORA'),(854132051,'Barbabra','Firpi','6479988893','1940-01-06','Bigender','4 Southridge Plaza','Black','PARKDALE'),(854154841,'Lisha','Lilian','6479998679','1958-05-18','Polygender','802 Hanover Crossing','Pacific Islander','LONDON'),(855580264,'Mace','Stollenbeck','5197907235','1934-06-01','Male','97 Nova Court','Inuit','RICHMOND HILL'),(856902828,'Johnnie','Bacup','6479999596','1929-07-18','Male','92931 Upham Drive','Indigenous peoples','BURLINGTON'),(857785849,'Sonia','Sholem','6479992685','1971-09-09','Bigender','15863 Lukken Circle','Native Hawaiians','TORONTO'),(857862940,'Abbot','Lampert','9059647512','2004-12-10','Agender','7084 Briar Crest Drive','Black','KLEINBURG'),(858148882,'Buffy','Dametti','9055840374','1998-03-03','Male','25771 Sunbrook Avenue','Pashtun','TORONTO'),(858410587,'Harlene','Creasey','5193040414','1996-09-16','Genderqueer','942 Prentice Plaza','Assyrian','AURORA'),(858771098,'Julie','Firebrace','5199158454','2004-12-16','Genderqueer','99 Novick Lane','Cubans','NEWMARKET'),(858875790,'Muhammad','Ragbourne','5193402175','1937-11-27','Bigender','25932 Roth Court','Metis','TORONTO'),(859099953,'Charleen','Reasun','9056442579','1992-02-28','Genderfluid','06 Nobel Plaza','African Americans','SCARBOROUGH'),(859123058,'Micah','Jochanany','5195145198','1950-04-11','Genderqueer','093 Donald Avenue','Alaska Natives','BURLINGTON'),(859426620,'Bogey','O\'Carran','9056465191','1998-02-11','Agender','9542 Scoville Junction','Pacific Islander','NEWMARKET'),(860339112,'Jennica','Oene','5194454446','2002-06-10','Agender','4961 Surrey Point','European','AJAX'),(862572805,'Eustace','Billington','6479988560','1930-09-13','Male','88506 7th Trail','Cubans','NORTH YORK'),(863043531,'Keriann','Tiery','6479991142','1930-03-18','Non-binary','28 Northview Lane','Cubans','MISSISSAUGA'),(863576453,'Odelinda','Hattersley','9054693653','1969-02-14','Genderqueer','26819 Lakeland Drive','First Nations','AURORA'),(863690033,'Ginnifer','Gonsalo','6479990099','1977-04-30','Bigender','31699 Mayer Circle','Mexicans','MILTON'),(863923991,'Shanon','Jillitt','6479991476','1999-11-27','Male','15203 Luster Center','South Asian','MILTON'),(864601969,'Witty','Sinkin','6479998051','1942-02-20','Genderqueer','79462 Elka Way','European','TORONTO'),(865245931,'Yasmin','Chew','6479998754','1951-03-04','Male','2 Victoria Place','Asian','WHITBY'),(865899959,'Gayelord','Alty','6479999097','1940-02-15','Polygender','05280 Hanover Street','South Asian','WHITBY'),(865963754,'Hana','Barby','9053111214','1980-07-04','Polygender','97 Northwestern Drive','Mexicans','SCARBOROUGH'),(866138454,'Corena','Tremain','6479996554','2000-07-17','Bigender','33694 Schiller Alley','Hispanic and Latino Americans','MILTON'),(866217237,'Debera','Pracy','5199709725','1977-04-03','Male','8 Judy Alley','Arabs','VAUGHN'),(866669295,'Abagail','Bampton','6479996612','1939-08-01','Male','7564 Corben Parkway','Native Americans','RICHMOND HILL'),(866740652,'Maryrose','Trustrie','6479998058','1986-10-12','Male','01651 Myrtle Trail','Indigenous peoples','LONDON'),(867547476,'Alicia','Janodet','6479995605','1937-02-08','Non-binary','2 Killdeer Terrace','Cubans','PICKERING'),(867654674,'Mattie','Sherville','6479989819','2002-04-30','Polygender','9 Dottie Parkway','Mexicans','ORANGEVILLE'),(867914300,'Latrena','Lechmere','5193457073','1993-02-20','Male','5 Spaight Way','Pashtun','OSHAWA'),(867944604,'Datha','Griggs','5198112698','1995-06-10','Female','62916 Tennessee Hill','Pacific Islander','PARKDALE'),(868131598,'Roderich','Brahan','5199279131','1982-02-14','Female','9 Acker Court','Inuit','AURORA'),(868387205,'Shae','Kevane','6479996334','1961-02-21','Female','7492 Clyde Gallagher Plaza','Native Americans','BRAMPTON'),(869123704,'Kaspar','Kench','6479991035','1946-11-03','Genderfluid','72 Mendota Trail','Cubans','RICHMOND HILL'),(870553552,'Ailey','Biever','6479988060','1983-08-13','Polygender','147 Algoma Circle','Arabs','RICHMOND HILL'),(872044176,'Olive','Cleator','9055023758','1978-01-31','Female','73 Portage Park','Indigenous peoples','WINDSOR'),(873228423,'Sharon','Rapa','9054398520','1982-10-15','Male','5 Dovetail Way','Native Americans','SARNIA'),(873535569,'Britney','Fusedale','5193697254','1998-10-19','Bigender','344 Lakeland Junction','Cubans','CALEDON'),(873972953,'Lew','Sarginson','9054088761','1959-12-01','Non-binary','9982 International Road','Black','PARKDALE'),(873990938,'Piggy','Crapper','5196685545','1957-06-11','Non-binary','23574 Kipling Terrace','Black','TORONTO'),(874405518,'Dedie','Janes','5194125168','1987-08-31','Female','85 Loomis Point','Asian','TORONTO'),(876486741,'Raffarty','Avrasin','5199887629','1999-06-06','Genderfluid','3 Village Green Parkway','South Asian','SARNIA'),(877342333,'Cobby','Kermon','9053629952','1967-06-28','Agender','63 Del Mar Place','South Asian','NORTH YORK'),(878228897,'Patricio','Alderton','9052705968','1975-09-09','Genderqueer','51 Linden Lane','Cubans','BRAMPTON'),(878781854,'Mildred','Sandars','9058202108','1957-04-04','Non-binary','5 Gulseth Park','Assyrian','VAUGHN'),(878931344,'Coralie','Heinicke','5193114033','1950-03-16','Agender','14 Mccormick Plaza','Arabs','RICHMOND HILL'),(878964914,'Pauli','Wolvey','9056607857','2001-02-18','Bigender','3436 Spaight Trail','African Americans','KLEINBURG'),(879102109,'Libbie','Tolomio','6479995073','1964-03-04','Male','68934 Northland Plaza','Black','LONDON'),(880099900,'Kassandra','Minors','9055993882','1933-06-08','Polygender','941 Algoma Center','Alaska Natives','BARRIE'),(880361281,'Ches','MacLure','9056553222','2002-12-23','Non-binary','8161 Grayhawk Circle','South Asian','BURLINGTON'),(881039994,'Andie','Burbudge','9054416521','1972-07-15','Polygender','7735 Pearson Road','Mexicans','TORONTO'),(881587608,'Abbye','Gallard','6479997411','1937-10-05','Genderfluid','81 Johnson Point','European','KLEINBURG'),(881688044,'Elayne','Poon','6479990835','1943-08-14','Genderqueer','90055 Lakeland Way','Metis','OAKVILLE'),(882181799,'Fedora','Cranmere','5198876016','1965-10-04','Male','37461 Bunker Hill Terrace','Hispanic and Latino Americans','ORANGEVILLE'),(882695702,'Sebastien','Harrington','9053413092','1974-07-09','Bigender','2995 1st Center','Assyrian','NORTH YORK'),(882781364,'Gregoire','Cheales','9059454526','1936-04-14','Female','46 Scott Parkway','Pashtun','MISSISSAUGA'),(883191173,'Rudolf','Bratley','6479996703','1948-11-14','Agender','263 Arapahoe Circle','Native Americans','PICKERING'),(883635201,'Ike','Laurant','9058623217','2002-09-20','Polygender','42613 Jenna Point','Asian','WHITBY'),(883667461,'Steven','Paszek','9053020303','2001-09-26','Genderfluid','39 Jackson Alley','South Asian','AURORA'),(883789759,'Garrett','Mochan','9059755096','1953-05-06','Polygender','57 Bowman Court','Cubans','MARKHAM'),(884868237,'Lonnard','Renfree','5197886138','1973-11-16','Male','1823 Eliot Alley','Arabs','TORONTO'),(884969567,'Lyndell','Snassell','5193051413','1973-05-09','Genderqueer','7 Center Lane','Alaska Natives','CALEDON'),(885504543,'Ax','Vasenin','9056651078','1948-03-25','Bigender','08 Harbort Park','Assyrian','NEWMARKET'),(885520943,'Fifine','Klimkov','6479995672','1954-10-08','Polygender','5 Paget Pass','Cubans','LONDON'),(885675881,'Cullin','Traise','5198754140','1933-03-01','Female','5358 Golf Junction','Assyrian','AJAX'),(886064092,'Diane-marie','Marsters','6479998487','1943-09-20','Polygender','511 Waywood Trail','Assyrian','PICKERING'),(886348303,'Ad','Farfull','9053454650','1964-07-07','Agender','95957 Leroy Drive','Pashtun','BRAMPTON'),(886624464,'Cathlene','Pendergrast','5193641455','1977-08-19','Non-binary','995 Swallow Point','Assyrian','ORANGEVILLE'),(886671111,'Ced','Cowlard','6479991446','2001-12-24','Agender','52 Bartelt Trail','Inuit','KLEINBURG'),(887815143,'Perrine','Weiser','6479988692','2001-10-12','Genderfluid','0027 Truax Trail','Native Americans','ORANGEVILLE'),(888410500,'Deanna','Jouannisson','6479990662','1957-01-10','Female','554 Stephen Alley','Black','OAKVILLE'),(888519056,'Hildagarde','Brandacci','9058409294','1993-10-22','Female','06827 Sheridan Alley','Metis','BRAMPTON'),(888792968,'Spense','Peagrim','9059168842','1930-10-29','Genderqueer','62 John Wall Hill','South Asian','VAUGHN'),(888820314,'Jehu','Jesson','6479997660','1966-10-30','Female','449 Dexter Drive','Pacific Islander','AJAX'),(888914266,'Violante','Stirland','9059537720','1946-09-19','Genderqueer','6 Goodland Hill','White','LONDON'),(888953408,'Nicholle','Glenister','9058376349','1965-05-06','Genderqueer','796 Lillian Lane','Hispanic and Latino Americans','AJAX'),(889126637,'Dona','Kelbie','5196696018','1929-03-09','Genderfluid','86 Fairfield Court','Inuit','BURLINGTON'),(891951577,'Monte','Henken','5197712577','2012-11-18','Female','70 Nevada Drive','Native Hawaiians','WHITBY'),(892084976,'Cecil','Dundendale','6479995982','1931-04-28','Polygender','6 Ryan Park','Native Hawaiians','MISSISSAUGA'),(892424782,'Antonino','Stayt','5193223489','1956-10-29','Female','82 Service Street','South Asian','OSHAWA'),(892921554,'Binny','Wilkowski','6479990763','1995-10-31','Genderqueer','87494 Arkansas Point','Hispanic and Latino Americans','NEWMARKET'),(893487259,'Letti','Rhodef','6479995296','1983-05-18','Genderfluid','7440 Karstens Plaza','Hispanic and Latino Americans','CALEDON'),(893628515,'Karyn','Barthelemy','9055338297','1961-04-26','Bigender','6 4th Drive','Inuit','BRAMPTON'),(894641857,'Anallise','Crowth','9057512872','1948-11-19','Bigender','01 Monument Drive','Black','MISSISSAUGA'),(896331509,'Stevena','Kees','9059600978','1940-06-06','Non-binary','0045 Crest Line Circle','Asian','LONDON'),(896466646,'Rafe','Sallery','9052766708','1964-01-16','Male','387 Kipling Trail','Metis','PARKDALE'),(896960811,'Dasie','Pigden','5194450820','1935-02-13','Agender','9 Delaware Center','Asian','AURORA'),(897125855,'Bentley','Coleiro','6479997257','1971-03-28','Polygender','6 Becker Center','Asian','PICKERING');
/*!40000 ALTER TABLE `people` ENABLE KEYS */;
UNLOCK TABLES;

--
-- Table structure for table `report`
--

DROP TABLE IF EXISTS `report`;
/*!40101 SET @saved_cs_client     = @@character_set_client */;
/*!50503 SET character_set_client = utf8mb4 */;
CREATE TABLE `report` (
  `caseID` int NOT NULL,
  `date` date NOT NULL,
  `arrivalTime` time NOT NULL,
  `timeOnScene` int NOT NULL,
  `officerSocialInsuranceNumber` int NOT NULL,
  `city` varchar(50) NOT NULL,
  PRIMARY KEY (`caseID`),
  UNIQUE KEY `caseID_UNIQUE` (`caseID`),
  KEY `cityy_idx` (`city`),
  KEY `officerSocialInsuranceNumberr_idx` (`officerSocialInsuranceNumber`),
  KEY `caseID` (`caseID`),
  CONSTRAINT `cityy` FOREIGN KEY (`city`) REFERENCES `area` (`city`),
  CONSTRAINT `officerSocialInsuranceNumberr` FOREIGN KEY (`officerSocialInsuranceNumber`) REFERENCES `officer` (`officerSocialInsuranceNumber`)
) ENGINE=InnoDB DEFAULT CHARSET=utf8mb4 COLLATE=utf8mb4_0900_ai_ci;
/*!40101 SET character_set_client = @saved_cs_client */;

--
-- Dumping data for table `report`
--

LOCK TABLES `report` WRITE;
/*!40000 ALTER TABLE `report` DISABLE KEYS */;
INSERT INTO `report` VALUES (20394,'2012-08-09','15:44:11',267,370746977,'BARRIE'),(20408,'2017-06-09','04:26:32',304,399181188,'PARKDALE'),(20416,'2012-05-22','10:38:01',379,735012903,'SARNIA'),(20440,'2013-04-12','22:53:29',219,889126637,'AURORA'),(20495,'2017-01-08','16:41:19',545,440900211,'OSHAWA'),(20548,'2006-09-29','01:25:56',369,678371500,'WINDSOR'),(20554,'2012-09-16','20:10:56',268,337266752,'MILTON'),(20599,'2014-01-23','01:16:56',317,437232463,'BRAMPTON'),(20665,'2017-10-31','06:03:49',63,662654218,'BURLINGTON'),(20765,'2017-08-04','11:59:07',362,538347515,'BURLINGTON'),(20813,'2017-02-21','21:44:57',269,401638655,'WHITBY'),(20817,'2019-04-29','13:28:29',569,439248696,'WINDSOR'),(20878,'2013-02-27','16:01:02',570,519478084,'LONDON'),(20963,'2017-12-13','13:21:29',289,618234805,'SCARBOROUGH'),(21038,'2012-06-07','21:29:22',254,443994653,'BARRIE'),(21074,'2021-09-28','09:15:49',125,456345645,'VAUGHN'),(21088,'2014-06-01','10:30:52',274,326923207,'WINDSOR'),(21098,'2019-05-30','12:25:31',326,598049421,'NEWMARKET'),(21156,'2021-01-06','18:47:56',567,450697805,'LONDON'),(21170,'2019-06-27','09:54:19',30,471579755,'MILTON'),(21216,'2018-04-11','14:27:06',562,343933084,'TORONTO'),(21285,'2016-05-11','14:48:25',53,530157809,'BRAMPTON'),(21326,'2008-07-23','03:50:03',598,366610476,'TORONTO'),(21357,'2013-01-13','12:19:22',534,430561757,'AJAX'),(21381,'2009-11-25','05:05:08',185,530184671,'PARKDALE'),(21382,'2018-07-21','11:53:27',234,341624401,'RICHMOND HILL'),(21475,'2009-09-12','03:41:24',197,858875790,'WINDSOR'),(21529,'2020-05-26','19:23:07',102,437969511,'PICKERING'),(21538,'2014-03-09','22:56:00',216,528804133,'LONDON'),(21557,'2015-05-03','17:52:58',71,678538374,'NEWMARKET'),(21575,'2020-12-17','08:04:03',515,628006683,'SCARBOROUGH'),(21666,'2009-03-23','09:10:43',33,390266168,'OSHAWA'),(21681,'2020-03-31','00:29:17',132,755726646,'PARKDALE'),(21682,'2006-10-08','10:44:26',266,501362938,'ORANGEVILLE'),(21719,'2018-02-24','23:57:21',474,386464555,'ORANGEVILLE'),(21736,'2011-07-29','13:14:54',123,408698183,'SARNIA'),(21762,'2008-12-05','06:48:34',380,415736575,'AURORA'),(21829,'2009-07-21','13:26:35',580,653871937,'MISSISSAUGA'),(21912,'2006-07-16','18:59:15',243,519478084,'LONDON'),(22007,'2015-12-22','21:39:24',412,589817246,'KLEINBURG'),(22101,'2011-09-20','16:08:28',546,528449720,'WHITBY'),(22135,'2021-03-10','20:16:49',316,783973422,'CALEDON'),(22262,'2015-12-20','00:43:46',63,352834829,'WHITBY'),(22410,'2015-02-07','15:52:15',504,741294953,'SARNIA'),(22548,'2009-11-16','07:29:28',554,783973422,'WHITBY'),(22616,'2021-01-13','16:04:22',119,585434675,'WINDSOR'),(22685,'2020-01-25','22:53:43',505,554583510,'RICHMOND HILL'),(22740,'2006-05-17','09:16:43',198,367669545,'SARNIA'),(22745,'2013-06-24','19:28:34',537,825642404,'AURORA'),(22829,'2008-06-27','16:15:30',556,843207618,'TORONTO'),(23023,'2007-08-17','07:45:31',380,421954665,'SARNIA'),(23045,'2007-02-22','01:19:27',137,645811205,'ORANGEVILLE'),(23169,'2010-05-28','09:50:50',238,516961334,'BURLINGTON'),(23177,'2016-11-19','09:36:58',185,547859103,'NEWMARKET'),(23222,'2007-05-16','11:09:32',452,554583510,'CALEDON'),(23237,'2014-07-27','16:24:25',192,627999109,'NORTH YORK'),(23294,'2019-04-10','03:55:17',305,405728006,'NEWMARKET'),(23408,'2017-11-24','07:35:12',392,370987328,'OSHAWA'),(23477,'2019-12-04','22:51:25',589,638319060,'PARKDALE'),(23583,'2010-01-07','15:11:50',357,524257415,'VAUGHN'),(23660,'2006-07-11','14:42:27',515,534748322,'ORANGEVILLE'),(23718,'2019-07-31','03:03:32',297,483128742,'SCARBOROUGH'),(23820,'2016-06-03','10:13:14',252,483128742,'CALEDON'),(23824,'2015-12-15','13:49:38',433,653871937,'RICHMOND HILL'),(23917,'2013-03-10','07:41:44',244,860339112,'AURORA'),(23982,'2019-04-04','14:39:47',330,883635201,'VAUGHN'),(24038,'2013-05-10','15:01:58',339,328214753,'OAKVILLE'),(24120,'2010-06-13','01:31:40',556,618234805,'RICHMOND HILL'),(24146,'2008-03-12','01:10:14',450,377460327,'NEWMARKET'),(24163,'2010-07-18','14:13:24',324,660248589,'RICHMOND HILL'),(24208,'2007-04-26','16:57:32',46,538347515,'BRAMPTON'),(24275,'2008-11-23','11:58:21',345,394574691,'BURLINGTON'),(24333,'2007-08-13','02:43:06',580,884969567,'KLEINBURG'),(24421,'2009-05-31','20:57:19',395,371235307,'WHITBY'),(24426,'2017-01-16','19:15:27',27,699606353,'NEWMARKET'),(24607,'2018-02-02','02:27:08',132,357282590,'BARRIE'),(24660,'2016-12-28','05:50:55',151,830318938,'NEWMARKET'),(24795,'2006-04-04','01:11:28',473,499876022,'MILTON'),(24841,'2013-06-24','14:29:37',67,689237716,'AJAX'),(24907,'2011-11-21','19:31:08',208,546449494,'TORONTO'),(24958,'2006-12-31','13:35:42',269,421954665,'SARNIA'),(24959,'2014-03-28','09:51:24',98,530157809,'SARNIA'),(24997,'2009-12-25','08:01:20',381,625475868,'AJAX'),(25044,'2010-06-07','16:03:28',242,589817246,'RICHMOND HILL'),(25055,'2021-01-25','18:39:02',517,402980232,'BURLINGTON'),(25059,'2008-02-22','22:29:46',442,430561757,'RICHMOND HILL'),(25091,'2007-03-03','00:12:09',177,528804133,'LONDON'),(25093,'2013-09-06','09:31:23',572,659316398,'VAUGHN'),(25169,'2009-12-05','10:54:55',275,585105511,'WINDSOR'),(25379,'2019-08-08','23:17:59',493,585434675,'KLEINBURG'),(25388,'2017-08-24','02:27:55',183,573764483,'BRAMPTON'),(25427,'2006-11-14','06:55:57',138,665769171,'AJAX'),(25468,'2014-05-06','23:17:01',535,632604130,'SCARBOROUGH'),(25527,'2017-06-10','22:26:25',300,569531822,'MILTON'),(25540,'2008-11-07','17:01:34',114,886348303,'MILTON'),(25679,'2021-07-18','23:14:24',46,740235314,'WINDSOR'),(25681,'2020-01-18','06:24:47',70,645811205,'RICHMOND HILL'),(25712,'2019-11-21','10:34:25',541,645811205,'AJAX'),(25773,'2010-07-20','18:13:18',303,830318938,'RICHMOND HILL'),(25900,'2014-03-28','18:12:26',474,514873028,'MISSISSAUGA'),(25945,'2009-04-02','13:52:06',400,436034617,'WINDSOR'),(25989,'2018-12-10','03:42:48',195,575806629,'AJAX'),(26031,'2018-02-24','02:16:57',417,859426620,'AURORA'),(26116,'2020-09-08','13:26:54',56,570444075,'NEWMARKET'),(26264,'2015-05-15','02:36:49',92,579447638,'CALEDON'),(26324,'2012-07-18','02:04:10',275,386464555,'NORTH YORK'),(26390,'2021-07-15','01:34:04',151,386464555,'OAKVILLE'),(26423,'2010-11-15','02:02:52',359,508735127,'ORANGEVILLE'),(26428,'2021-08-17','23:47:07',311,659316398,'BURLINGTON'),(26495,'2009-06-30','07:37:45',554,462210063,'RICHMOND HILL'),(26497,'2011-04-05','02:36:01',223,370746977,'WINDSOR'),(26648,'2014-09-16','05:36:45',51,645811205,'NEWMARKET'),(26719,'2012-11-29','20:03:18',90,493598423,'OSHAWA'),(26852,'2018-02-14','11:13:36',66,783882569,'SARNIA'),(26877,'2012-07-05','05:02:06',68,370987328,'ORANGEVILLE'),(27099,'2010-07-24','04:36:36',220,343933084,'TORONTO'),(27160,'2008-06-15','21:17:06',582,427295009,'PARKDALE'),(27317,'2009-12-29','14:56:52',256,858875790,'MARKHAM'),(27376,'2015-04-15','03:17:41',185,665433491,'BURLINGTON'),(27399,'2017-12-26','08:47:19',371,408698183,'WHITBY'),(27474,'2011-06-11','20:12:20',398,760094267,'SARNIA'),(27543,'2021-01-19','11:55:08',196,405728006,'WINDSOR'),(27544,'2020-11-18','22:56:24',518,528449720,'NORTH YORK'),(27781,'2020-02-16','08:51:12',581,596000845,'NORTH YORK'),(27864,'2014-01-31','21:34:04',233,517592976,'LONDON'),(27918,'2008-07-04','03:15:47',117,658932849,'WHITBY'),(27927,'2020-10-14','02:12:15',43,873535569,'SCARBOROUGH'),(27975,'2020-08-17','06:53:29',342,567946034,'NEWMARKET'),(28003,'2018-03-10','02:44:25',101,743176910,'KLEINBURG'),(28004,'2014-01-17','15:07:15',344,371235307,'TORONTO'),(28028,'2010-08-04','07:41:48',514,421954665,'TORONTO'),(28030,'2017-04-10','08:42:06',213,498861904,'NEWMARKET'),(28107,'2007-02-18','09:53:56',48,530184671,'OAKVILLE'),(28129,'2011-10-14','06:44:38',342,501362938,'NORTH YORK'),(28158,'2008-09-13','02:05:45',254,337266752,'WHITBY'),(28196,'2012-04-20','06:08:07',469,859426620,'WINDSOR'),(28205,'2017-04-01','18:47:35',409,493598423,'OAKVILLE'),(28245,'2011-05-13','14:49:54',478,735012903,'CALEDON'),(28288,'2013-05-30','07:54:13',209,741294953,'WHITBY'),(28427,'2008-12-28','18:03:27',562,514873028,'TORONTO'),(28485,'2020-09-03','13:40:19',109,825642404,'LONDON'),(28517,'2017-05-27','23:07:22',202,651950090,'MARKHAM'),(28615,'2013-06-12','05:51:56',88,689948182,'OSHAWA'),(28659,'2018-01-01','01:27:45',459,553626824,'BRAMPTON'),(28690,'2006-11-06','19:28:04',269,513977587,'SCARBOROUGH'),(28692,'2015-09-24','07:41:16',300,367669545,'LONDON'),(28731,'2009-09-07','11:05:39',291,427295009,'MILTON'),(28734,'2006-04-24','05:21:21',25,780036786,'VAUGHN'),(28743,'2020-11-21','15:11:33',504,352834829,'OSHAWA'),(28798,'2020-03-29','07:04:42',112,379264145,'WINDSOR'),(28858,'2019-02-10','22:17:20',207,676570350,'CALEDON'),(28945,'2014-06-30','16:04:59',562,686027473,'MISSISSAUGA'),(28949,'2011-05-29','12:47:01',89,569531822,'WHITBY'),(29013,'2015-09-13','12:34:55',160,328214753,'LONDON'),(29145,'2019-05-26','19:58:45',420,390817670,'WINDSOR'),(29173,'2009-10-03','13:44:48',214,513977587,'RICHMOND HILL'),(29312,'2009-04-08','14:52:59',99,456848298,'OAKVILLE'),(29319,'2021-10-30','13:33:05',140,367669545,'BURLINGTON'),(29349,'2008-07-23','14:02:54',462,710961206,'SARNIA'),(29479,'2006-07-25','01:51:09',132,735012903,'KLEINBURG'),(29484,'2008-06-07','23:55:51',184,755726646,'CALEDON'),(29562,'2014-12-17','02:41:45',411,808888198,'VAUGHN'),(29611,'2010-10-21','19:33:51',146,596000845,'SCARBOROUGH'),(29688,'2018-06-05','22:31:49',211,686027473,'LONDON'),(29771,'2007-12-16','14:23:21',203,843875438,'RICHMOND HILL'),(29804,'2015-08-31','00:53:44',501,743176910,'OAKVILLE'),(29851,'2012-10-13','15:48:17',65,688839658,'MARKHAM'),(29883,'2016-04-01','11:37:20',562,802729417,'AJAX'),(29938,'2014-07-26','20:03:00',110,517410254,'PICKERING'),(29939,'2010-01-07','03:14:45',593,343933084,'PICKERING'),(29992,'2020-04-25','17:19:05',378,586309450,'TORONTO'),(30187,'2006-06-24','21:56:32',453,486124408,'BURLINGTON'),(30324,'2015-04-12','02:04:20',512,451278062,'AURORA'),(30350,'2015-03-31','19:18:55',388,450697805,'PARKDALE'),(30492,'2011-08-30','21:49:57',37,370987328,'MARKHAM'),(30516,'2008-04-08','20:38:56',349,586309450,'OSHAWA'),(30551,'2021-09-13','10:54:46',520,783973422,'MARKHAM'),(30701,'2010-06-06','11:33:55',395,632604130,'SCARBOROUGH'),(30793,'2010-02-17','04:09:18',460,601562304,'LONDON'),(30804,'2011-05-04','20:05:25',473,873535569,'WHITBY'),(30856,'2017-12-13','14:53:35',333,579447638,'SCARBOROUGH'),(31056,'2018-06-13','20:51:56',74,650233856,'SARNIA'),(31084,'2019-11-12','12:00:00',177,844682296,'SCARBOROUGH'),(31086,'2006-05-10','09:50:43',221,844682296,'NORTH YORK'),(31167,'2016-11-24','17:44:48',467,455050645,'WINDSOR'),(31222,'2020-11-20','13:44:04',559,364565643,'AURORA'),(31381,'2020-06-02','18:08:24',189,513874169,'TORONTO'),(31439,'2020-06-30','01:40:30',363,462210063,'TORONTO'),(31477,'2007-02-04','01:01:49',142,377460327,'OSHAWA'),(31480,'2008-08-03','09:33:09',474,501362938,'MARKHAM'),(31575,'2021-01-01','23:08:37',239,589432490,'CALEDON'),(31589,'2021-05-01','00:28:51',203,703714694,'BURLINGTON'),(31601,'2017-07-04','18:17:03',307,889126637,'ORANGEVILLE'),(31649,'2020-11-09','15:35:45',277,356821895,'PARKDALE'),(31654,'2006-04-30','11:46:41',334,501270801,'AURORA'),(31672,'2008-11-22','21:24:57',457,379387614,'SARNIA'),(31673,'2011-01-17','19:19:25',49,399218880,'TORONTO'),(31724,'2015-01-16','14:01:57',567,516961334,'VAUGHN'),(31873,'2011-03-06','05:58:29',34,589549268,'TORONTO'),(31987,'2020-08-16','20:29:35',130,431470778,'LONDON'),(32028,'2018-06-01','02:07:22',353,827070246,'PICKERING'),(32112,'2009-04-20','07:28:56',482,884969567,'SCARBOROUGH'),(32181,'2007-08-10','03:36:29',198,753035541,'SCARBOROUGH'),(32222,'2016-08-24','08:30:51',367,530726522,'WINDSOR'),(32301,'2007-08-25','10:33:55',471,550543903,'AJAX'),(32357,'2014-09-21','14:46:52',254,882695702,'AJAX'),(32429,'2016-04-28','16:20:08',30,741294953,'CALEDON'),(32604,'2008-12-12','05:34:53',211,825873644,'MILTON'),(32647,'2015-01-17','06:13:19',56,399181188,'TORONTO'),(32696,'2020-04-24','01:38:44',413,844682296,'AJAX'),(32851,'2014-01-09','02:57:22',264,328095255,'SCARBOROUGH'),(32859,'2015-09-18','02:01:08',511,379387614,'AJAX'),(32879,'2012-03-28','05:18:03',382,560494271,'ORANGEVILLE'),(32917,'2016-04-15','13:20:36',162,780036786,'MISSISSAUGA'),(32975,'2012-08-20','06:32:25',240,507354350,'NORTH YORK'),(32982,'2007-09-05','21:40:19',140,493598423,'SCARBOROUGH'),(33022,'2016-06-04','04:12:29',319,422559112,'TORONTO'),(33040,'2020-06-23','19:35:51',36,827070246,'WINDSOR'),(33098,'2007-03-15','09:46:37',228,706654055,'BURLINGTON'),(33280,'2006-11-11','18:19:02',489,350761179,'VAUGHN'),(33316,'2016-08-31','05:01:52',55,825873644,'TORONTO'),(33351,'2013-05-01','05:08:20',30,450697805,'SCARBOROUGH'),(33460,'2011-05-09','04:21:20',236,864601969,'SARNIA'),(33470,'2019-06-28','17:33:22',144,466886054,'CALEDON'),(33505,'2021-04-26','02:11:57',303,435208694,'WINDSOR'),(33550,'2020-12-01','02:52:16',316,491964457,'OSHAWA'),(33580,'2011-03-18','20:27:06',83,517585068,'WINDSOR'),(33651,'2013-02-13','18:59:57',40,356190816,'CALEDON'),(33683,'2009-02-08','00:50:41',595,401271769,'NORTH YORK'),(33942,'2006-06-29','05:25:11',235,507974798,'ORANGEVILLE'),(33974,'2006-03-31','19:29:37',157,688839658,'AURORA'),(34093,'2013-09-11','05:00:53',358,430561757,'BURLINGTON'),(34281,'2016-05-31','21:44:00',243,491639191,'WINDSOR'),(34525,'2010-06-15','17:30:39',315,775562551,'NORTH YORK'),(34692,'2014-08-11','07:39:13',381,422559112,'WINDSOR'),(34714,'2018-04-24','18:58:24',112,451278062,'BURLINGTON'),(34739,'2007-03-21','05:17:38',30,462210063,'NORTH YORK'),(34748,'2020-02-19','00:04:26',527,513874169,'VAUGHN'),(34860,'2019-03-11','15:31:03',255,399218880,'VAUGHN'),(34939,'2018-07-23','06:13:35',488,524257415,'CALEDON'),(34942,'2012-02-09','23:26:32',578,574603888,'ORANGEVILLE'),(34949,'2017-05-15','03:40:00',39,518176986,'VAUGHN'),(35051,'2016-02-04','20:12:03',337,567946034,'KLEINBURG'),(35062,'2018-07-27','05:32:24',171,859099953,'RICHMOND HILL'),(35114,'2015-07-07','20:25:43',281,507974798,'NEWMARKET'),(35170,'2015-07-07','16:55:38',310,878931344,'MISSISSAUGA'),(35193,'2021-06-26','10:00:06',498,573764483,'OAKVILLE'),(35229,'2021-07-19','00:15:09',268,628006683,'BURLINGTON'),(35269,'2016-10-22','11:13:53',424,680969919,'BURLINGTON'),(35294,'2008-04-17','10:37:17',282,793807160,'AURORA'),(35321,'2010-10-08','04:13:02',448,658932849,'BRAMPTON'),(35336,'2018-08-16','07:00:33',539,560400879,'LONDON'),(35355,'2021-02-15','18:40:24',444,812310360,'OAKVILLE'),(35381,'2006-04-04','11:09:57',408,843875438,'NEWMARKET'),(35403,'2016-11-03','05:25:09',177,618234805,'WINDSOR'),(35410,'2007-05-17','08:13:45',134,439639676,'BARRIE'),(35452,'2017-07-12','23:20:27',599,872044176,'LONDON'),(35460,'2012-03-08','20:42:28',28,859426620,'VAUGHN'),(35557,'2016-09-28','11:19:27',473,780036786,'KLEINBURG'),(35610,'2018-07-19','17:58:27',571,575806629,'NEWMARKET'),(35667,'2021-08-28','21:09:36',373,678371500,'PICKERING'),(35701,'2019-11-08','11:32:05',497,569531822,'NEWMARKET'),(35766,'2015-01-13','12:45:11',412,396764087,'WHITBY'),(35780,'2019-10-08','08:05:32',19,878931344,'AJAX'),(35955,'2012-08-02','17:08:09',141,538347515,'BURLINGTON'),(35967,'2020-10-21','04:55:40',451,416876463,'WINDSOR'),(36015,'2010-03-05','10:07:29',524,355238043,'PARKDALE'),(36198,'2021-04-09','05:31:37',530,337266752,'SARNIA'),(36500,'2020-05-22','04:25:25',312,650233856,'AURORA'),(36514,'2011-08-23','08:44:32',308,414505438,'AJAX'),(36601,'2019-03-26','15:40:14',284,554723445,'BURLINGTON'),(36650,'2019-12-05','20:57:03',239,531966335,'CALEDON'),(36763,'2006-12-06','21:59:24',228,547740336,'VAUGHN'),(36799,'2016-02-10','19:48:21',234,689237716,'SCARBOROUGH'),(36848,'2017-06-26','19:16:01',66,644752393,'SCARBOROUGH'),(36887,'2020-09-10','13:15:05',71,729807996,'NEWMARKET'),(36906,'2016-10-15','00:40:58',206,456848298,'VAUGHN'),(36943,'2006-12-12','11:15:15',162,755726646,'AURORA'),(36952,'2010-01-31','14:42:17',514,396764087,'MISSISSAUGA'),(37045,'2018-12-07','23:25:42',569,567946034,'LONDON'),(37126,'2016-01-21','13:11:57',574,827796879,'NEWMARKET'),(37129,'2007-12-03','00:38:47',561,470061419,'CALEDON'),(37134,'2016-10-22','16:08:09',392,399181188,'OAKVILLE'),(37177,'2020-03-16','17:43:22',412,632604130,'BARRIE'),(37268,'2016-07-27','18:02:08',341,825873644,'BRAMPTON'),(37487,'2020-09-10','03:09:06',446,517592976,'PICKERING'),(37488,'2013-10-18','04:09:43',102,661210162,'KLEINBURG'),(37502,'2011-07-31','22:14:50',106,328214753,'CALEDON'),(37504,'2011-04-14','07:23:50',512,810862099,'VAUGHN'),(37515,'2009-02-13','03:59:20',360,753035541,'ORANGEVILLE'),(37522,'2008-11-24','01:34:51',357,350761179,'WINDSOR'),(37557,'2018-04-11','22:17:33',369,779000150,'KLEINBURG'),(37563,'2021-02-23','12:30:42',367,516961334,'VAUGHN'),(37580,'2011-10-20','08:11:34',517,350761179,'RICHMOND HILL'),(37602,'2010-03-14','01:57:17',229,421954665,'LONDON'),(37629,'2013-04-13','11:39:58',24,519478084,'OAKVILLE'),(37664,'2015-07-08','13:09:59',186,392691851,'CALEDON'),(37771,'2021-10-12','14:55:51',271,840454258,'AJAX'),(37788,'2016-09-02','16:38:49',336,644752393,'BRAMPTON'),(37804,'2012-03-29','21:13:47',393,488542009,'VAUGHN'),(37820,'2019-04-02','16:25:21',347,514873028,'WHITBY'),(37953,'2010-07-23','23:27:06',84,689237716,'TORONTO'),(37960,'2013-02-04','21:41:24',59,493598423,'BARRIE'),(37989,'2020-07-23','04:55:45',415,545596965,'NEWMARKET'),(38067,'2019-08-11','12:06:17',471,379371696,'PARKDALE'),(38128,'2007-10-04','02:26:21',186,743176910,'BARRIE'),(38258,'2020-09-13','07:14:00',231,405728006,'MILTON'),(38324,'2012-12-25','17:17:39',500,385796716,'KLEINBURG'),(38475,'2012-08-04','00:43:28',21,638319060,'MILTON'),(38617,'2018-09-23','09:54:50',452,618234805,'RICHMOND HILL'),(38637,'2014-10-06','15:42:16',75,573764483,'WHITBY'),(38681,'2016-02-17','04:42:28',452,628006683,'MISSISSAUGA'),(38698,'2021-07-27','09:25:00',332,763175877,'BURLINGTON'),(38723,'2018-08-10','03:29:36',432,791799673,'NEWMARKET'),(38758,'2007-08-27','07:59:08',411,625475868,'BRAMPTON'),(38760,'2011-07-19','05:13:20',554,462210063,'MISSISSAUGA'),(38884,'2008-03-01','03:00:26',194,625475868,'AURORA'),(39002,'2006-06-23','11:40:45',111,843875438,'OAKVILLE'),(39142,'2006-07-30','02:18:37',475,399218880,'MARKHAM'),(39218,'2021-06-16','05:02:01',191,402980232,'MILTON'),(39272,'2013-03-31','20:53:51',25,431470778,'WHITBY'),(39433,'2015-01-26','00:45:32',144,658384984,'ORANGEVILLE'),(39589,'2018-01-24','18:23:10',581,390266168,'CALEDON'),(39592,'2017-08-21','03:15:15',242,743176910,'BRAMPTON'),(39718,'2013-11-05','22:29:47',249,889126637,'RICHMOND HILL'),(39807,'2011-07-23','05:05:04',271,575806629,'SCARBOROUGH'),(39847,'2007-05-15','04:57:48',177,443994653,'ORANGEVILLE'),(39875,'2006-07-25','00:24:46',79,491964457,'LONDON'),(39879,'2007-07-04','17:02:48',517,531966335,'BURLINGTON'),(39957,'2015-08-07','20:30:33',108,680969919,'VAUGHN'),(40078,'2021-01-18','15:09:47',561,596000845,'BRAMPTON'),(40322,'2014-12-23','01:53:08',294,436034617,'NEWMARKET'),(40347,'2021-09-14','04:02:26',245,589432490,'PICKERING'),(40413,'2019-09-26','01:03:44',393,644752393,'BARRIE'),(40476,'2014-04-19','16:25:00',147,394574691,'MARKHAM'),(40477,'2017-07-16','11:29:40',555,534748322,'OAKVILLE'),(40482,'2013-12-13','06:43:05',89,350761179,'MILTON'),(40765,'2020-07-21','08:22:32',293,689681130,'WHITBY'),(40815,'2021-11-06','14:33:37',223,390817670,'OAKVILLE'),(40918,'2020-03-07','18:18:53',182,551934630,'OSHAWA'),(40961,'2020-01-28','17:07:43',83,447113136,'AJAX'),(41039,'2018-02-11','05:42:56',598,419785274,'PICKERING'),(41052,'2014-11-08','12:35:43',155,688839658,'BRAMPTON'),(41080,'2009-08-20','10:50:03',190,760094267,'TORONTO'),(41149,'2021-09-08','15:10:53',144,558074071,'WINDSOR'),(41220,'2017-05-26','04:25:32',69,865963754,'WINDSOR'),(41232,'2016-09-05','21:23:48',405,554583510,'BURLINGTON'),(41291,'2016-06-02','08:45:17',387,763175877,'AURORA'),(41325,'2018-12-07','15:45:49',287,601626159,'BARRIE'),(41512,'2016-09-29','04:20:33',327,484198099,'PICKERING'),(41543,'2014-03-12','01:00:05',436,343933084,'SCARBOROUGH'),(41614,'2011-11-23','16:46:59',229,437969511,'LONDON'),(41666,'2019-08-12','12:31:24',335,517410254,'SARNIA'),(41686,'2012-09-15','17:59:02',406,547859103,'MILTON'),(41853,'2010-02-07','02:17:21',439,560494271,'BRAMPTON'),(41907,'2009-02-08','07:30:06',425,812310360,'OAKVILLE'),(42034,'2013-09-09','00:46:01',154,479624029,'MISSISSAUGA'),(42119,'2020-09-05','04:38:46',422,392691851,'RICHMOND HILL'),(42148,'2010-10-22','03:28:12',590,545596965,'MARKHAM'),(42594,'2020-08-03','18:34:59',568,517410254,'KLEINBURG'),(42648,'2009-03-26','23:27:50',520,760117004,'WHITBY'),(42651,'2013-10-11','05:37:25',348,860339112,'BURLINGTON'),(42770,'2006-08-02','13:01:13',564,488542009,'MISSISSAUGA'),(42793,'2007-11-06','23:08:17',156,436007662,'BURLINGTON'),(42810,'2012-01-29','02:31:55',159,852040439,'TORONTO'),(42925,'2015-09-12','07:18:28',600,462597760,'VAUGHN'),(42926,'2011-05-19','07:20:29',393,897125855,'WHITBY'),(42954,'2021-07-09','11:34:36',556,528449720,'BURLINGTON'),(43007,'2011-07-01','14:48:39',52,586309450,'KLEINBURG'),(43021,'2008-12-01','20:55:22',250,377460327,'OAKVILLE'),(43131,'2007-05-03','16:14:33',251,439248696,'AURORA'),(43193,'2019-05-07','15:23:40',259,440900211,'CALEDON'),(43200,'2011-10-23','14:35:33',100,547740336,'LONDON'),(43218,'2013-07-05','22:06:51',146,530157809,'ORANGEVILLE'),(43226,'2008-02-19','04:34:32',62,431470778,'TORONTO'),(43299,'2020-03-17','06:31:36',184,844682296,'OSHAWA'),(43329,'2019-08-19','05:41:26',135,791799673,'KLEINBURG'),(43361,'2010-07-08','13:21:28',358,439639676,'MARKHAM'),(43383,'2012-03-20','07:47:48',552,392691851,'PARKDALE'),(43635,'2017-01-27','01:31:58',561,570444075,'ORANGEVILLE'),(43650,'2021-10-19','20:25:36',456,865963754,'MARKHAM'),(43717,'2006-02-28','03:19:59',386,729807996,'BARRIE'),(43742,'2010-04-07','15:02:15',359,627999109,'VAUGHN'),(43925,'2010-01-12','02:13:51',540,574603888,'NEWMARKET'),(43936,'2018-06-18','03:39:41',552,530726522,'NEWMARKET'),(43998,'2015-08-16','11:09:56',583,589817246,'PARKDALE'),(44000,'2021-11-02','07:09:52',450,656705370,'CALEDON'),(44142,'2006-01-25','20:58:50',218,554485563,'KLEINBURG'),(44184,'2013-10-28','06:05:38',125,439248696,'MILTON'),(44354,'2014-03-07','16:42:04',599,368404704,'CALEDON'),(44384,'2009-08-24','10:38:07',272,502936317,'NORTH YORK'),(44394,'2020-05-04','02:04:00',182,678371500,'TORONTO'),(44470,'2011-08-12','09:24:47',420,843875438,'SARNIA'),(44542,'2015-09-20','22:02:30',123,419785274,'SARNIA'),(44714,'2009-12-05','14:33:50',17,341692040,'OAKVILLE'),(44765,'2009-12-14','15:42:42',234,586309450,'TORONTO'),(44831,'2020-03-11','14:14:55',109,727708210,'MARKHAM'),(44963,'2015-05-01','16:33:18',367,385796716,'MARKHAM'),(45011,'2013-03-18','18:01:32',588,501270801,'WHITBY'),(45019,'2010-12-19','15:39:44',78,379264145,'CALEDON'),(45095,'2017-07-04','15:35:44',46,399181188,'MILTON'),(45146,'2019-09-12','21:12:50',498,462210063,'SARNIA'),(45300,'2013-08-27','15:51:04',29,530184671,'MISSISSAUGA'),(45309,'2011-09-26','03:06:18',528,589817246,'WINDSOR'),(45323,'2007-05-16','15:44:39',502,550543903,'VAUGHN'),(45352,'2007-05-24','19:00:44',441,379371696,'AJAX'),(45490,'2016-10-29','16:36:06',29,601626159,'PARKDALE'),(45496,'2018-05-10','20:53:19',569,873535569,'MISSISSAUGA'),(45562,'2009-04-10','06:07:34',123,483128742,'OAKVILLE'),(45658,'2013-08-05','15:21:50',219,405728006,'NEWMARKET'),(45698,'2018-01-27','18:13:18',456,873535569,'MARKHAM'),(45756,'2014-09-11','06:00:02',384,825642404,'TORONTO'),(45826,'2009-12-10','18:37:05',340,517410254,'CALEDON'),(45885,'2014-02-07','08:43:31',556,742067236,'RICHMOND HILL'),(45951,'2013-12-12','07:01:46',49,436007662,'BARRIE'),(46005,'2019-02-21','13:54:45',96,547740336,'ORANGEVILLE'),(46020,'2013-10-20','08:43:53',264,502936317,'SCARBOROUGH'),(46022,'2008-05-14','19:43:23',480,763175877,'PICKERING'),(46093,'2013-03-31','18:52:06',542,783882569,'BARRIE'),(46099,'2016-02-22','18:35:43',149,585391713,'VAUGHN'),(46128,'2006-10-07','18:45:33',506,775562551,'BURLINGTON'),(46194,'2014-06-01','16:05:18',264,355238043,'PARKDALE'),(46207,'2013-11-19','17:04:41',102,534748322,'LONDON'),(46249,'2018-02-27','18:44:04',271,392691851,'NORTH YORK'),(46257,'2019-10-24','16:54:18',311,350761179,'VAUGHN'),(46435,'2015-07-09','21:42:40',550,513874169,'MILTON'),(46475,'2014-01-06','00:45:25',332,840454258,'VAUGHN'),(46480,'2020-02-15','06:56:58',278,470061419,'AJAX'),(46588,'2018-04-16','01:17:33',192,699606353,'OAKVILLE'),(46647,'2020-03-11','22:57:28',507,546853549,'WHITBY'),(46743,'2014-10-21','10:25:49',125,465425655,'AURORA'),(46922,'2011-06-08','05:24:06',523,763175877,'SCARBOROUGH'),(46928,'2006-03-05','03:38:17',295,758079313,'BRAMPTON'),(46936,'2013-10-08','04:54:40',152,401271769,'LONDON'),(46968,'2009-06-18','22:55:02',583,507354350,'NORTH YORK'),(47042,'2008-08-16','00:43:33',83,721456494,'CALEDON'),(47068,'2021-10-01','02:30:12',311,714152849,'RICHMOND HILL'),(47107,'2012-04-05','12:08:06',474,653871937,'SARNIA'),(47145,'2009-10-11','00:32:49',589,416876463,'BARRIE'),(47298,'2019-08-22','20:22:00',80,589817246,'PICKERING'),(47324,'2011-02-26','21:51:28',184,689681130,'RICHMOND HILL'),(47343,'2015-04-29','20:56:06',223,852040439,'MILTON'),(47448,'2013-10-18','07:39:48',572,758710486,'OSHAWA'),(47633,'2015-08-18','07:32:04',495,800221423,'CALEDON'),(47820,'2008-09-13','01:13:37',293,450697805,'MILTON'),(47822,'2019-06-06','01:05:33',402,547859103,'RICHMOND HILL'),(47922,'2021-05-03','18:41:25',116,392851769,'CALEDON'),(47970,'2017-11-11','05:11:10',557,436034617,'RICHMOND HILL'),(48046,'2018-02-20','15:05:59',111,341624401,'WHITBY'),(48068,'2016-12-11','01:58:18',411,686027473,'BURLINGTON'),(48136,'2013-10-10','13:11:30',300,884969567,'PARKDALE'),(48181,'2010-04-22','08:25:25',432,699664469,'PICKERING'),(48226,'2015-08-11','21:11:24',319,812310360,'ORANGEVILLE'),(48251,'2016-12-05','14:59:52',240,419785274,'CALEDON'),(48293,'2014-05-31','06:20:02',238,519478084,'NORTH YORK'),(48308,'2010-08-09','18:08:43',66,772359989,'CALEDON'),(48313,'2007-09-06','23:18:13',120,656705370,'PARKDALE'),(48400,'2013-09-27','14:58:43',597,852040439,'OAKVILLE'),(48413,'2016-12-07','11:56:17',307,432799565,'AURORA'),(48514,'2016-02-06','19:56:09',384,558074071,'CALEDON'),(48539,'2016-03-24','07:11:49',22,517592976,'ORANGEVILLE'),(48540,'2014-06-27','10:47:17',506,328095255,'BARRIE'),(48841,'2007-11-20','20:52:07',467,585105511,'MISSISSAUGA'),(48867,'2008-08-08','18:05:02',341,456848298,'MARKHAM'),(49117,'2012-07-17','23:18:59',587,550543903,'NORTH YORK'),(49187,'2014-11-30','22:54:44',117,574603888,'CALEDON'),(49200,'2010-11-21','21:38:02',202,531966335,'TORONTO'),(49264,'2018-09-16','18:28:58',439,678538374,'ORANGEVILLE'),(49304,'2015-03-01','07:43:22',82,513977587,'ORANGEVILLE'),(49319,'2016-02-21','06:15:09',146,513977587,'RICHMOND HILL'),(49355,'2011-08-02','03:34:11',352,729807996,'MARKHAM'),(49424,'2021-03-06','22:39:24',549,513938920,'BRAMPTON'),(49588,'2019-08-09','02:53:33',249,486124408,'NEWMARKET'),(49694,'2011-01-12','11:07:54',69,742067236,'TORONTO'),(49738,'2009-11-01','01:05:33',525,501270801,'RICHMOND HILL'),(49834,'2012-10-27','13:04:27',139,864601969,'MARKHAM'),(49879,'2011-05-17','00:51:58',141,628006683,'BURLINGTON'),(49898,'2010-09-05','03:43:07',554,486124408,'PICKERING'),(49987,'2012-05-08','10:28:42',255,665769171,'BRAMPTON'),(50034,'2008-03-18','18:45:05',422,397642733,'RICHMOND HILL'),(50060,'2012-07-05','16:04:36',403,676570350,'SARNIA'),(50108,'2014-10-02','23:26:04',221,551934630,'LONDON'),(50109,'2011-10-09','01:01:00',362,812310360,'LONDON'),(50211,'2015-05-14','22:52:15',24,513874169,'OSHAWA'),(50254,'2019-12-10','04:11:38',186,530726522,'CALEDON'),(50335,'2010-03-24','10:39:28',442,651950090,'AURORA'),(50369,'2011-06-05','21:38:57',110,872044176,'OAKVILLE'),(50443,'2009-05-07','10:21:09',317,386464555,'VAUGHN'),(50477,'2021-11-08','09:27:20',509,371235307,'WINDSOR'),(50607,'2021-05-09','12:42:10',448,456345645,'SARNIA'),(50633,'2010-01-11','15:18:20',479,456345645,'OAKVILLE'),(50635,'2007-11-27','09:29:38',387,897125855,'BRAMPTON'),(50663,'2016-04-20','03:41:56',556,563095620,'NORTH YORK'),(50722,'2006-09-11','12:31:17',236,392851769,'WHITBY'),(50809,'2010-03-06','22:51:58',190,530157809,'PARKDALE'),(50842,'2015-01-14','20:33:35',557,589432490,'OAKVILLE'),(50860,'2019-12-04','00:52:32',334,328051905,'PARKDALE'),(50901,'2010-08-02','02:24:21',44,519478084,'ORANGEVILLE'),(50934,'2017-01-31','04:08:04',598,800486935,'SCARBOROUGH'),(50935,'2021-08-27','10:46:45',508,689681130,'NEWMARKET'),(50948,'2007-06-10','18:02:14',176,859426620,'MILTON'),(51166,'2019-02-21','19:39:18',587,783882569,'BARRIE'),(51270,'2017-06-22','05:17:37',452,356821895,'WINDSOR'),(51297,'2009-08-10','23:50:27',114,840454258,'MARKHAM'),(51326,'2021-04-27','03:18:22',76,368404704,'BURLINGTON'),(51404,'2007-05-28','14:18:40',141,843207618,'AURORA'),(51554,'2018-09-04','05:20:17',37,721456494,'MILTON'),(51573,'2021-10-17','22:45:10',240,859099953,'OAKVILLE'),(51578,'2017-06-04','11:41:01',142,808888198,'LONDON'),(51605,'2018-02-23','08:13:15',261,658384984,'RICHMOND HILL'),(51611,'2012-09-01','14:11:58',312,878931344,'NEWMARKET'),(51733,'2018-06-18','07:05:45',158,516961334,'CALEDON'),(51812,'2011-08-15','11:14:31',195,858875790,'PARKDALE'),(51840,'2008-11-11','10:20:01',539,567946034,'NEWMARKET'),(51881,'2007-11-18','00:50:36',406,392851769,'BURLINGTON'),(51893,'2006-04-10','00:41:45',523,513977587,'PARKDALE'),(51953,'2019-05-20','14:49:18',583,664755712,'VAUGHN'),(52004,'2010-07-22','21:19:22',409,586309450,'MISSISSAUGA'),(52036,'2019-06-28','04:54:41',339,405728006,'KLEINBURG'),(52098,'2009-01-10','01:31:18',150,760117004,'BURLINGTON'),(52156,'2007-08-21','15:53:32',496,524257415,'NEWMARKET'),(52162,'2021-10-20','16:59:27',30,356821895,'MISSISSAUGA'),(52227,'2009-02-22','01:00:56',148,638319060,'PICKERING'),(52284,'2019-07-14','21:03:22',213,882695702,'NEWMARKET'),(52288,'2008-07-03','14:24:09',529,729807996,'OSHAWA'),(52310,'2021-06-01','18:12:57',346,554723445,'BRAMPTON'),(52335,'2016-02-18','04:05:48',158,779000150,'AURORA'),(52372,'2014-09-24','15:53:10',535,402980232,'NORTH YORK'),(52398,'2011-12-17','04:41:21',74,659316398,'KLEINBURG'),(52470,'2015-02-03','13:08:45',587,546853549,'BARRIE'),(52488,'2015-08-02','15:52:05',129,390817670,'PICKERING'),(52544,'2010-11-12','07:54:08',97,743176910,'BRAMPTON'),(52618,'2011-11-29','01:18:10',460,740235314,'AJAX'),(52655,'2018-02-13','23:37:16',219,538347515,'ORANGEVILLE'),(52683,'2012-04-20','17:45:07',94,680969919,'TORONTO'),(52903,'2007-02-26','13:31:34',449,356821895,'AURORA'),(52938,'2012-07-15','04:31:06',130,462597760,'NEWMARKET'),(52944,'2006-06-25','17:37:27',191,337266752,'MISSISSAUGA'),(52974,'2014-08-13','12:22:53',154,408698183,'NEWMARKET'),(53045,'2018-05-19','10:07:05',440,558074071,'RICHMOND HILL'),(53091,'2011-10-02','15:44:26',334,513938920,'OSHAWA'),(53106,'2020-02-22','16:29:57',337,572756650,'NORTH YORK'),(53136,'2013-06-02','18:50:15',215,379264145,'LONDON'),(53398,'2008-05-31','13:40:33',134,419785274,'WINDSOR'),(53440,'2020-05-16','15:45:20',439,886348303,'MILTON'),(53525,'2015-10-22','12:39:17',228,435208694,'AURORA'),(53554,'2007-08-26','08:35:23',36,783882569,'PARKDALE'),(53657,'2013-12-27','22:04:16',458,397642733,'MILTON'),(53738,'2015-06-15','04:05:55',23,627999109,'BARRIE'),(53789,'2016-03-11','09:22:19',95,491964457,'BURLINGTON'),(54128,'2018-01-07','00:33:10',592,396764087,'SARNIA'),(54149,'2006-06-19','21:10:52',301,775562551,'TORONTO'),(54152,'2006-03-01','18:46:02',55,859099953,'LONDON'),(54212,'2015-09-16','14:27:30',189,554723445,'MARKHAM'),(54343,'2020-01-08','17:37:54',295,678371500,'OAKVILLE'),(54361,'2010-08-28','15:27:31',291,328095255,'KLEINBURG'),(54362,'2009-02-20','02:42:08',205,370987328,'OSHAWA'),(54386,'2017-06-03','11:58:39',276,703714694,'MARKHAM'),(54452,'2018-12-25','23:17:00',159,463511955,'MILTON'),(54476,'2008-07-14','06:11:34',411,573764483,'MILTON'),(54595,'2014-01-21','04:52:09',376,638319060,'NORTH YORK'),(54664,'2010-06-14','19:13:04',193,651950090,'SARNIA'),(54906,'2016-03-10','19:57:32',427,863576453,'BARRIE'),(54916,'2006-01-17','20:54:12',337,570444075,'MISSISSAUGA'),(54969,'2006-09-15','03:12:16',479,585391713,'OAKVILLE'),(54980,'2015-02-17','19:48:27',252,882695702,'NEWMARKET'),(54991,'2010-07-24','20:16:32',219,560494271,'RICHMOND HILL'),(55052,'2008-07-15','17:51:40',72,326923207,'NORTH YORK'),(55091,'2016-03-31','09:18:15',336,364565643,'SCARBOROUGH'),(55097,'2017-04-28','08:05:26',122,370987328,'AJAX'),(55123,'2021-07-19','09:28:15',136,501362938,'MILTON'),(55201,'2021-04-25','00:44:32',405,440900211,'OAKVILLE'),(55213,'2018-10-05','14:34:43',149,662654218,'RICHMOND HILL'),(55227,'2021-03-14','08:39:22',365,471579755,'NORTH YORK'),(55289,'2013-06-01','05:39:53',520,859426620,'PICKERING'),(55333,'2010-03-23','13:03:49',308,763175877,'KLEINBURG'),(55372,'2010-10-20','12:14:40',121,325195305,'SCARBOROUGH'),(55376,'2020-10-05','09:36:36',83,394574691,'MISSISSAUGA'),(55431,'2018-09-06','19:05:20',559,530184671,'WINDSOR'),(55471,'2017-05-18','16:44:44',349,364565643,'LONDON'),(55503,'2012-08-21','03:46:34',464,352834829,'OSHAWA'),(55608,'2009-08-29','05:20:50',363,569531822,'CALEDON'),(55670,'2019-02-14','19:37:17',120,699664469,'WHITBY'),(55685,'2011-08-27','16:40:56',327,859099953,'NORTH YORK'),(55797,'2009-01-16','06:38:38',412,484198099,'SARNIA'),(55808,'2006-01-11','13:39:41',500,884969567,'WINDSOR'),(55841,'2021-06-01','18:33:29',187,827796879,'OSHAWA'),(55881,'2017-02-05','08:07:23',285,889126637,'SARNIA'),(55941,'2012-02-06','15:50:22',578,508735127,'BURLINGTON'),(55990,'2010-06-17','03:37:27',304,843875438,'SCARBOROUGH'),(55995,'2016-09-01','17:09:24',508,466886054,'BRAMPTON'),(56067,'2008-09-23','17:51:21',165,518176986,'AJAX'),(56106,'2011-11-21','05:31:01',484,660248589,'ORANGEVILLE'),(56205,'2016-10-23','00:57:07',305,766173446,'BRAMPTON'),(56219,'2015-04-18','00:59:21',572,385687867,'LONDON'),(56235,'2011-05-01','04:05:45',110,427295009,'SARNIA'),(56293,'2006-03-11','06:44:53',515,471579755,'MILTON'),(56612,'2016-11-14','04:36:54',147,810862099,'MARKHAM'),(56744,'2020-06-18','06:12:21',404,477113165,'BARRIE'),(56747,'2019-12-18','06:26:36',40,676570350,'LONDON'),(56788,'2020-02-24','22:34:46',525,741294953,'AJAX'),(56797,'2020-03-11','18:14:23',405,390817670,'AJAX'),(56805,'2019-06-27','05:06:07',436,479624029,'RICHMOND HILL'),(56926,'2006-03-26','08:44:27',71,479624029,'AJAX'),(56972,'2006-03-22','06:04:09',327,843207618,'AURORA'),(57125,'2008-09-26','14:10:47',255,783882569,'SARNIA'),(57175,'2007-09-05','14:56:38',63,560400879,'BRAMPTON'),(57259,'2019-10-21','15:10:37',232,462597760,'NEWMARKET'),(57261,'2011-10-29','23:20:52',112,825873644,'WINDSOR'),(57291,'2017-04-22','20:28:56',201,390266168,'NORTH YORK'),(57408,'2019-01-30','04:16:22',437,632604130,'PARKDALE'),(57413,'2015-09-27','15:53:12',436,589549268,'BRAMPTON'),(57428,'2007-04-02','21:28:40',322,408698183,'BURLINGTON'),(57483,'2008-08-12','18:13:55',64,530157809,'AURORA'),(57535,'2016-10-11','03:29:37',139,800486935,'BARRIE'),(57653,'2008-05-16','20:03:21',545,793807160,'WINDSOR'),(57691,'2009-07-23','17:32:34',133,658384984,'WHITBY'),(57702,'2019-02-21','08:50:04',596,882695702,'MISSISSAUGA'),(57716,'2011-01-11','18:25:42',584,710961206,'MARKHAM'),(57725,'2017-03-13','22:33:35',68,897125855,'AURORA'),(57761,'2020-11-21','01:09:46',99,688839658,'RICHMOND HILL'),(57816,'2019-07-16','22:35:12',90,328095255,'PARKDALE'),(57835,'2008-01-13','21:53:32',247,628006683,'WHITBY'),(58114,'2011-11-01','13:25:14',497,427295009,'PICKERING'),(58192,'2011-06-28','00:52:36',579,574603888,'MISSISSAUGA'),(58246,'2012-08-28','08:13:22',260,435208694,'SCARBOROUGH'),(58266,'2013-08-13','00:01:39',237,528804133,'OSHAWA'),(58476,'2015-06-18','05:50:44',47,486124408,'OSHAWA'),(58524,'2009-08-03','11:36:18',510,760094267,'KLEINBURG'),(58702,'2015-07-31','06:52:35',520,632604130,'SCARBOROUGH'),(58769,'2021-07-09','03:44:21',524,775562551,'PARKDALE'),(58872,'2020-09-07','03:00:56',490,455050645,'AJAX'),(58879,'2017-08-11','19:03:27',326,703714694,'OAKVILLE'),(58901,'2014-03-17','14:14:30',594,843207618,'VAUGHN'),(59250,'2010-09-21','00:40:41',198,546853549,'KLEINBURG'),(59378,'2016-04-30','19:45:22',464,858875790,'VAUGHN'),(59433,'2006-01-02','11:50:29',165,439639676,'SARNIA'),(59438,'2019-04-04','01:49:48',353,800486935,'MILTON'),(59485,'2017-08-17','22:17:54',250,866217237,'RICHMOND HILL'),(59621,'2016-04-14','12:05:27',508,392851769,'NORTH YORK'),(59641,'2012-06-03','04:15:58',216,585434675,'SARNIA'),(59650,'2017-12-07','09:16:04',245,821907812,'KLEINBURG'),(59667,'2009-12-04','03:51:53',595,622768431,'PARKDALE'),(59721,'2020-10-04','17:50:54',123,513938920,'BURLINGTON'),(59773,'2008-05-27','01:47:48',248,699664469,'ORANGEVILLE'),(59872,'2021-02-18','15:41:40',95,572756650,'NEWMARKET'),(59873,'2011-01-17','03:05:14',541,665433491,'RICHMOND HILL'),(59920,'2020-12-01','05:01:51',390,507354350,'MILTON'),(59972,'2012-11-03','14:02:21',132,440900211,'MARKHAM'),(60125,'2013-10-28','08:19:01',345,585391713,'ORANGEVILLE'),(60251,'2010-01-14','23:08:50',408,432799565,'KLEINBURG'),(60273,'2018-03-30','21:43:27',67,499876022,'SARNIA'),(60452,'2019-07-20','00:51:39',327,494236484,'PICKERING'),(60552,'2009-03-30','13:09:04',272,601562304,'ORANGEVILLE'),(60636,'2017-08-23','13:43:03',193,439639676,'MISSISSAUGA'),(60663,'2008-06-13','16:41:47',114,393684226,'PICKERING'),(60809,'2006-11-19','20:32:41',205,397642733,'AJAX'),(60811,'2020-07-09','13:53:58',312,864601969,'SARNIA'),(60930,'2007-12-12','14:49:32',529,385687200,'ORANGEVILLE'),(61011,'2017-09-18','06:52:54',253,437232463,'SCARBOROUGH'),(61093,'2008-02-17','15:30:32',428,740235314,'PARKDALE'),(61125,'2013-05-25','01:54:41',175,443994653,'TORONTO'),(61218,'2007-07-10','00:09:43',224,379387614,'OSHAWA'),(61344,'2009-04-20','01:02:58',67,858875790,'TORONTO'),(61408,'2013-08-02','01:49:20',429,572756650,'VAUGHN'),(61578,'2021-01-06','08:09:05',506,735012903,'KLEINBURG'),(61620,'2019-06-20','07:39:30',104,341692040,'NEWMARKET'),(61644,'2020-05-06','15:31:59',296,772359989,'CALEDON'),(61883,'2017-07-28','12:20:52',484,325195305,'MISSISSAUGA'),(62170,'2013-01-02','12:02:58',493,830318938,'MARKHAM'),(62214,'2019-09-05','12:30:42',484,436007662,'WINDSOR'),(62257,'2007-02-07','20:24:59',533,883635201,'PICKERING'),(62290,'2021-05-24','21:27:15',483,791799673,'WHITBY'),(62292,'2019-06-30','09:06:21',129,779000150,'AURORA'),(62426,'2016-04-21','10:48:52',345,393684226,'MISSISSAUGA'),(62767,'2006-06-25','13:57:59',329,558074071,'BARRIE'),(62825,'2012-02-03','06:30:35',315,499876022,'VAUGHN'),(62836,'2010-09-26','16:41:44',82,531893260,'WHITBY'),(62882,'2007-03-05','03:16:40',67,352834829,'PICKERING'),(62933,'2018-08-18','01:34:19',254,658384984,'PICKERING'),(62974,'2006-12-06','16:48:10',584,703714694,'BRAMPTON'),(63089,'2009-04-28','11:22:30',310,706654055,'BARRIE'),(63092,'2017-10-01','05:33:05',219,658932849,'MILTON'),(63099,'2006-08-20','20:37:48',292,528804133,'SARNIA'),(63105,'2016-11-27','06:44:28',354,402980232,'BURLINGTON'),(63127,'2014-07-01','22:50:25',130,538347515,'PICKERING'),(63154,'2006-10-31','08:56:56',184,554723445,'PICKERING'),(63182,'2014-04-20','14:06:01',171,379264145,'RICHMOND HILL'),(63247,'2019-08-05','10:53:00',40,571656440,'BARRIE'),(63294,'2013-07-19','13:15:34',514,471579755,'VAUGHN'),(63374,'2019-04-13','22:39:18',598,758710486,'PICKERING'),(63396,'2009-11-09','10:45:11',186,494236484,'RICHMOND HILL'),(63414,'2019-12-11','22:28:19',411,864601969,'OAKVILLE'),(63437,'2009-08-12','03:20:46',365,866217237,'WHITBY'),(63471,'2012-02-11','02:49:28',347,872044176,'AJAX'),(63475,'2021-08-08','22:21:05',171,465425655,'RICHMOND HILL'),(63577,'2006-04-23','12:10:47',160,414505438,'ORANGEVILLE'),(63639,'2015-07-10','08:50:37',411,328214753,'TORONTO'),(63654,'2016-02-10','07:26:56',193,365782684,'AJAX'),(63752,'2015-02-12','11:18:47',408,432799565,'RICHMOND HILL'),(63865,'2017-07-03','12:52:18',38,627999109,'WHITBY'),(63894,'2014-01-04','03:34:17',376,507974798,'WHITBY'),(63902,'2019-01-29','06:08:33',385,753035541,'OSHAWA'),(63933,'2019-09-16','17:06:08',98,598049421,'ORANGEVILLE'),(63964,'2009-01-11','13:19:27',591,352834829,'MARKHAM'),(63989,'2015-07-07','01:54:44',21,760094267,'WHITBY'),(64080,'2009-05-16','12:08:23',529,842456178,'BARRIE'),(64088,'2018-02-19','22:38:57',339,802729417,'AJAX'),(64178,'2010-06-25','04:02:52',94,872044176,'WHITBY'),(64243,'2019-05-05','15:24:28',217,766173446,'NORTH YORK'),(64309,'2018-03-29','16:55:08',89,514873028,'OAKVILLE'),(64444,'2015-05-14','15:45:37',424,865963754,'TORONTO'),(64445,'2006-04-16','08:18:54',32,547740336,'LONDON'),(64507,'2009-12-15','19:06:06',545,772359989,'MARKHAM'),(64646,'2014-04-02','01:14:05',91,447113136,'SARNIA'),(64676,'2020-03-17','08:41:07',329,437232463,'MILTON'),(64679,'2021-01-03','16:27:11',553,783973422,'BARRIE'),(64924,'2007-01-24','17:39:22',218,842456178,'SARNIA'),(64936,'2011-10-21','07:48:52',317,800221423,'OAKVILLE'),(65000,'2016-07-22','04:58:58',586,689948182,'PARKDALE'),(65119,'2018-12-14','17:56:47',533,416876463,'WHITBY'),(65157,'2011-09-19','09:50:43',513,563095620,'BRAMPTON'),(65248,'2009-04-27','09:02:15',575,699606353,'MARKHAM'),(65283,'2013-05-25','23:39:33',185,884969567,'OAKVILLE'),(65297,'2007-08-08','10:36:20',420,491964457,'MILTON'),(65330,'2012-12-10','20:16:49',105,714152849,'AJAX'),(65346,'2009-10-16','18:39:03',271,760117004,'MISSISSAUGA'),(65432,'2014-08-02','07:27:17',53,825642404,'BRAMPTON'),(65469,'2019-07-31','15:50:55',221,530726522,'PARKDALE'),(65473,'2008-11-29','00:17:46',452,328214753,'BRAMPTON'),(65543,'2007-07-17','00:45:09',313,589432490,'TORONTO'),(65581,'2007-03-07','12:05:49',278,368404704,'NEWMARKET'),(65626,'2014-04-10','02:10:40',433,385687200,'SCARBOROUGH'),(65644,'2007-12-19','21:15:02',185,554723445,'CALEDON'),(65687,'2019-04-27','10:35:27',326,567946034,'TORONTO'),(65706,'2017-12-02','08:48:30',400,665433491,'ORANGEVILLE'),(65731,'2018-01-30','15:04:04',411,427295009,'VAUGHN'),(65753,'2016-01-23','01:48:56',228,328051905,'PICKERING'),(65768,'2013-03-17','18:17:51',23,622768431,'MARKHAM'),(65771,'2012-01-26','15:41:49',477,483128742,'WINDSOR'),(65784,'2007-07-27','13:31:19',182,466886054,'BURLINGTON'),(65820,'2012-08-07','11:44:33',210,658932849,'BARRIE'),(65859,'2016-04-27','02:50:42',332,439639676,'AJAX'),(65875,'2014-09-04','21:41:06',351,753035541,'ORANGEVILLE'),(65920,'2015-06-29','08:31:02',306,479624029,'MARKHAM'),(65950,'2020-06-17','05:45:17',342,821907812,'MARKHAM'),(65955,'2011-03-19','19:26:17',29,385687200,'OAKVILLE'),(65991,'2015-04-12','05:33:58',359,393265782,'CALEDON'),(65992,'2013-10-10','14:52:46',245,491639191,'LONDON'),(66063,'2014-09-11','23:03:09',79,550543903,'MISSISSAUGA'),(66143,'2020-09-24','03:12:56',181,435208694,'AURORA'),(66164,'2008-04-30','07:54:44',90,379387614,'WHITBY'),(66233,'2013-07-31','17:25:26',51,379371696,'WINDSOR'),(66234,'2018-12-12','23:30:24',557,554723445,'ORANGEVILLE'),(66308,'2009-10-07','01:58:42',354,530726522,'MILTON'),(66310,'2017-01-12','06:23:11',155,479624029,'PARKDALE'),(66341,'2006-10-18','10:18:34',600,800486935,'BARRIE'),(66413,'2016-05-16','10:47:54',104,394574691,'AURORA'),(66426,'2011-12-08','12:40:03',419,343933084,'OSHAWA'),(66560,'2008-07-10','09:42:22',382,396764087,'NORTH YORK'),(66563,'2019-06-24','12:11:11',134,477113165,'ORANGEVILLE'),(66608,'2020-02-24','15:07:31',466,436007662,'OSHAWA'),(66634,'2013-04-02','14:50:02',556,658932849,'MARKHAM'),(66655,'2018-08-05','23:02:31',445,758079313,'RICHMOND HILL'),(66669,'2009-08-20','13:37:24',599,328051905,'AJAX'),(66815,'2014-10-15','19:12:34',229,488542009,'SARNIA'),(66857,'2007-01-20','13:53:11',526,327846608,'NORTH YORK'),(66896,'2014-11-19','20:26:31',236,379371696,'RICHMOND HILL'),(66924,'2012-12-14','02:42:10',311,477113165,'LONDON'),(67008,'2016-12-27','16:43:14',483,863576453,'OSHAWA'),(67037,'2016-05-19','20:16:40',373,802729417,'MILTON'),(67042,'2020-01-14','05:44:52',581,825873644,'BARRIE'),(67200,'2008-09-19','04:11:11',274,531966335,'WHITBY'),(67230,'2006-04-19','16:46:23',285,714152849,'RICHMOND HILL'),(67272,'2013-11-25','08:26:03',429,421954665,'KLEINBURG'),(67317,'2006-09-20','22:56:19',126,560400879,'MISSISSAUGA'),(67325,'2009-06-11','13:40:32',405,502936317,'BARRIE'),(67345,'2019-02-13','05:38:38',230,827796879,'AURORA'),(67630,'2011-02-11','09:38:27',528,886348303,'OSHAWA'),(67760,'2010-01-31','08:34:44',574,547859103,'BRAMPTON'),(67785,'2014-03-23','13:36:51',438,447113136,'WINDSOR'),(67841,'2009-10-18','20:35:15',431,488542009,'BARRIE'),(67897,'2011-09-23','09:32:21',557,325195305,'WHITBY'),(67898,'2020-04-10','06:07:00',443,665769171,'NORTH YORK'),(67976,'2013-05-27','11:26:57',140,356190816,'NORTH YORK'),(68109,'2009-09-04','10:18:28',105,508735127,'MILTON'),(68161,'2007-04-17','04:56:31',171,662654218,'TORONTO'),(68260,'2021-08-28','09:05:59',372,365782684,'TORONTO'),(68265,'2008-08-21','21:41:31',347,357282590,'LONDON'),(68283,'2010-04-01','07:03:33',183,665769171,'BURLINGTON'),(68321,'2020-01-27','21:31:17',339,863576453,'AJAX'),(68349,'2009-12-20','03:35:12',383,598049421,'BRAMPTON'),(68452,'2021-05-05','14:08:19',446,450697805,'CALEDON'),(68620,'2019-12-02','19:31:04',238,810862099,'BARRIE'),(68622,'2013-06-05','05:16:30',345,775562551,'OAKVILLE'),(68648,'2007-10-12','20:27:13',249,437969511,'BRAMPTON'),(68746,'2010-10-06','15:30:55',395,808888198,'NEWMARKET'),(68840,'2010-10-12','05:48:23',223,370746977,'PICKERING'),(68902,'2017-09-04','10:11:24',146,618234805,'WHITBY'),(68943,'2019-04-23','13:25:45',548,653871937,'NEWMARKET'),(69010,'2014-11-27','10:01:54',126,356190816,'NORTH YORK'),(69012,'2007-10-29','23:03:11',374,551934630,'SCARBOROUGH'),(69096,'2013-09-25','20:18:47',312,825642404,'NEWMARKET'),(69230,'2017-10-06','12:18:41',569,821907812,'OSHAWA'),(69344,'2021-05-18','20:34:03',66,385687867,'PARKDALE'),(69400,'2007-06-01','14:27:16',72,451278062,'ORANGEVILLE'),(69438,'2012-06-28','17:22:41',97,860339112,'OAKVILLE'),(69535,'2021-01-22','13:05:50',319,341692040,'NEWMARKET'),(69550,'2019-10-16','03:23:22',156,455050645,'KLEINBURG'),(69682,'2021-07-16','12:18:46',540,800221423,'TORONTO'),(69795,'2011-10-24','11:57:05',425,573764483,'VAUGHN'),(69916,'2010-07-07','04:57:05',371,808888198,'ORANGEVILLE'),(70000,'2014-12-06','13:37:50',176,415736575,'BRAMPTON'),(70051,'2006-06-10','12:50:42',314,518176986,'PICKERING'),(70302,'2009-09-21','08:43:45',518,463511955,'MARKHAM'),(70318,'2021-03-05','20:35:40',443,341692040,'BARRIE'),(70319,'2007-06-09','11:43:04',38,401638655,'LONDON'),(70348,'2020-03-05','12:47:28',487,650233856,'PICKERING'),(70359,'2008-03-20','20:45:20',282,431470778,'SARNIA'),(70363,'2011-09-28','05:52:06',144,415736575,'WHITBY'),(70393,'2016-10-30','00:23:57',328,343933084,'OSHAWA'),(70474,'2019-01-15','07:13:14',539,699606353,'PICKERING'),(70501,'2020-09-01','17:49:38',333,863576453,'NORTH YORK'),(70521,'2008-01-26','18:34:57',180,431470778,'RICHMOND HILL'),(70564,'2018-01-24','14:18:58',566,554485563,'WINDSOR'),(70565,'2016-06-16','03:36:18',220,493598423,'OAKVILLE'),(70695,'2020-02-15','07:31:58',284,414505438,'SCARBOROUGH'),(70703,'2016-03-25','14:23:46',180,844682296,'SCARBOROUGH'),(70844,'2014-03-08','02:00:14',556,821907812,'TORONTO'),(70889,'2020-03-13','02:37:23',480,371235307,'BURLINGTON'),(70924,'2011-08-21','20:20:47',392,714152849,'KLEINBURG'),(71085,'2012-12-06','20:32:25',284,886348303,'BRAMPTON'),(71328,'2010-05-14','08:19:36',555,484198099,'PICKERING'),(71358,'2011-05-07','02:16:29',407,554485563,'OSHAWA'),(71367,'2007-12-16','02:25:00',587,644752393,'KLEINBURG'),(71426,'2013-01-18','20:44:39',519,758710486,'AJAX'),(71556,'2010-08-17','16:08:39',423,653871937,'VAUGHN'),(71586,'2009-08-13','05:01:26',294,436034617,'MILTON'),(71922,'2008-09-27','13:45:58',339,494236484,'KLEINBURG'),(72012,'2012-07-09','09:10:23',543,385796716,'WINDSOR'),(72036,'2007-09-13','07:30:04',41,570444075,'SARNIA'),(72047,'2007-04-12','07:17:07',544,661210162,'BRAMPTON'),(72139,'2009-12-15','22:08:24',504,513874169,'PICKERING'),(72215,'2011-09-24','22:39:29',580,727708210,'LONDON'),(72233,'2014-11-30','01:52:19',164,699664469,'WINDSOR'),(72308,'2015-11-06','23:45:07',364,436007662,'MARKHAM'),(72376,'2007-05-10','10:19:29',195,574603888,'OAKVILLE'),(72547,'2020-12-24','00:42:23',557,462597760,'MILTON'),(72579,'2008-03-28','18:04:35',519,860339112,'RICHMOND HILL'),(72583,'2017-02-19','23:52:15',170,755726646,'BRAMPTON'),(72612,'2021-02-02','21:17:55',158,493598423,'BRAMPTON'),(72617,'2009-08-09','15:12:17',403,486124408,'KLEINBURG'),(72669,'2007-08-13','04:25:45',57,883635201,'PICKERING'),(72739,'2018-10-09','20:57:28',92,721456494,'RICHMOND HILL'),(72753,'2008-06-06','11:04:26',486,366610476,'LONDON'),(72833,'2011-07-13','10:48:56',532,499876022,'MISSISSAUGA'),(72846,'2013-03-30','13:28:57',257,772359989,'MILTON'),(72942,'2011-11-05','16:25:05',109,455050645,'ORANGEVILLE'),(73086,'2018-12-10','21:32:16',48,886348303,'PARKDALE'),(73091,'2008-12-31','11:13:33',578,366610476,'OSHAWA'),(73170,'2008-01-05','02:28:14',532,780036786,'VAUGHN'),(73260,'2020-03-19','06:19:51',390,443994653,'BARRIE'),(73314,'2021-01-24','22:21:18',534,397642733,'ORANGEVILLE'),(73318,'2012-10-04','05:58:19',84,517585068,'MILTON'),(73324,'2009-01-30','06:12:26',326,866217237,'SCARBOROUGH'),(73500,'2020-11-03','15:33:09',498,355238043,'PARKDALE'),(73521,'2019-02-20','19:07:46',307,524257415,'KLEINBURG'),(73610,'2012-08-05','18:30:41',172,393684226,'AJAX'),(73616,'2010-10-01','06:21:25',167,760117004,'AJAX'),(73698,'2007-03-03','06:36:55',52,689948182,'CALEDON'),(73891,'2012-09-15','18:58:47',377,710961206,'BURLINGTON'),(73951,'2014-01-08','06:25:15',86,414505438,'BARRIE'),(73988,'2009-01-30','10:40:05',237,793807160,'RICHMOND HILL'),(74070,'2012-09-12','23:34:00',593,408698183,'OSHAWA'),(74178,'2013-03-18','22:12:33',234,437232463,'MILTON'),(74193,'2019-01-20','07:17:36',21,897125855,'KLEINBURG'),(74331,'2009-08-09','23:30:44',335,665433491,'BRAMPTON'),(74509,'2006-01-14','12:02:24',541,507974798,'MISSISSAUGA'),(74514,'2006-08-25','07:58:46',351,528804133,'MISSISSAUGA'),(74523,'2007-04-12','11:05:41',228,662654218,'PARKDALE'),(74626,'2014-04-02','00:48:30',518,394574691,'SCARBOROUGH'),(74660,'2012-11-20','13:43:58',506,585105511,'AJAX'),(74780,'2006-06-06','03:05:17',569,800486935,'WINDSOR'),(74888,'2019-08-31','13:12:36',46,327846608,'KLEINBURG'),(74940,'2009-08-09','16:45:16',575,706654055,'OAKVILLE'),(74998,'2019-07-28','07:14:40',598,517592976,'AURORA'),(75010,'2010-12-01','01:50:53',302,689681130,'SCARBOROUGH'),(75064,'2018-08-24','22:43:23',157,392851769,'VAUGHN'),(75167,'2014-03-18','00:35:36',217,337266752,'MISSISSAUGA'),(75290,'2020-10-27','09:37:40',184,491964457,'SCARBOROUGH'),(75299,'2014-05-06','19:04:55',428,534748322,'MARKHAM'),(75318,'2010-03-19','06:46:51',347,390266168,'BARRIE'),(75355,'2014-09-14','08:02:39',500,379387614,'VAUGHN'),(75567,'2012-01-03','15:42:05',419,484198099,'MARKHAM'),(75570,'2014-09-29','19:32:36',119,680969919,'OSHAWA'),(75641,'2021-02-06','09:14:01',141,456848298,'SCARBOROUGH'),(75724,'2007-03-23','02:20:22',586,727708210,'TORONTO'),(75749,'2008-06-24','12:35:10',190,465425655,'PARKDALE'),(75753,'2009-03-15','13:00:40',173,368404704,'OSHAWA'),(75849,'2007-02-12','11:44:11',567,699664469,'AJAX'),(75885,'2009-09-05','09:37:21',484,401271769,'AURORA'),(75920,'2015-01-25','10:43:11',278,517592976,'SARNIA'),(76003,'2007-03-19','07:25:31',32,758710486,'SCARBOROUGH'),(76019,'2007-12-04','08:26:58',78,547740336,'BRAMPTON'),(76022,'2018-08-26','05:01:05',578,656705370,'KLEINBURG'),(76093,'2013-10-05','00:34:14',214,721456494,'SARNIA'),(76100,'2019-11-17','01:08:19',216,651950090,'WINDSOR'),(76185,'2019-03-29','09:59:34',501,326923207,'WINDSOR'),(76224,'2017-11-21','04:55:14',293,878931344,'AURORA'),(76246,'2013-06-29','08:48:27',178,601562304,'NORTH YORK'),(76280,'2017-03-17','21:22:55',248,585434675,'PARKDALE'),(76393,'2018-02-12','08:46:31',414,498861904,'MISSISSAUGA'),(76527,'2019-05-14','05:54:22',435,477113165,'VAUGHN'),(76655,'2011-04-03','06:56:28',363,356190816,'NORTH YORK'),(76811,'2021-07-06','04:09:52',70,897125855,'BURLINGTON'),(76835,'2008-08-04','00:48:39',234,661210162,'LONDON'),(76850,'2011-07-28','06:05:15',244,470061419,'SCARBOROUGH'),(76927,'2021-06-02','00:00:40',536,699606353,'LONDON'),(76936,'2007-02-02','10:42:42',280,575806629,'TORONTO'),(76976,'2020-10-30','18:08:50',168,554485563,'WHITBY'),(77073,'2011-11-12','04:08:15',82,401638655,'OAKVILLE'),(77082,'2006-01-16','05:25:21',452,678538374,'MILTON'),(77107,'2014-04-25','20:33:25',335,507354350,'WHITBY'),(77119,'2007-12-19','02:18:31',274,385687867,'BURLINGTON'),(77220,'2012-07-03','23:36:05',577,563095620,'SARNIA'),(77565,'2020-10-08','00:31:56',393,783973422,'WHITBY'),(77590,'2020-02-11','00:09:35',62,735012903,'PARKDALE'),(77691,'2015-05-06','09:11:01',200,596000845,'AJAX'),(77845,'2019-12-18','16:01:04',435,377460327,'LONDON'),(77862,'2009-11-20','11:58:58',292,432799565,'PICKERING'),(77895,'2021-06-21','17:52:05',521,791799673,'LONDON'),(77967,'2007-09-06','09:41:45',494,456345645,'KLEINBURG'),(77985,'2008-10-24','06:28:10',290,355238043,'OAKVILLE'),(78115,'2006-10-04','23:30:17',153,589549268,'MILTON'),(78144,'2009-10-01','22:32:50',35,741294953,'WINDSOR'),(78157,'2013-11-29','11:58:37',467,783973422,'CALEDON'),(78291,'2015-08-13','21:23:12',434,622768431,'BARRIE'),(78364,'2020-09-30','09:31:58',142,393265782,'SARNIA'),(78381,'2016-11-24','03:02:42',452,422559112,'AJAX'),(78405,'2021-09-24','03:08:13',254,531893260,'CALEDON'),(78410,'2013-04-17','21:12:22',96,558074071,'CALEDON'),(78429,'2011-12-24','01:48:40',273,367669545,'SARNIA'),(78434,'2008-11-19','23:14:34',348,498861904,'KLEINBURG'),(78483,'2012-01-02','02:07:41',207,827796879,'NORTH YORK'),(78524,'2019-05-27','05:04:34',306,758079313,'WHITBY'),(78595,'2007-09-15','02:57:52',258,341624401,'RICHMOND HILL'),(78631,'2015-12-18','15:15:18',251,341624401,'SARNIA'),(78654,'2018-08-27','11:20:26',447,516961334,'BURLINGTON'),(78773,'2018-11-18','05:49:47',536,706654055,'SCARBOROUGH'),(78803,'2011-03-14','01:32:14',34,758079313,'ORANGEVILLE'),(78856,'2020-05-27','09:48:09',477,517585068,'AJAX'),(78880,'2018-05-01','05:12:44',130,419785274,'OSHAWA'),(78893,'2020-04-03','14:36:58',161,742067236,'MARKHAM'),(78927,'2016-09-18','23:51:06',99,499876022,'ORANGEVILLE'),(79025,'2014-04-19','04:49:30',240,530157809,'PICKERING'),(79084,'2016-03-18','06:52:39',224,625475868,'WINDSOR'),(79178,'2011-12-27','22:01:52',282,665769171,'VAUGHN'),(79194,'2009-01-19','01:53:26',452,437232463,'NEWMARKET'),(79207,'2013-10-20','19:02:45',40,470061419,'BRAMPTON'),(79227,'2007-12-07','18:50:59',580,356821895,'OSHAWA'),(79390,'2019-12-05','06:31:07',279,859099953,'MARKHAM'),(79391,'2006-02-02','00:56:06',177,650233856,'KLEINBURG'),(79419,'2021-07-18','15:33:57',576,780036786,'SCARBOROUGH'),(79423,'2015-04-13','01:09:31',250,365782684,'LONDON'),(79472,'2018-03-22','17:09:43',15,455050645,'OAKVILLE'),(79477,'2006-03-18','11:13:53',574,589549268,'WHITBY'),(79484,'2011-07-22','19:32:44',16,385687867,'MARKHAM'),(79520,'2013-12-04','07:22:49',46,385687200,'NORTH YORK'),(79544,'2013-11-10','12:40:03',363,740235314,'BURLINGTON'),(79702,'2017-02-15','09:27:52',323,397642733,'AJAX'),(79755,'2014-10-10','03:32:17',307,842456178,'BURLINGTON'),(79789,'2009-10-14','17:20:36',383,528804133,'BARRIE'),(79882,'2009-09-19','18:26:28',175,551934630,'ORANGEVILLE'),(80044,'2015-02-24','15:32:18',248,365782684,'WHITBY'),(80173,'2013-04-21','22:36:34',186,572756650,'BRAMPTON'),(80180,'2017-03-24','20:48:15',311,783882569,'MILTON'),(80396,'2006-08-09','21:48:58',109,524257415,'NORTH YORK'),(80577,'2020-11-26','22:46:39',394,645811205,'VAUGHN'),(80583,'2019-11-29','04:27:33',281,553626824,'KLEINBURG'),(80648,'2017-12-07','09:19:17',62,676570350,'RICHMOND HILL'),(80671,'2019-02-07','16:44:01',557,572756650,'BARRIE'),(80744,'2007-08-23','08:27:10',234,622768431,'WINDSOR'),(80950,'2016-10-27','02:33:05',569,328095255,'TORONTO'),(80982,'2019-12-05','12:33:01',170,830318938,'NEWMARKET'),(81001,'2008-08-14','22:53:07',72,860339112,'OAKVILLE'),(81098,'2018-08-29','07:32:31',102,678371500,'MARKHAM'),(81107,'2011-06-23','04:32:47',211,585105511,'BARRIE'),(81192,'2021-10-12','05:56:08',404,569531822,'WINDSOR'),(81387,'2014-03-03','16:29:58',70,396764087,'RICHMOND HILL'),(81463,'2006-06-17','09:29:17',390,531893260,'AURORA'),(81501,'2009-10-13','22:05:50',57,328051905,'VAUGHN'),(81502,'2016-03-27','05:14:37',471,827070246,'NORTH YORK'),(81574,'2006-05-23','11:11:34',377,852040439,'KLEINBURG'),(81583,'2015-06-20','13:33:43',374,753035541,'TORONTO'),(81599,'2017-04-30','14:21:56',87,408698183,'TORONTO'),(81625,'2021-10-06','17:35:57',46,644752393,'OAKVILLE'),(81629,'2014-05-27','01:39:50',156,842456178,'PICKERING'),(81649,'2012-05-19','20:31:27',538,665433491,'OAKVILLE'),(81658,'2018-07-28','13:24:47',50,563095620,'OSHAWA'),(81739,'2010-02-01','10:42:03',407,466886054,'OSHAWA'),(81835,'2015-01-16','11:24:58',350,366610476,'RICHMOND HILL'),(81843,'2019-03-17','05:39:17',424,326923207,'OSHAWA'),(81844,'2017-07-03','21:27:05',224,366610476,'TORONTO'),(81872,'2015-12-07','04:44:31',302,878931344,'MISSISSAUGA'),(81968,'2013-05-13','17:15:25',211,357282590,'MISSISSAUGA'),(82014,'2013-07-22','14:24:19',595,456345645,'PICKERING'),(82082,'2008-11-21','09:00:25',328,680969919,'ORANGEVILLE'),(82184,'2010-03-27','22:51:49',361,531966335,'TORONTO'),(82236,'2009-05-07','06:48:02',489,396764087,'AURORA'),(82290,'2019-07-16','06:25:29',183,560400879,'MILTON'),(82310,'2007-10-07','04:28:44',353,393265782,'OAKVILLE'),(82319,'2014-01-31','10:16:25',220,421954665,'AURORA'),(82488,'2009-06-11','16:54:29',374,401638655,'RICHMOND HILL'),(82643,'2019-06-08','09:16:16',546,385687200,'NORTH YORK'),(82816,'2013-09-13','00:29:59',448,498861904,'VAUGHN'),(82995,'2008-07-27','03:08:57',153,414505438,'LONDON'),(83000,'2019-04-03','17:25:22',206,873972953,'PARKDALE'),(83047,'2012-09-25','00:05:49',297,571656440,'RICHMOND HILL'),(83157,'2007-07-17','06:21:16',81,498861904,'MARKHAM'),(83178,'2011-03-17','04:37:00',239,328214753,'BURLINGTON'),(83190,'2006-02-10','21:24:55',405,601626159,'OAKVILLE'),(83294,'2011-07-15','05:14:40',95,328051905,'PARKDALE'),(83513,'2006-10-25','11:02:41',431,710961206,'NEWMARKET'),(83591,'2009-01-18','23:24:49',534,827796879,'VAUGHN'),(83606,'2008-04-03','14:48:17',439,325195305,'PARKDALE'),(83805,'2016-12-19','19:41:16',299,364565643,'WHITBY'),(83841,'2014-10-29','08:11:09',564,758710486,'PICKERING'),(83904,'2012-12-17','11:45:52',239,508735127,'VAUGHN'),(83937,'2013-04-15','03:45:05',90,507974798,'PICKERING'),(84045,'2013-05-10','07:16:47',594,439639676,'MILTON'),(84052,'2013-09-10','01:57:13',141,462597760,'CALEDON'),(84315,'2008-10-22','21:50:28',458,414505438,'MARKHAM'),(84373,'2018-03-09','14:32:46',64,601562304,'CALEDON'),(84377,'2010-11-05','13:39:31',399,873535569,'KLEINBURG'),(84407,'2015-11-01','08:13:15',580,479624029,'MISSISSAUGA'),(84560,'2017-08-31','23:11:43',348,589432490,'SCARBOROUGH'),(84703,'2008-02-25','23:39:28',304,886348303,'AURORA'),(84708,'2015-12-29','00:30:21',241,598049421,'OSHAWA'),(84886,'2009-12-05','19:17:30',478,546853549,'AURORA'),(84930,'2006-02-24','14:04:11',150,443994653,'BRAMPTON'),(84950,'2019-02-01','17:42:49',58,554583510,'MISSISSAUGA'),(84982,'2010-09-01','12:34:35',136,325195305,'OSHAWA'),(85014,'2012-09-25','02:52:05',399,463511955,'OAKVILLE'),(85063,'2006-09-21','01:55:31',52,638319060,'PICKERING'),(85117,'2008-07-01','11:00:52',96,416876463,'VAUGHN'),(85132,'2006-08-11','20:36:12',496,727708210,'NORTH YORK'),(85143,'2008-03-15','22:15:14',300,364565643,'AURORA'),(85175,'2014-01-06','03:45:36',570,882695702,'MISSISSAUGA'),(85178,'2011-09-16','17:46:40',376,622768431,'OAKVILLE'),(85247,'2016-02-27','03:01:01',390,531966335,'SCARBOROUGH'),(85355,'2011-12-21','09:39:07',540,755726646,'KLEINBURG'),(85362,'2019-12-31','20:16:59',258,656705370,'NORTH YORK'),(85367,'2010-04-03','08:27:59',85,399181188,'PICKERING'),(85373,'2011-08-27','09:33:12',147,488542009,'BRAMPTON'),(85447,'2020-03-13','14:47:26',496,793807160,'WINDSOR'),(85458,'2012-10-20','06:39:06',185,863576453,'BURLINGTON'),(85532,'2009-10-16','19:15:56',314,625475868,'OSHAWA'),(85536,'2017-04-08','13:18:49',192,821907812,'NEWMARKET'),(85579,'2013-08-08','20:57:00',581,852040439,'VAUGHN'),(85691,'2012-12-23','20:13:54',137,601562304,'SCARBOROUGH'),(85731,'2008-11-30','02:42:35',585,513938920,'OSHAWA'),(85798,'2016-09-24','04:59:24',307,554583510,'AURORA'),(85837,'2013-06-20','15:50:31',23,779000150,'ORANGEVILLE'),(85862,'2009-03-30','18:27:13',526,518176986,'NEWMARKET'),(86071,'2008-12-26','15:09:29',125,534748322,'SARNIA'),(86153,'2015-12-28','19:32:17',136,427295009,'CALEDON'),(86158,'2021-08-06','16:09:02',411,575806629,'MILTON'),(86189,'2019-02-04','16:28:03',446,546449494,'MILTON'),(86240,'2016-12-02','10:16:15',172,678538374,'AURORA'),(86249,'2007-06-25','21:12:35',210,872044176,'TORONTO'),(86296,'2016-03-15','19:34:39',445,601562304,'KLEINBURG'),(86506,'2017-12-10','09:06:21',423,766173446,'CALEDON'),(86528,'2009-03-11','03:07:40',130,865963754,'NORTH YORK'),(86554,'2020-10-26','16:45:52',56,370746977,'RICHMOND HILL'),(86610,'2007-12-27','14:54:46',362,740235314,'NORTH YORK'),(86727,'2010-12-16','20:08:38',538,650233856,'MILTON'),(86853,'2011-01-11','08:47:31',286,392691851,'MILTON'),(86859,'2017-10-31','22:04:39',234,547859103,'PARKDALE'),(86956,'2019-08-26','04:19:24',164,589549268,'BARRIE'),(87048,'2019-01-13','22:32:19',550,465425655,'MILTON'),(87135,'2010-01-14','07:05:39',64,664755712,'TORONTO'),(87155,'2016-06-03','23:36:48',44,502936317,'BARRIE'),(87233,'2009-06-08','07:53:28',452,598049421,'PARKDALE'),(87235,'2019-03-16','04:27:51',338,530184671,'VAUGHN'),(87340,'2015-10-09','02:17:12',565,341692040,'OSHAWA'),(87413,'2012-01-18','03:51:46',322,494236484,'KLEINBURG'),(87454,'2011-12-07','17:14:41',579,390817670,'SARNIA'),(87481,'2011-09-03','07:01:52',284,439248696,'NORTH YORK'),(87496,'2014-03-11','12:08:35',393,357282590,'BRAMPTON'),(87547,'2019-12-13','20:52:40',406,451278062,'WHITBY'),(87568,'2016-05-31','16:11:54',180,465425655,'OAKVILLE'),(87631,'2011-10-05','11:21:36',344,393684226,'MARKHAM'),(87650,'2011-12-05','17:26:36',379,661210162,'ORANGEVILLE'),(87734,'2007-11-27','22:49:30',541,585105511,'AURORA'),(87852,'2012-02-23','21:12:10',447,560400879,'OSHAWA'),(87854,'2006-04-08','01:28:49',370,656705370,'MISSISSAUGA'),(87877,'2012-10-13','14:18:00',129,664755712,'AURORA'),(87882,'2008-08-12','05:05:16',454,356821895,'BARRIE'),(87969,'2012-03-29','20:48:02',586,812310360,'MILTON'),(88161,'2018-07-31','19:10:50',502,436034617,'LONDON'),(88211,'2012-01-15','14:49:35',524,463511955,'SARNIA'),(88231,'2017-04-30','19:54:08',92,367669545,'AJAX'),(88244,'2006-01-13','12:07:02',510,553626824,'TORONTO'),(88380,'2015-01-30','15:07:34',201,379264145,'WINDSOR'),(88455,'2014-12-02','15:21:35',226,531893260,'BARRIE'),(88489,'2011-03-21','08:56:55',36,689237716,'PARKDALE'),(88562,'2010-01-23','08:23:30',274,550543903,'AURORA'),(88679,'2017-02-25','06:43:43',40,579447638,'MISSISSAUGA'),(88695,'2010-01-10','00:15:16',113,422559112,'WINDSOR'),(88704,'2014-09-23','20:26:00',492,422559112,'KLEINBURG'),(88752,'2020-05-10','00:31:36',315,435208694,'CALEDON'),(88792,'2018-02-04','15:23:59',443,386464555,'KLEINBURG'),(88826,'2016-03-19','01:54:49',79,658384984,'MILTON'),(88960,'2012-07-12','07:01:22',277,686027473,'SCARBOROUGH'),(89037,'2013-07-28','07:45:25',214,491639191,'WINDSOR'),(89098,'2007-06-07','10:11:23',418,827070246,'CALEDON'),(89121,'2008-02-04','15:53:08',216,688839658,'MARKHAM'),(89146,'2017-07-20','08:00:32',251,659316398,'NORTH YORK'),(89177,'2012-08-01','14:30:58',540,763175877,'LONDON'),(89237,'2012-01-01','19:14:59',158,596000845,'BARRIE'),(89399,'2011-12-04','15:35:27',326,780036786,'ORANGEVILLE'),(89404,'2021-03-07','13:27:00',421,501270801,'PICKERING'),(89463,'2012-01-28','12:41:56',141,553626824,'SCARBOROUGH'),(89532,'2006-11-10','23:47:50',390,399218880,'BRAMPTON'),(89541,'2015-02-06','16:10:09',564,508735127,'MISSISSAUGA'),(89573,'2016-03-12','22:55:55',270,865963754,'PICKERING'),(89621,'2015-01-12','23:47:22',157,678538374,'MISSISSAUGA'),(89628,'2008-09-09','00:21:27',524,660248589,'AURORA'),(89634,'2019-09-07','03:05:33',86,664755712,'SARNIA'),(89750,'2012-10-25','18:12:31',315,415736575,'MISSISSAUGA'),(89765,'2017-07-29','20:29:11',143,791799673,'CALEDON'),(89838,'2011-09-24','00:25:19',460,689681130,'MARKHAM'),(89862,'2017-02-14','19:52:18',224,627999109,'AJAX'),(89875,'2013-09-17','18:01:24',269,456848298,'AJAX'),(89986,'2011-06-04','12:35:16',93,514873028,'KLEINBURG'),(89992,'2015-06-29','01:30:30',384,760094267,'PARKDALE'),(90012,'2018-05-17','10:49:00',65,601626159,'BURLINGTON'),(90109,'2017-10-27','12:22:01',371,430561757,'RICHMOND HILL'),(90132,'2006-09-26','06:04:20',372,758079313,'PICKERING'),(90140,'2006-07-23','17:53:31',384,873972953,'CALEDON'),(90156,'2010-06-13','21:35:44',198,729807996,'MILTON'),(90193,'2011-07-16','14:06:42',145,545596965,'BARRIE'),(90289,'2012-01-03','16:46:30',417,742067236,'RICHMOND HILL'),(90344,'2009-04-06','00:41:43',200,399218880,'KLEINBURG'),(90414,'2009-09-03','23:44:57',206,517585068,'OAKVILLE'),(90440,'2007-02-11','17:40:22',414,866217237,'OAKVILLE'),(90448,'2011-01-14','01:38:30',440,721456494,'BRAMPTON'),(90475,'2013-08-31','04:12:47',112,545596965,'BRAMPTON'),(90492,'2007-07-03','00:58:10',306,484198099,'SCARBOROUGH'),(90520,'2016-05-29','06:10:54',84,502936317,'PARKDALE'),(90759,'2021-07-24','10:41:57',344,703714694,'AJAX'),(90784,'2011-03-13','03:46:01',170,370746977,'NORTH YORK'),(90812,'2007-12-12','16:59:25',86,760117004,'MISSISSAUGA'),(90859,'2017-03-25','19:29:09',406,579447638,'MISSISSAUGA'),(90903,'2016-12-22','20:30:44',559,840454258,'AJAX'),(90919,'2008-09-19','00:02:57',344,546449494,'OSHAWA'),(90932,'2019-07-16','09:01:51',472,546449494,'TORONTO'),(91141,'2011-05-09','12:40:43',170,560494271,'AURORA'),(91246,'2017-04-22','14:40:42',301,327846608,'AURORA'),(91346,'2013-10-22','19:30:00',206,432799565,'NORTH YORK'),(91397,'2007-02-18','13:27:34',522,727708210,'TORONTO'),(91581,'2018-03-26','10:53:50',190,742067236,'BARRIE'),(91590,'2018-06-20','22:21:31',598,491639191,'MILTON'),(91683,'2015-03-04','16:29:58',324,866217237,'PICKERING'),(91792,'2011-11-13','13:14:52',238,326923207,'SARNIA'),(91881,'2012-01-19','03:44:09',22,664755712,'KLEINBURG'),(91960,'2008-11-15','13:56:00',381,793807160,'WHITBY'),(91985,'2015-11-28','22:10:06',400,554485563,'AURORA'),(92019,'2014-05-27','21:15:04',262,397642733,'OAKVILLE'),(92114,'2018-08-01','22:02:47',436,470061419,'MARKHAM'),(92185,'2019-10-18','06:12:37',112,416876463,'BURLINGTON'),(92293,'2019-05-26','08:35:41',190,800221423,'AURORA'),(92294,'2010-03-06','22:52:21',529,528449720,'BURLINGTON'),(92374,'2008-08-23','06:07:04',200,451278062,'WHITBY'),(92458,'2009-08-28','22:14:36',41,405728006,'ORANGEVILLE'),(92515,'2007-11-19','10:17:46',229,517592976,'KLEINBURG'),(92568,'2014-10-05','23:58:58',588,622768431,'SARNIA'),(92631,'2016-11-24','01:42:09',531,585391713,'BRAMPTON'),(92674,'2017-12-26','14:41:48',124,802729417,'RICHMOND HILL'),(93006,'2013-11-06','14:30:49',430,385796716,'NEWMARKET'),(93022,'2021-08-13','20:01:23',80,516961334,'MISSISSAUGA'),(93046,'2021-08-18','18:31:09',570,401271769,'BARRIE'),(93101,'2017-01-24','05:29:28',154,840454258,'WHITBY'),(93213,'2014-11-28','06:45:29',106,553626824,'PICKERING'),(93249,'2013-01-15','11:54:57',556,350761179,'MARKHAM'),(93282,'2018-02-16','08:13:07',370,714152849,'ORANGEVILLE'),(93378,'2020-05-21','11:49:48',45,430561757,'OAKVILLE'),(93390,'2009-03-22','21:20:14',102,546853549,'SCARBOROUGH'),(93398,'2017-05-11','11:49:32',210,689948182,'SARNIA'),(93403,'2014-03-21','14:45:38',366,659316398,'TORONTO'),(93569,'2009-08-28','05:10:02',466,585391713,'ORANGEVILLE'),(93602,'2015-05-01','05:18:49',151,518176986,'WHITBY'),(93652,'2010-09-08','19:56:10',317,766173446,'WHITBY'),(93723,'2008-09-18','10:35:33',520,689948182,'SCARBOROUGH'),(93813,'2020-05-20','16:30:43',16,873972953,'TORONTO'),(93890,'2008-01-18','19:33:34',237,554583510,'SCARBOROUGH'),(93907,'2007-09-29','04:02:37',293,439248696,'MISSISSAUGA'),(94090,'2021-05-31','03:07:10',465,651950090,'AJAX'),(94105,'2011-03-17','03:29:41',143,842456178,'PARKDALE'),(94273,'2006-06-23','11:49:07',451,327846608,'BARRIE'),(94301,'2008-11-11','11:25:38',559,415736575,'OAKVILLE'),(94559,'2010-07-15','08:25:56',345,676570350,'WINDSOR'),(94578,'2006-12-10','16:12:44',475,827070246,'VAUGHN'),(94632,'2016-09-08','17:41:51',517,393684226,'WINDSOR'),(94700,'2018-09-30','15:19:47',391,766173446,'ORANGEVILLE'),(94801,'2006-10-13','14:33:04',63,660248589,'PICKERING'),(94827,'2014-02-07','07:30:05',480,661210162,'SCARBOROUGH'),(94953,'2009-09-25','22:27:39',51,571656440,'PICKERING'),(94989,'2010-06-04','18:36:51',242,810862099,'NEWMARKET'),(95014,'2009-06-09','09:05:04',48,528449720,'SARNIA'),(95092,'2009-11-30','07:20:53',559,802729417,'AJAX'),(95096,'2008-11-24','00:46:42',496,491639191,'PICKERING'),(95106,'2008-05-01','02:20:29',15,546449494,'LONDON'),(95355,'2018-05-29','07:05:26',410,501270801,'AJAX'),(95565,'2017-10-04','21:27:25',486,494236484,'AURORA'),(95573,'2006-09-24','21:45:26',279,873972953,'NORTH YORK'),(95615,'2020-07-31','15:45:26',218,471579755,'RICHMOND HILL'),(95736,'2014-03-02','17:09:34',108,385687867,'VAUGHN'),(95900,'2006-07-16','22:51:13',109,385796716,'SCARBOROUGH'),(95930,'2018-09-21','07:51:41',170,758710486,'OAKVILLE'),(96044,'2011-10-17','19:24:02',104,513938920,'CALEDON'),(96097,'2016-06-06','15:58:16',83,601626159,'TORONTO'),(96148,'2014-08-14','21:00:04',231,440900211,'OSHAWA'),(96306,'2020-03-04','13:23:53',283,864601969,'WHITBY'),(96409,'2020-02-13','11:29:29',24,368404704,'MARKHAM'),(96419,'2019-05-29','16:55:32',418,501362938,'BURLINGTON'),(96438,'2009-12-23','04:27:50',505,571656440,'KLEINBURG'),(96488,'2007-09-28','18:25:09',61,517585068,'PARKDALE'),(96503,'2021-06-04','05:11:45',256,570444075,'VAUGHN'),(96554,'2013-11-15','03:47:34',545,401638655,'MISSISSAUGA'),(96643,'2008-02-04','15:20:50',159,808888198,'AURORA'),(96667,'2012-12-02','06:41:14',521,710961206,'MILTON'),(96668,'2016-02-10','21:16:26',217,463511955,'AURORA'),(96678,'2006-03-25','13:30:18',182,341624401,'VAUGHN'),(96698,'2008-03-18','11:18:59',435,393265782,'MISSISSAUGA'),(96769,'2007-09-30','23:30:47',537,447113136,'WINDSOR'),(96817,'2017-06-04','13:32:22',56,437232463,'BRAMPTON'),(96821,'2016-06-27','17:32:32',316,379371696,'OSHAWA'),(96853,'2016-05-23','01:37:30',169,327846608,'LONDON'),(97190,'2017-08-14','11:41:16',48,365782684,'PARKDALE'),(97226,'2014-06-22','18:11:53',160,686027473,'WINDSOR'),(97300,'2017-10-17','06:18:39',517,618234805,'VAUGHN'),(97314,'2011-05-08','01:47:10',178,356190816,'ORANGEVILLE'),(97485,'2011-12-13','20:48:21',589,357282590,'WHITBY'),(97522,'2016-10-10','04:43:56',39,800221423,'OSHAWA'),(97689,'2008-04-14','01:13:00',260,883635201,'BARRIE'),(97727,'2012-05-05','22:59:35',482,393265782,'ORANGEVILLE'),(97743,'2007-04-13','10:02:29',361,483128742,'WHITBY'),(97803,'2014-05-16','14:40:15',482,791799673,'WHITBY'),(97841,'2012-07-27','10:25:15',168,545596965,'AURORA'),(97854,'2016-12-24','01:58:45',403,401271769,'LONDON'),(97887,'2009-02-23','09:01:46',213,357282590,'NEWMARKET'),(97985,'2021-05-20','02:28:00',301,545596965,'BARRIE'),(98075,'2014-07-05','22:48:49',368,575806629,'OSHAWA'),(98197,'2011-07-03','09:59:11',230,883635201,'SARNIA'),(98287,'2015-11-28','20:03:18',561,873972953,'AURORA'),(98524,'2013-10-14','02:55:37',475,706654055,'TORONTO'),(98631,'2014-12-02','07:33:25',456,466886054,'LONDON'),(98648,'2006-09-12','23:54:51',247,531893260,'CALEDON'),(98674,'2007-01-31','13:50:16',537,579447638,'CALEDON'),(98785,'2015-07-23','14:11:08',20,390266168,'MISSISSAUGA'),(98909,'2008-09-04','22:07:08',296,585105511,'TORONTO'),(98941,'2012-10-24','01:54:53',389,889126637,'BURLINGTON'),(99087,'2017-07-09','10:54:52',450,507354350,'BURLINGTON'),(99162,'2020-09-16','02:46:11',413,551934630,'AURORA'),(99310,'2012-07-01','07:42:30',463,355238043,'OAKVILLE'),(99390,'2006-05-31','00:51:49',116,689237716,'OAKVILLE'),(99470,'2006-08-09','12:26:55',412,356190816,'KLEINBURG'),(99500,'2014-11-01','19:20:55',293,772359989,'BRAMPTON'),(99512,'2008-01-17','10:31:32',241,371235307,'OSHAWA'),(99563,'2019-12-16','10:32:35',240,586309450,'PARKDALE'),(99584,'2020-07-20','02:22:00',343,437969511,'ORANGEVILLE'),(99595,'2008-10-05','18:38:49',598,779000150,'MISSISSAUGA'),(99683,'2020-09-25','16:54:45',470,517410254,'KLEINBURG'),(99787,'2017-07-09','22:22:28',342,524257415,'KLEINBURG'),(99839,'2008-06-02','05:48:06',408,571656440,'BRAMPTON'),(99863,'2014-09-29','00:19:55',451,830318938,'BARRIE'),(99967,'2021-01-01','06:26:36',140,402980232,'CALEDON'),(99999,'2014-08-31','13:14:47',344,660248589,'SARNIA');
/*!40000 ALTER TABLE `report` ENABLE KEYS */;
UNLOCK TABLES;

--
-- Table structure for table `station`
--

DROP TABLE IF EXISTS `station`;
/*!40101 SET @saved_cs_client     = @@character_set_client */;
/*!50503 SET character_set_client = utf8mb4 */;
CREATE TABLE `station` (
  `stationNo` int NOT NULL,
  `noOfOfficers` int NOT NULL,
  `city` varchar(50) NOT NULL,
  PRIMARY KEY (`stationNo`),
  KEY `cityname_idx` (`city`),
  KEY `idx_station_stationNo` (`stationNo`),
  CONSTRAINT `cityname` FOREIGN KEY (`city`) REFERENCES `area` (`city`)
) ENGINE=InnoDB DEFAULT CHARSET=utf8mb4 COLLATE=utf8mb4_0900_ai_ci;
/*!40101 SET character_set_client = @saved_cs_client */;

--
-- Dumping data for table `station`
--

LOCK TABLES `station` WRITE;
/*!40000 ALTER TABLE `station` DISABLE KEYS */;
INSERT INTO `station` VALUES (1,10,'AJAX'),(2,10,'AURORA'),(3,10,'BARRIE'),(4,10,'BRAMPTON'),(5,10,'BURLINGTON'),(6,10,'CALEDON'),(7,10,'KLEINBURG'),(8,10,'LONDON'),(9,10,'MARKHAM'),(10,10,'MILTON'),(11,10,'MISSISSAUGA'),(12,10,'NEWMARKET'),(13,10,'NORTH YORK'),(14,10,'OAKVILLE'),(15,10,'ORANGEVILLE'),(16,10,'OSHAWA'),(17,10,'PARKDALE'),(18,10,'PICKERING'),(19,10,'RICHMOND HILL'),(20,10,'SARNIA'),(21,10,'SCARBOROUGH'),(22,10,'TORONTO'),(23,10,'VAUGHN'),(24,10,'WHITBY'),(25,10,'WINDSOR');
/*!40000 ALTER TABLE `station` ENABLE KEYS */;
UNLOCK TABLES;

--
-- Table structure for table `storage`
--

DROP TABLE IF EXISTS `storage`;
/*!40101 SET @saved_cs_client     = @@character_set_client */;
/*!50503 SET character_set_client = utf8mb4 */;
CREATE TABLE `storage` (
  `storageNo` int NOT NULL,
  `storageSize` varchar(100) DEFAULT NULL,
  `stationNo` int NOT NULL,
  PRIMARY KEY (`storageNo`),
  KEY `idx_storage_storageNo` (`storageNo`),
  KEY `idx_storage_stationNo` (`stationNo`),
  CONSTRAINT `stationNumber` FOREIGN KEY (`stationNo`) REFERENCES `station` (`stationNo`)
) ENGINE=InnoDB DEFAULT CHARSET=utf8mb4 COLLATE=utf8mb4_0900_ai_ci;
/*!40101 SET character_set_client = @saved_cs_client */;

--
-- Dumping data for table `storage`
--

LOCK TABLES `storage` WRITE;
/*!40000 ALTER TABLE `storage` DISABLE KEYS */;
INSERT INTO `storage` VALUES (1,'15963',13),(2,'14503',25),(3,'19611',12),(4,'3311',21),(5,'18621',4),(6,'19761',17),(7,'5089',6),(8,'13388',12),(9,'9805',14),(10,'7716',24),(11,'11513',20),(12,'4636',23),(13,'7205',8),(14,'4424',1),(15,'14700',11),(16,'5314',25),(17,'15402',20),(18,'11193',1),(19,'15418',19),(20,'4270',11),(21,'15100',5),(22,'16243',25),(23,'9886',15),(24,'18822',12),(25,'18595',8),(26,'11002',16),(27,'10912',17),(28,'19428',2),(29,'8973',18),(30,'9266',8),(31,'18038',14),(32,'16169',3),(33,'10814',14),(34,'11933',19),(35,'6405',4),(36,'13579',18),(37,'3727',16),(38,'8321',21),(39,'3864',9),(40,'16400',16),(41,'4374',24),(42,'17338',11),(43,'8020',23),(44,'14326',22),(45,'18235',13),(46,'19659',7),(47,'6993',2),(48,'11048',15),(49,'17101',5),(50,'7465',9),(51,'6128',7),(52,'2568',10),(53,'11718',10),(54,'3623',10),(55,'3493',17),(56,'16856',18),(57,'12700',21),(58,'13564',6),(59,'17645',2),(60,'4601',24),(61,'19250',4),(62,'11418',6),(63,'15814',5),(64,'12908',7),(65,'7069',9),(66,'12131',23),(67,'7118',1),(68,'14667',3),(69,'3648',22),(70,'11569',19),(71,'16554',13),(72,'3273',20),(73,'10064',15),(74,'18906',3),(75,'9303',22);
/*!40000 ALTER TABLE `storage` ENABLE KEYS */;
UNLOCK TABLES;

--
-- Table structure for table `witness_statement`
--

DROP TABLE IF EXISTS `witness_statement`;
/*!40101 SET @saved_cs_client     = @@character_set_client */;
/*!50503 SET character_set_client = utf8mb4 */;
CREATE TABLE `witness_statement` (
  `comment` text,
  `date` date NOT NULL,
  `time` time NOT NULL,
  `caseID` int NOT NULL,
  `socialInsuranceNumber` int NOT NULL,
  PRIMARY KEY (`date`,`time`,`socialInsuranceNumber`),
  UNIQUE KEY `socialInsurancenNumber_UNIQUE` (`socialInsuranceNumber`),
  UNIQUE KEY `caseID_UNIQUE` (`caseID`),
  KEY `socialInsuranceNumber_idx` (`socialInsuranceNumber`),
  CONSTRAINT `socialInsuranceNumber` FOREIGN KEY (`socialInsuranceNumber`) REFERENCES `people` (`socialInsuranceNumber`),
  CONSTRAINT `witnessCaseID` FOREIGN KEY (`caseID`) REFERENCES `report` (`caseID`)
) ENGINE=InnoDB DEFAULT CHARSET=utf8mb4 COLLATE=utf8mb4_0900_ai_ci;
/*!40101 SET character_set_client = @saved_cs_client */;

--
-- Dumping data for table `witness_statement`
--

LOCK TABLES `witness_statement` WRITE;
/*!40000 ALTER TABLE `witness_statement` DISABLE KEYS */;
INSERT INTO `witness_statement` VALUES ('0','2006-07-23','13:09:42',36500,828844737),('0','2006-08-23','19:04:08',32917,573896844),('0','2006-09-05','06:46:40',78405,812434784),('0','2006-09-06','08:01:23',31381,649165632),('0','2006-11-11','20:01:15',42651,581712780),('0','2006-12-15','07:29:12',82995,868131598),('0','2007-01-04','01:28:00',69535,397780643),('0','2007-02-20','15:16:54',43218,836759998),('0','2007-02-21','05:13:36',76093,717015853),('0','2007-03-29','09:59:24',91346,519466803),('0','2007-05-10','06:25:26',59250,833935709),('0','2007-10-09','12:54:09',87413,533116434),('0','2007-10-25','02:54:34',92294,743688523),('0','2007-11-06','17:40:49',67841,483776076),('0','2007-11-12','01:37:39',50663,350484465),('0','2007-12-02','15:19:50',59667,792917963),('0','2008-03-28','14:22:51',91581,508408069),('0','2008-04-01','14:04:12',99595,656127785),('0','2008-05-03','19:25:50',24275,764884645),('0','2008-05-15','02:25:06',27160,639565365),('0','2008-06-09','07:00:32',63374,764353413),('0','2008-07-11','02:59:03',68452,581105990),('0','2008-07-30','13:58:25',72739,768607571),('0','2008-07-31','17:44:32',80982,731178874),('0','2008-09-13','00:44:58',64676,327519267),('0','2008-09-20','03:59:51',51404,371983132),('0','2009-02-01','01:42:13',47343,496796581),('0','2009-04-24','17:51:54',99470,670014154),('0','2009-05-19','19:38:30',90492,408083999),('0','2009-06-13','04:21:48',70564,392963197),('0','2009-07-24','15:16:32',77895,411712831),('0','2009-08-17','12:57:08',43998,408285670),('0','2009-08-30','09:26:09',65731,878964914),('0','2009-09-01','13:42:52',90448,813022337),('0','2009-09-08','10:48:37',70393,432725302),('0','2009-10-07','21:55:31',77967,773693876),('0','2009-11-24','20:57:45',83606,485633004),('0','2009-12-09','18:07:47',94559,887815143),('0','2010-02-10','21:52:17',75849,335906980),('0','2010-02-23','09:43:49',89750,468548158),('0','2010-03-17','16:57:18',65820,334279932),('0','2010-05-02','11:18:47',33098,422690926),('0','2010-05-07','23:30:41',35967,410355878),('0','2010-07-13','17:28:36',38698,448140174),('0','2010-07-21','05:30:40',21381,794984724),('0','2010-08-08','21:42:33',79423,761789490),('0','2010-08-10','23:08:50',36763,525973444),('0','2010-08-16','17:38:21',37045,589632348),('0','2010-09-04','07:02:59',88380,418941955),('0','2010-11-05','18:55:57',86240,880099900),('0','2010-11-13','20:31:25',80173,565591256),('0','2011-01-08','17:31:13',54343,673324561),('0','2011-01-17','17:54:37',78157,451839619),('0','2011-02-10','12:47:28',37989,362980901),('0','2011-02-27','13:41:40',79194,382194738),('0','2011-03-19','15:58:23',51166,618056466),('0','2011-05-17','13:39:57',68746,395500476),('0','2011-07-05','01:18:57',62974,525686722),('0','2011-08-12','04:20:52',21538,552260723),('0','2011-10-11','18:41:29',83157,815061832),('0','2011-12-04','20:59:59',76850,357623594),('0','2011-12-26','17:19:15',38723,564809088),('0','2012-01-13','01:27:03',44831,720167936),('0','2012-01-23','14:51:26',43936,822751832),('0','2012-04-14','23:33:20',39875,685348382),('0','2012-05-14','03:10:25',20440,340035589),('0','2012-05-25','15:02:07',28196,614437387),('0','2012-06-03','01:52:59',35051,488063328),('0','2012-07-04','08:22:20',90475,720604387),('0','2012-10-30','07:54:59',39718,813213662),('0','2012-11-05','01:06:26',57259,339575345),('0','2012-11-29','22:43:12',93213,546499028),('0','2012-12-25','19:33:07',41291,765472579),('0','2013-01-06','22:09:33',69795,854132051),('0','2013-01-27','04:58:18',58769,597053986),('0','2013-02-20','12:33:59',65157,662729806),('0','2013-03-27','11:26:49',29479,477375312),('0','2013-04-30','12:55:59',21216,459185659),('0','2013-05-01','09:20:24',95736,833286335),('0','2013-05-02','01:06:07',66608,485862048),('0','2013-05-10','19:47:45',70319,438513612),('0','2013-08-06','13:57:40',24841,785417332),('0','2013-09-26','06:14:30',29804,848422387),('0','2014-01-26','13:31:05',85373,870553552),('0','2014-04-11','20:25:34',29145,571013194),('0','2014-05-25','08:44:47',32028,867914300),('0','2014-07-06','05:06:15',89634,766856984),('0','2014-08-10','18:33:26',61578,333163112),('0','2014-10-12','16:28:42',46257,817815813),('0','2015-07-22','11:36:15',37602,462671869),('0','2015-07-30','00:48:14',76019,863923991),('0','2015-08-12','23:47:49',28949,579587898),('0','2015-08-26','02:57:35',39847,466498449),('0','2015-09-26','04:40:06',25712,667430054),('0','2015-11-23','18:40:29',58879,390316657),('0','2015-12-25','02:11:24',37134,667027529),('0','2016-01-14','19:01:56',78429,404627793),('0','2016-04-29','10:00:53',75355,659780947),('0','2016-05-21','11:00:06',66233,880361281),('0','2016-06-18','07:38:10',70703,866669295),('0','2016-07-28','22:29:52',84373,416750427),('0','2016-09-03','10:17:59',51840,590087373),('0','2016-09-05','00:10:17',80044,604432422),('0','2016-10-25','10:46:26',94827,815548927),('0','2016-11-21','17:56:21',81968,599846988),('0','2016-12-03','08:29:29',70474,821257804),('0','2016-12-10','02:37:30',26390,741885910),('0','2017-01-14','11:01:59',43361,695448520),('0','2017-05-19','15:00:57',45019,725214918),('0','2017-05-21','08:48:21',37820,533587547),('0','2017-06-08','02:51:45',93101,868387205),('0','2017-07-01','04:37:23',86296,489209206),('0','2017-07-05','18:08:31',73698,506653029),('0','2017-08-05','08:19:45',83294,337532899),('0','2017-08-23','16:46:28',79477,734592255),('0','2017-10-07','11:35:30',51893,745784910),('0','2018-02-07','01:28:33',68943,731932681),('0','2018-02-09','17:16:05',23169,768830967),('0','2018-03-13','23:45:17',62257,833852622),('0','2018-04-03','08:59:06',36514,540951313),('0','2018-04-23','00:21:54',38258,748821584),('0','2018-05-15','14:18:06',28288,576881173),('0','2018-05-20','12:44:09',64445,802064636),('0','2018-06-02','17:13:18',63414,850841286),('0','2018-08-20','07:29:11',55289,849895855),('0','2018-09-10','20:59:31',71367,325980901),('If he was lucky enough to avoid the electric chair, Weinberger was a likely candidate for a life sentence without the possibility of parole, which was the mandatory punishment for a murder that took place during a robbery.','2019-01-05','17:08:40',77220,680983306),('And what business owner would set up shop in a neighborhood where he is under constant threat of vandalism, robbery, and murder?','2019-01-06','15:30:07',52162,888953408),('Murder, rape, robbery, and a 1-in-14 chance of being a victim, all just a 10-minute walk from Ballou.','2019-01-08','04:53:48',79390,867654674),('Murder and robbery are criminal acts.','2019-01-09','03:34:51',82643,605461867),('A thief and a murderer are treated the same if the thief is HIV positive, where otherwise the thief might have been eligible for imprisonment in say, a medium-security facility.','2019-01-10','19:37:15',53398,383970517),('Maybe it\'s a sign of the times that gender is no bar when it comes to murder, robbery and other crimes.\" Meanwhile, another 41 gang members were arrested by Brooklyn authorities in Bushwick.','2019-01-11','10:16:41',60251,656775723),('The evidence hidden by the state were blood samples -- not from Thompson\'s blood -- found at the scene of the robbery.','2019-01-12','06:47:28',32112,636057379),('He killed Tom AND Johnny, a park ranger I USED TO BABYSIT (who, I might add, grew up quite nicely.) Armed robbery I could deal with, but not murder.','2019-01-14','08:55:52',37126,507955340),('He and his wife had two life insurances policies on their son.  Harris faces eight criminal counts: malice murder, cruelty to children in the first degree, cruelty to children in the second degree, criminal attempt to commit felony exploitation of children, two counts of felony murder, and two counts of dissemination of harmful material to minors.','2019-01-18','11:34:23',90759,329535483),('Our report looks at reducing the length of stay for some of the more serious crimes such as robbery, murder, aggravated assault, serious burglary, and that’s how we get to our 39 percent unnecessarily incarcerated number.','2019-01-20','11:13:55',59773,682161848),('On the one hand, it presents us yet again with the robbery-murder of young Bruce Wayne’s parents, perhaps the scene in all popular cinema that least needed to be portrayed anew.','2019-01-21','11:19:28',55227,479371313),('Our report looks at reducing the length of stay for some of the more serious crimes such as robbery, murder, aggravated assault, serious burglary, and that’s how we get to our 39 percent unnecessarily incarcerated number.','2019-01-25','02:08:37',72753,792570311),('He did what their distracted, overworked, and somewhat traumatized parents couldn’t do, Rayna says, which was “really connect to us.” In November 2012, a jury convicted Brogan Rafferty of two dozen criminal counts, including murder, robbery, and kidnapping.','2019-01-25','11:48:27',68265,866138454),('he quickly admitted his role in the robbery-murder of 87-year-old Vincent Morelli in his own home, a crime that had happened five days before Langley\'s killing.','2019-01-26','07:33:21',90520,564111758),('Belmokhtar has compiled an extensive dossier of illegal activity, according to the UN, including kidnappings, gunrunning, robbery, \"forming terrorist groups,\" and murder.','2019-01-26','19:18:09',88695,515907725),('@MikeGrunwald I am perplexed as to your motive to publicly incite the murder Julian who us not charged with any criminal offence #Assange @MikeGrunwald You will get more journalistic kudos by being well informed than by inciting the murder of a successful journalist.','2019-01-28','20:20:13',31575,632097324),('I think it was the opposite, personally--murder disguised as robbery.','2019-02-02','06:57:54',69012,633761895),('On the one hand, it presents us yet again with the robbery-murder of young Bruce Wayne’s parents, perhaps the scene in all popular cinema that least needed to be portrayed anew.','2019-02-04','03:09:49',88826,659098010),('If district attorneys can get a single conviction—for the robbery, for murder, for attempted murder, or for the hit-and-run—Knight is likely to end his life in jail.','2019-02-11','07:30:17',65626,690014082),('Our report looks at reducing the length of stay for some of the more serious crimes such as robbery, murder, aggravated assault, serious burglary, and that’s how we get to our 39 percent unnecessarily incarcerated number.','2019-02-14','12:49:32',29939,584405128),('The sharpest increase during the past decade was in aggravated assaults, followed by a rise in reports of robbery, murder, and rape.','2019-02-14','16:53:20',66310,504589516),('And what business owner would set up shop in a neighborhood where he is under constant threat of vandalism, robbery, and murder?','2019-02-14','20:16:53',61093,883191173),('Maybe it\'s a sign of the times that gender is no bar when it comes to murder, robbery and other crimes.\" Meanwhile, another 41 gang members were arrested by Brooklyn authorities in Bushwick.','2019-02-15','03:56:54',50842,476210809),('Last September, as Arizona was preparing to execute Jeffrey Landrigan for the murder of a man during an armed robbery, the state found it there was no sodium thiopental domestically.','2019-02-16','16:32:28',52974,610216489),('[...] Ebel has a criminal record dating to 2003 that includes convictions on robbery, menacing and weapons charges.','2019-02-17','10:39:43',85532,743245997),('Last September, as Arizona was preparing to execute Jeffrey Landrigan for the murder of a man during an armed robbery, the state found it there was no sodium thiopental domestically.','2019-02-19','08:22:02',97841,353640605),('He was arrested and, a year later, was convicted on 12 criminal counts, including armed robbery, kidnapping, and assault with a deadly weapon.','2019-02-20','15:36:52',75724,757029395),('On the one hand, it presents us yet again with the robbery-murder of young Bruce Wayne’s parents, perhaps the scene in all popular cinema that least needed to be portrayed anew.','2019-02-25','18:01:05',60125,664854068),('A thief and a murderer are treated the same if the thief is HIV positive, where otherwise the thief might have been eligible for imprisonment in say, a medium-security facility.','2019-03-02','09:28:45',87155,721004573),('The sharpest increase during the past decade was in aggravated assaults, followed by a rise in reports of robbery, murder, and rape.','2019-03-03','00:35:46',47107,397618438),('One staffer, Greg Marshburn, was in and out of prison over a period of 17 years for a number of crimes, including attempted murder and robbery.','2019-03-03','21:07:11',79391,718306667),('He was arrested and, a year later, was convicted on 12 criminal counts, including armed robbery, kidnapping, and assault with a deadly weapon.','2019-03-05','04:18:40',62882,722335907),('The corruption statute stipulates a great deal of crimes—the list begins with “murder, capital murder, arson, aggravated robbery, robbery, burglary, theft” and goes on for quite a while—but defendants in this case could likely be put behind bars if prosecutors can just prove that they were members of a criminal gang (in this case, the Cossacks or Bandidos) and that there was an agreement to commit a crime.','2019-03-05','20:36:12',45300,453179081),('he quickly admitted his role in the robbery-murder of 87-year-old Vincent Morelli in his own home, a crime that had happened five days before Langley\'s killing.','2019-03-08','09:55:45',23820,520150741),('Ford was convicted in 1985 for the murder of Isadore Rozeman, but was released after new evidence supported what he\'d been saying all along: that he wasn\'t even at the scene of the crime, and had only a tangential connection to the robbery that prompted it.','2019-03-11','19:24:14',27781,589054719),('Local law enforcement, though well-intentioned, is impotent to rid communities of gang infestation because leaders scare witnesses into silence after they commit murder, assault, or robbery.','2019-03-12','12:14:08',72547,616159997),('Our report looks at reducing the length of stay for some of the more serious crimes such as robbery, murder, aggravated assault, serious burglary, and that’s how we get to our 39 percent unnecessarily incarcerated number.','2019-03-12','17:14:13',65753,713071901),('He was arrested and, a year later, was convicted on 12 criminal counts, including armed robbery, kidnapping, and assault with a deadly weapon.','2019-03-13','07:34:06',70844,372578192),('“When you have hundreds of thousands of government regulations and now 5,000 separate, distinct federal criminal statutes, the ones that are founded in the common law, like murder and rape and robbery, there it’s presumed that people know -- you don’t have to show criminal intent there.','2019-03-14','20:21:17',25169,347266897),('Murder, rape, robbery, and a 1-in-14 chance of being a victim, all just a 10-minute walk from Ballou.','2019-03-18','02:42:01',74780,347599814),('he quickly admitted his role in the robbery-murder of 87-year-old Vincent Morelli in his own home, a crime that had happened five days before Langley\'s killing.','2019-03-19','05:18:05',29851,449451881),('Dorian Johnson, the man police have said they believe was Brown\'s accomplice in the robbery, has been cleared of criminal wrongdoing, Jackson said.','2019-03-20','14:55:06',75064,407954769),('[...] Ebel has a criminal record dating to 2003 that includes convictions on robbery, menacing and weapons charges.','2019-03-22','15:31:15',52398,792224278),('0','2019-03-25','11:18:17',83805,448122828),('The result was widespread intimidation and terror as guerrillas plundered homesteads, sacked towns, and staged ambushes that led to robbery and murder.','2019-03-26','01:26:55',39272,665251604),('Local law enforcement, though well-intentioned, is impotent to rid communities of gang infestation because leaders scare witnesses into silence after they commit murder, assault, or robbery.','2019-03-31','15:26:44',24607,850957018),('All are charged by state authorities with malice murder, felony murder, criminal gang activity, aggravated assault and using a firearm while committing a felony.','2019-04-02','06:13:23',62426,579819449),('The attacks, which ranged from a botched robbery to a kidnapping and murder, targeted employees at a Captain D\'s, a McDonald\'s and a Baskin Robbins either after closing or before opening.','2019-04-02','16:21:33',59872,405487332),('The attacks, which ranged from a botched robbery to a kidnapping and murder, targeted employees at a Captain D\'s, a McDonald\'s and a Baskin Robbins either after closing or before opening.','2019-04-04','05:08:40',43200,819161146),('The National Security Agency\'s defenders would have us believe that Snowden is a thief and a criminal at best, and perhaps a traitorous Russian spy.','2019-04-04','19:50:31',97887,650385806),('The blood libel is an anti-Semitic myth dating to the middle ages that Jews murder Christian children to use their blood in religious ceremonies;','2019-04-06','22:30:17',37788,495460336),('And for the most criminal and vicious members of society, the rationale of \"protecting\" their own rights would be a convenient justification for straight-up looting, robbery, and bloodshed.','2019-04-08','01:20:47',49694,534939737),('Glenn Ford has spent the past three decades on Louisiana\'s death row for the 1983 murder of jewelry store owner Isadore Rozeman, but according to previously undisclosed evidence in the case, Ford wasn\'t even at the scene of the robbery where the murder took place.','2019-04-10','06:46:34',23583,705210308),('Police in India have submitted 50 pages of criminal charges against five men on Thursday, including murder, rape, robbery, assault, and kidnapping for the brutal gang rape of a young woman that has generated worldwide outrage.','2019-04-17','12:28:31',97226,469731361),('The result was widespread intimidation and terror as guerrillas plundered homesteads, sacked towns, and staged ambushes that led to robbery and murder.','2019-04-20','20:42:16',77119,340739824),('0','2019-04-21','00:01:08',92631,518861787),('All are charged by state authorities with malice murder, felony murder, criminal gang activity, aggravated assault and using a firearm while committing a felony.','2019-04-22','05:17:38',22685,531591432),('Later, as she starts to cut her swathe of robbery and then murder, they fuss and expostulate, but refuse to turn her in because doing so might bring their dubious medical experiment to light.','2019-04-22','11:45:53',86071,611729000),('Last September, as Arizona was preparing to execute Jeffrey Landrigan for the murder of a man during an armed robbery, the state found it there was no sodium thiopental domestically.','2019-04-24','16:22:18',49879,822327771),('Local law enforcement, though well-intentioned, is impotent to rid communities of gang infestation because leaders scare witnesses into silence after they commit murder, assault, or robbery.','2019-04-26','01:31:29',23660,411724636),('Glenn Ford has spent the past three decades on Louisiana\'s death row for the 1983 murder of jewelry store owner Isadore Rozeman, but according to previously undisclosed evidence in the case, Ford wasn\'t even at the scene of the robbery where the murder took place.','2019-04-26','22:43:56',36601,626095295),('Last September, as Arizona was preparing to execute Jeffrey Landrigan for the murder of a man during an armed robbery, the state found it there was no sodium thiopental domestically.','2019-04-30','06:37:58',46093,816257584),('Five offenses are considered violent crimes in the FBI’s Uniform Crime Report Program: murder, non-negligent manslaughter, forcible rape, robbery, and aggravated assault.','2019-05-01','21:59:03',70051,417005959),('“I’m not going to take a chance on a person who’s been convicted of murder and aggravated robbery—when somebody died?','2019-05-03','12:49:16',96698,337843056),('Along with charges connected to the robbery, Mustelier has warrants out from an old bank robbery, and an attempted murder.','2019-05-05','14:51:15',55841,816561263),('Murder, rape, robbery, and a 1-in-14 chance of being a victim, all just a 10-minute walk from Ballou.','2019-05-06','23:11:35',99863,813581799),('Dorian Johnson, the man police have said they believe was Brown\'s accomplice in the robbery, has been cleared of criminal wrongdoing, Jackson said.','2019-05-08','02:11:36',76393,567503543),('Garner\'s arrest wasn\'t for murder or arson or bank robbery, but on suspicion of selling untaxed cigarettes—hardly the most serious of crimes.','2019-05-09','14:14:50',68109,722432958),('Frank Teague, convicted of attempted murder and robbery, challenged the prosecution’s exclusion of African Americans from the jury.','2019-05-11','02:40:27',99390,697393517),('Frank Teague, convicted of attempted murder and robbery, challenged the prosecution’s exclusion of African Americans from the jury.','2019-05-14','12:13:25',36906,664402551),('He and his wife had two life insurances policies on their son.  Harris faces eight criminal counts: malice murder, cruelty to children in the first degree, cruelty to children in the second degree, criminal attempt to commit felony exploitation of children, two counts of felony murder, and two counts of dissemination of harmful material to minors.','2019-05-15','16:47:01',75299,533637409),('All three of these men have been in the Michigan prison system for more than a decade on long sentences for murder or armed robbery, and all three are familiar with what it is like to go into segregation and have little sense of when they would be coming out.','2019-05-18','03:21:06',28004,409709720),('I think it was the opposite, personally--murder disguised as robbery.','2019-05-19','07:39:30',26495,401698352),('Last September, as Arizona was preparing to execute Jeffrey Landrigan for the murder of a man during an armed robbery, the state found it there was no sodium thiopental domestically.','2019-05-20','12:37:10',81843,652900052),('Later, as she starts to cut her swathe of robbery and then murder, they fuss and expostulate, but refuse to turn her in because doing so might bring their dubious medical experiment to light.','2019-05-22','01:33:10',50034,633708702),('Belmokhtar has compiled an extensive dossier of illegal activity, according to the UN, including kidnappings, gunrunning, robbery, \"forming terrorist groups,\" and murder.','2019-05-24','03:14:17',24426,635539029),('Garner\'s arrest wasn\'t for murder or arson or bank robbery, but on suspicion of selling untaxed cigarettes—hardly the most serious of crimes.','2019-05-25','13:17:46',60636,451429552),('Convicted of murder, and on Louisiana\'s death row for 14 years, John Thompson was just one month away from being executed when defense investigators discovered exculpatory evidence that prosecutors had failed to share with Thompson\'s lawyers in the two cases (one for armed robbery, one for murder) which led him to death row.','2019-05-26','11:19:18',39592,815685728),('All three of these men have been in the Michigan prison system for more than a decade on long sentences for murder or armed robbery, and all three are familiar with what it is like to go into segregation and have little sense of when they would be coming out.','2019-05-27','17:58:12',65920,484230289),('One staffer, Greg Marshburn, was in and out of prison over a period of 17 years for a number of crimes, including attempted murder and robbery.','2019-05-27','23:45:04',98785,504236335),('Our report looks at reducing the length of stay for some of the more serious crimes such as robbery, murder, aggravated assault, serious burglary, and that’s how we get to our 39 percent unnecessarily incarcerated number.','2019-06-02','21:00:51',89838,602032181),('The blood libel is an anti-Semitic myth dating to the middle ages that Jews murder Christian children to use their blood in religious ceremonies;','2019-06-03','08:58:25',82014,756409705),('He killed Tom AND Johnny, a park ranger I USED TO BABYSIT (who, I might add, grew up quite nicely.) Armed robbery I could deal with, but not murder.','2019-06-04','11:13:10',98524,797311127),('“I’m not going to take a chance on a person who’s been convicted of murder and aggravated robbery—when somebody died?','2019-06-04','15:31:09',55372,829514490),('Sylvanus assumed he was talking about the Langley robbery and murder;','2019-06-05','05:28:56',84886,881039994),('If he was lucky enough to avoid the electric chair, Weinberger was a likely candidate for a life sentence without the possibility of parole, which was the mandatory punishment for a murder that took place during a robbery.','2019-06-06','05:10:05',96769,491418221),('Local law enforcement, though well-intentioned, is impotent to rid communities of gang infestation because leaders scare witnesses into silence after they commit murder, assault, or robbery.','2019-06-06','05:50:13',31654,426482775),('0','2019-06-06','06:37:03',74888,362456327),('The sharpest increase during the past decade was in aggravated assaults, followed by a rise in reports of robbery, murder, and rape.','2019-06-06','19:16:46',97314,429175379),('0','2019-06-06','22:17:12',45756,398354625),('Sylvanus assumed he was talking about the Langley robbery and murder;','2019-06-07','00:18:58',84377,881587608),('@MikeGrunwald I am perplexed as to your motive to publicly incite the murder Julian who us not charged with any criminal offence #Assange @MikeGrunwald You will get more journalistic kudos by being well informed than by inciting the murder of a successful journalist.','2019-06-07','01:37:40',65000,376924936),('Belmokhtar has compiled an extensive dossier of illegal activity, according to the UN, including kidnappings, gunrunning, robbery, \"forming terrorist groups,\" and murder.','2019-06-07','11:19:03',93602,888820314),('If he was lucky enough to avoid the electric chair, Weinberger was a likely candidate for a life sentence without the possibility of parole, which was the mandatory punishment for a murder that took place during a robbery.','2019-06-10','01:54:38',36198,338890061),('Murder, rape, robbery, and a 1-in-14 chance of being a victim, all just a 10-minute walk from Ballou.','2019-06-11','23:53:23',43131,392796140),('It would cover some other crimes, considered a felony in the civilian justice system, that are punishable by a year or more in confinement—including robbery, forgery, extortion and even murder.','2019-06-16','14:07:17',37268,638725211),('The National Security Agency\'s defenders would have us believe that Snowden is a thief and a criminal at best, and perhaps a traitorous Russian spy.','2019-06-16','16:45:48',83000,402904528),('A little, old woman foiled the robbery by whacking the thief on the head with her cane.','2019-06-18','01:05:50',76527,896466646),('They have been charged with first-degree robbery and armed criminal action.','2019-06-18','01:58:52',21719,833532166),('He and his wife had two life insurances policies on their son.  Harris faces eight criminal counts: malice murder, cruelty to children in the first degree, cruelty to children in the second degree, criminal attempt to commit felony exploitation of children, two counts of felony murder, and two counts of dissemination of harmful material to minors.','2019-06-18','07:12:25',23917,533345015),('On the one hand, it presents us yet again with the robbery-murder of young Bruce Wayne’s parents, perhaps the scene in all popular cinema that least needed to be portrayed anew.','2019-06-18','07:51:26',28245,386952001),('They have been charged with first-degree robbery and armed criminal action.','2019-06-24','12:04:21',99967,603238516),('A little, old woman foiled the robbery by whacking the thief on the head with her cane.','2019-06-25','21:43:04',41614,346151223),('Convicted of murder, and on Louisiana\'s death row for 14 years, John Thompson was just one month away from being executed when defense investigators discovered exculpatory evidence that prosecutors had failed to share with Thompson\'s lawyers in the two cases (one for armed robbery, one for murder) which led him to death row.','2019-06-27','00:50:56',34281,350462737),('0','2019-07-19','22:20:33',51297,354328085),('0','2019-09-05','04:07:28',86859,819777036),('0','2019-09-12','11:18:21',86610,862572805),('0','2019-10-27','15:34:40',92674,755432632),('0','2019-11-22','20:21:53',46022,564037667),('0','2020-02-06','01:23:31',85447,426783724),('0','2020-02-29','11:07:13',33974,685574792),('0','2020-03-22','14:05:59',55670,524507024),('0','2020-06-05','13:01:42',29173,830849068),('0','2020-06-06','12:30:54',79084,840002223),('0','2020-07-09','16:25:21',96853,573463752),('0','2020-07-16','23:15:47',75749,859123058),('0','2020-09-02','13:30:28',72376,620750107),('0','2020-09-28','16:18:48',28743,333842037),('0','2020-11-28','06:56:55',81835,423106965),('0','2021-05-20','20:53:52',98909,498786416),('0','2021-05-31','22:58:49',25055,770984021),('0','2021-08-28','03:43:48',42594,428583708),('0','2021-09-23','09:12:10',45323,662699695),('0','2021-10-05','06:15:33',28003,657502609);
/*!40000 ALTER TABLE `witness_statement` ENABLE KEYS */;
UNLOCK TABLES;
/*!40103 SET TIME_ZONE=@OLD_TIME_ZONE */;

/*!40101 SET SQL_MODE=@OLD_SQL_MODE */;
/*!40014 SET FOREIGN_KEY_CHECKS=@OLD_FOREIGN_KEY_CHECKS */;
/*!40014 SET UNIQUE_CHECKS=@OLD_UNIQUE_CHECKS */;
/*!40101 SET CHARACTER_SET_CLIENT=@OLD_CHARACTER_SET_CLIENT */;
/*!40101 SET CHARACTER_SET_RESULTS=@OLD_CHARACTER_SET_RESULTS */;
/*!40101 SET COLLATION_CONNECTION=@OLD_COLLATION_CONNECTION */;
/*!40111 SET SQL_NOTES=@OLD_SQL_NOTES */;

-- Dump completed on 2021-11-26 23:24:16
